בנק ישראל - שערים יציגים;;
טווח תאריכים : 02/10/2008 - 21/10/2020;;
אם לא פורסם שער יציג ליום המבוקש, מוצג השער האחרון שפורסם לפניו;;
;;
תאריך;דולר ארצות הברית;אירו האיחוד המוניטרי האירופי
02.10.2008;3,494;4,8511
03.10.2008;3,465;4,8023
06.10.2008;3,465;4,7219
07.10.2008;3,503;4,7704
10.10.2008;3,595;4,893
13.10.2008;3,607;4,9228
15.10.2008;3,629;4,9338
16.10.2008;3,705;4,991
17.10.2008;3,739;5,0248
20.10.2008;3,749;5,055
22.10.2008;3,834;4,9426
23.10.2008;3,841;4,9244
24.10.2008;3,879;4,8567
27.10.2008;3,824;4,7655
28.10.2008;3,777;4,75
29.10.2008;3,767;4,8274
30.10.2008;3,713;4,8508
31.10.2008;3,783;4,8262
03.11.2008;3,752;4,8168
04.11.2008;3,778;4,8222
05.11.2008;3,827;4,942
06.11.2008;3,837;4,9117
07.11.2008;3,816;4,8976
10.11.2008;3,776;4,872
11.11.2008;3,796;4,8329
12.11.2008;3,876;4,8869
13.11.2008;3,928;4,9204
14.11.2008;3,883;4,9337
17.11.2008;3,915;4,9505
18.11.2008;3,964;5,0006
19.11.2008;3,969;5,0097
20.11.2008;3,998;5,0081
21.11.2008;4,022;5,0416
24.11.2008;3,993;5,0919
25.11.2008;3,969;5,0946
26.11.2008;3,89;5,027
27.11.2008;3,899;5,0313
28.11.2008;3,92;5,0433
01.12.2008;3,99;5,0298
02.12.2008;3,955;5,0092
03.12.2008;3,978;5,0344
04.12.2008;3,964;5,0065
05.12.2008;3,981;5,0819
08.12.2008;3,935;5,063
09.12.2008;3,931;5,0596
10.12.2008;3,904;5,0551
11.12.2008;3,911;5,1688
12.12.2008;3,898;5,2071
15.12.2008;3,863;5,206
16.12.2008;3,833;5,2324
17.12.2008;3,755;5,276
18.12.2008;3,677;5,3572
19.12.2008;3,736;5,2762
22.12.2008;3,835;5,3631
23.12.2008;3,835;5,3661
24.12.2008;3,873;5,4199
29.12.2008;3,848;5,5038
30.12.2008;3,765;5,3354
31.12.2008;3,802;5,2973
02.01.2009;3,783;5,2646
05.01.2009;3,853;5,2337
06.01.2009;3,861;5,1504
07.01.2009;3,857;5,2602
08.01.2009;3,888;5,2762
09.01.2009;3,861;5,2734
12.01.2009;3,895;5,2316
13.01.2009;3,915;5,2085
14.01.2009;3,889;5,1413
15.01.2009;3,885;5,0837
16.01.2009;3,861;5,0975
19.01.2009;3,84;5,0861
20.01.2009;3,888;5,0441
21.01.2009;3,903;5,0536
22.01.2009;3,945;5,1244
23.01.2009;3,974;5,1042
26.01.2009;3,995;5,1851
27.01.2009;3,98;5,252
28.01.2009;4,025;5,3426
29.01.2009;4,017;5,2777
30.01.2009;4,065;5,2349
02.02.2009;4,065;5,1949
03.02.2009;4,074;5,2377
04.02.2009;4,074;5,2286
05.02.2009;4,067;5,2165
06.02.2009;4,012;5,1297
09.02.2009;4,037;5,2281
11.02.2009;4,061;5,2566
12.02.2009;4,054;5,2017
13.02.2009;4,045;5,2237
16.02.2009;4,074;5,1978
17.02.2009;4,135;5,2231
18.02.2009;4,142;5,2216
19.02.2009;4,123;5,2234
20.02.2009;4,16;5,2376
23.02.2009;4,148;5,3235
24.02.2009;4,161;5,3203
25.02.2009;4,191;5,3534
26.02.2009;4,173;5,3354
27.02.2009;4,162;5,2739
02.03.2009;4,209;5,2987
03.03.2009;4,206;5,3002
04.03.2009;4,211;5,2804
05.03.2009;4,235;5,3145
06.03.2009;4,234;5,3662
09.03.2009;4,245;5,3413
12.03.2009;4,215;5,3838
13.03.2009;4,171;5,4019
16.03.2009;4,135;5,3879
17.03.2009;4,144;5,3652
18.03.2009;4,124;5,4057
19.03.2009;4,05;5,5108
20.03.2009;4,024;5,5032
23.03.2009;4,052;5,5042
24.03.2009;4,066;5,5066
25.03.2009;4,101;5,5288
26.03.2009;4,148;5,6402
27.03.2009;4,196;5,6921
30.03.2009;4,226;5,5673
31.03.2009;4,188;5,5736
01.04.2009;4,209;5,5866
02.04.2009;4,175;5,5818
03.04.2009;4,165;5,6111
06.04.2009;4,125;5,5733
07.04.2009;4,172;5,5285
14.04.2009;4,166;5,5416
16.04.2009;4,189;5,5154
17.04.2009;4,179;5,4776
20.04.2009;4,207;5,4533
21.04.2009;4,214;5,455
22.04.2009;4,205;5,4476
23.04.2009;4,229;5,5186
24.04.2009;4,248;5,6322
27.04.2009;4,233;5,5624
28.04.2009;4,256;5,5477
30.04.2009;4,163;5,5253
01.05.2009;4,161;5,5192
04.05.2009;4,161;5,5181
05.05.2009;4,125;5,5256
06.05.2009;4,141;5,5069
07.05.2009;4,134;5,5232
08.05.2009;4,101;5,4982
11.05.2009;4,1;5,5737
12.05.2009;4,102;5,6035
13.05.2009;4,109;5,6069
14.05.2009;4,154;5,6374
15.05.2009;4,145;5,6266
18.05.2009;4,169;5,6129
19.05.2009;4,121;5,6134
20.05.2009;4,091;5,5918
21.05.2009;4,017;5,5308
22.05.2009;3,96;5,5222
26.05.2009;4;5,5518
27.05.2009;3,992;5,5469
28.05.2009;3,958;5,4767
01.06.2009;3,887;5,5306
02.06.2009;3,911;5,5787
03.06.2009;3,932;5,5943
04.06.2009;3,967;5,5905
05.06.2009;3,931;5,5779
08.06.2009;4,005;5,5383
09.06.2009;3,967;5,5064
10.06.2009;3,914;5,514
11.06.2009;3,921;5,498
12.06.2009;3,916;5,5137
15.06.2009;3,965;5,4911
16.06.2009;3,932;5,4645
17.06.2009;3,95;5,4731
18.06.2009;3,958;5,5182
19.06.2009;3,958;5,5145
22.06.2009;3,955;5,4727
23.06.2009;3,968;5,5397
24.06.2009;3,933;5,5174
25.06.2009;3,962;5,5242
26.06.2009;3,973;5,5747
29.06.2009;3,936;5,5277
30.06.2009;3,919;5,5346
01.07.2009;3,89;5,4736
02.07.2009;3,866;5,4331
03.07.2009;3,884;5,4376
06.07.2009;3,916;5,443
07.07.2009;3,91;5,4822
08.07.2009;3,964;5,5177
09.07.2009;3,956;5,5208
10.07.2009;3,965;5,5193
13.07.2009;3,987;5,5716
14.07.2009;3,96;5,5363
15.07.2009;3,919;5,5113
16.07.2009;3,902;5,5182
17.07.2009;3,904;5,5041
20.07.2009;3,902;5,5547
21.07.2009;3,888;5,5283
22.07.2009;3,886;5,5164
23.07.2009;3,881;5,5205
24.07.2009;3,867;5,4964
27.07.2009;3,811;5,4457
28.07.2009;3,781;5,3996
29.07.2009;3,803;5,3761
31.07.2009;3,79;5,3471
03.08.2009;3,743;5,3557
04.08.2009;3,866;5,5622
05.08.2009;3,889;5,6112
06.08.2009;3,931;5,6518
07.08.2009;3,912;5,6206
10.08.2009;3,873;5,5022
11.08.2009;3,87;5,4795
12.08.2009;3,857;5,4584
13.08.2009;3,818;5,4481
14.08.2009;3,789;5,4114
17.08.2009;3,811;5,36
18.08.2009;3,824;5,3991
19.08.2009;3,832;5,4096
20.08.2009;3,811;5,4253
21.08.2009;3,818;5,4576
24.08.2009;3,804;5,4401
25.08.2009;3,796;5,44
26.08.2009;3,797;5,4196
27.08.2009;3,799;5,4168
28.08.2009;3,822;5,4798
31.08.2009;3,811;5,4419
01.09.2009;3,796;5,4317
02.09.2009;3,807;5,4132
03.09.2009;3,796;5,429
04.09.2009;3,762;5,3688
07.09.2009;3,757;5,3907
08.09.2009;3,78;5,4784
09.09.2009;3,781;5,4887
10.09.2009;3,788;5,5072
11.09.2009;3,782;5,523
14.09.2009;3,779;5,4964
15.09.2009;3,761;5,4911
16.09.2009;3,74;5,4886
17.09.2009;3,75;5,5204
21.09.2009;3,742;5,4867
22.09.2009;3,729;5,5178
23.09.2009;3,732;5,5178
24.09.2009;3,733;5,5146
25.09.2009;3,77;5,5325
29.09.2009;3,774;5,4968
30.09.2009;3,758;5,5098
01.10.2009;3,78;5,4937
02.10.2009;3,766;5,4831
05.10.2009;3,76;5,5033
06.10.2009;3,733;5,4974
07.10.2009;3,734;5,4985
08.10.2009;3,732;5,5151
09.10.2009;3,737;5,5033
12.10.2009;3,728;5,5046
13.10.2009;3,714;5,5222
14.10.2009;3,709;5,5233
15.10.2009;3,718;5,5279
16.10.2009;3,709;5,5353
19.10.2009;3,708;5,5342
20.10.2009;3,7;5,5389
21.10.2009;3,704;5,5275
22.10.2009;3,698;5,5455
23.10.2009;3,692;5,5552
26.10.2009;3,69;5,5483
27.10.2009;3,709;5,5186
28.10.2009;3,745;5,5287
29.10.2009;3,764;5,55
30.10.2009;3,746;5,5499
02.11.2009;3,775;5,5795
03.11.2009;3,806;5,5785
04.11.2009;3,793;5,5945
05.11.2009;3,792;5,6296
06.11.2009;3,771;5,6162
09.11.2009;3,741;5,6113
10.11.2009;3,759;5,6293
11.11.2009;3,749;5,6366
12.11.2009;3,769;5,6311
13.11.2009;3,774;5,6202
16.11.2009;3,753;5,6186
17.11.2009;3,768;5,6179
18.11.2009;3,77;5,6399
19.11.2009;3,793;5,6354
20.11.2009;3,811;5,6765
23.11.2009;3,801;5,6931
24.11.2009;3,777;5,6523
25.11.2009;3,762;5,662
26.11.2009;3,776;5,6901
27.11.2009;3,826;5,6898
30.11.2009;3,792;5,6977
01.12.2009;3,775;5,6895
02.12.2009;3,777;5,6984
03.12.2009;3,772;5,7023
04.12.2009;3,774;5,6869
07.12.2009;3,815;5,6437
08.12.2009;3,797;5,6167
09.12.2009;3,806;5,6089
10.12.2009;3,781;5,5721
11.12.2009;3,775;5,5644
14.12.2009;3,78;5,5315
15.12.2009;3,787;5,5031
16.12.2009;3,783;5,5105
17.12.2009;3,803;5,4603
18.12.2009;3,793;5,4574
21.12.2009;3,801;5,4563
22.12.2009;3,801;5,4254
23.12.2009;3,808;5,4274
24.12.2009;3,797;5,4675
28.12.2009;3,793;5,4634
29.12.2009;3,79;5,465
30.12.2009;3,789;5,4349
31.12.2009;3,775;5,4417
04.01.2010;3,765;5,4214
05.01.2010;3,736;5,3896
06.01.2010;3,74;5,3663
07.01.2010;3,727;5,343
08.01.2010;3,718;5,3272
11.01.2010;3,683;5,3486
12.01.2010;3,691;5,3523
13.01.2010;3,667;5,3439
14.01.2010;3,683;5,3363
15.01.2010;3,682;5,305
18.01.2010;3,687;5,3012
19.01.2010;3,69;5,2809
20.01.2010;3,704;5,2371
21.01.2010;3,715;5,2281
22.01.2010;3,727;5,2698
25.01.2010;3,722;5,2726
26.01.2010;3,733;5,2589
27.01.2010;3,729;5,2469
28.01.2010;3,728;5,2274
29.01.2010;3,724;5,2062
01.02.2010;3,735;5,1913
02.02.2010;3,707;5,1735
03.02.2010;3,704;5,1886
04.02.2010;3,722;5,1542
05.02.2010;3,747;5,1313
08.02.2010;3,732;5,0964
09.02.2010;3,728;5,1092
10.02.2010;3,749;5,1528
11.02.2010;3,739;5,1282
12.02.2010;3,739;5,0708
15.02.2010;3,752;5,1106
16.02.2010;3,744;5,1055
17.02.2010;3,738;5,1323
18.02.2010;3,749;5,0863
19.02.2010;3,76;5,0752
22.02.2010;3,766;5,1208
23.02.2010;3,767;5,1122
24.02.2010;3,772;5,1114
25.02.2010;3,785;5,105
26.02.2010;3,796;5,1519
02.03.2010;3,787;5,1352
03.03.2010;3,769;5,1405
04.03.2010;3,778;5,1687
05.03.2010;3,771;5,1246
08.03.2010;3,763;5,1399
09.03.2010;3,766;5,1088
10.03.2010;3,748;5,1005
11.03.2010;3,731;5,096
12.03.2010;3,718;5,1037
15.03.2010;3,715;5,0933
16.03.2010;3,722;5,1062
17.03.2010;3,714;5,1186
18.03.2010;3,729;5,0964
19.03.2010;3,733;5,0857
22.03.2010;3,739;5,0531
23.03.2010;3,741;5,0475
24.03.2010;3,742;4,9991
25.03.2010;3,749;5,0074
26.03.2010;3,75;5,0042
31.03.2010;3,713;4,9905
01.04.2010;3,697;4,9889
06.04.2010;3,7;4,9597
07.04.2010;3,707;4,9577
08.04.2010;3,699;4,9247
09.04.2010;3,692;4,9502
12.04.2010;3,682;5,0084
13.04.2010;3,684;5,0086
14.04.2010;3,705;5,0468
15.04.2010;3,701;5,0132
16.04.2010;3,701;5,0113
19.04.2010;3,724;5,0121
21.04.2010;3,719;4,9855
22.04.2010;3,738;4,9891
23.04.2010;3,743;4,961
26.04.2010;3,719;4,9552
27.04.2010;3,735;4,972
28.04.2010;3,749;4,9492
29.04.2010;3,728;4,9424
30.04.2010;3,716;4,9451
03.05.2010;3,73;4,9352
04.05.2010;3,737;4,9057
05.05.2010;3,75;4,8503
06.05.2010;3,772;4,8118
07.05.2010;3,803;4,8292
10.05.2010;3,748;4,8748
11.05.2010;3,757;4,7627
12.05.2010;3,748;4,7515
13.05.2010;3,753;4,7312
14.05.2010;3,759;4,7132
17.05.2010;3,778;4,6517
18.05.2010;3,759;4,6583
20.05.2010;3,819;4,7098
21.05.2010;3,822;4,7829
24.05.2010;3,811;4,711
25.05.2010;3,87;4,7212
26.05.2010;3,845;4,7294
27.05.2010;3,834;4,7122
28.05.2010;3,829;4,7564
01.06.2010;3,879;4,7083
02.06.2010;3,853;4,7082
03.06.2010;3,845;4,713
04.06.2010;3,853;4,703
07.06.2010;3,875;4,6411
08.06.2010;3,873;4,6158
09.06.2010;3,884;4,6511
10.06.2010;3,849;4,6363
11.06.2010;3,848;4,667
14.06.2010;3,825;4,6831
15.06.2010;3,819;4,6792
16.06.2010;3,819;4,6872
17.06.2010;3,818;4,7244
18.06.2010;3,814;4,7273
21.06.2010;3,814;4,7284
22.06.2010;3,841;4,7089
23.06.2010;3,86;4,7401
24.06.2010;3,867;4,7473
25.06.2010;3,864;4,7628
28.06.2010;3,888;4,8019
29.06.2010;3,888;4,7389
30.06.2010;3,875;4,7575
01.07.2010;3,883;4,7875
02.07.2010;3,89;4,8662
05.07.2010;3,886;4,8655
06.07.2010;3,888;4,8905
07.07.2010;3,894;4,9068
08.07.2010;3,866;4,8926
09.07.2010;3,866;4,9065
12.07.2010;3,866;4,8594
13.07.2010;3,86;4,8543
14.07.2010;3,859;4,9007
15.07.2010;3,859;4,9457
16.07.2010;3,858;5,0059
19.07.2010;3,859;5,0007
21.07.2010;3,862;4,942
22.07.2010;3,864;4,9751
23.07.2010;3,849;4,9814
26.07.2010;3,859;4,9824
27.07.2010;3,802;4,9599
28.07.2010;3,805;4,9471
29.07.2010;3,789;4,9577
30.07.2010;3,779;4,9237
02.08.2010;3,769;4,9259
03.08.2010;3,753;4,9725
04.08.2010;3,774;4,9864
05.08.2010;3,761;4,9651
06.08.2010;3,775;4,98
09.08.2010;3,756;4,9831
10.08.2010;3,772;4,9619
11.08.2010;3,791;4,9334
12.08.2010;3,8;4,8735
13.08.2010;3,79;4,8683
16.08.2010;3,803;4,873
17.08.2010;3,78;4,8624
18.08.2010;3,778;4,867
19.08.2010;3,785;4,8586
20.08.2010;3,794;4,843
23.08.2010;3,8;4,8304
24.08.2010;3,817;4,8176
25.08.2010;3,821;4,8236
26.08.2010;3,815;4,85
27.08.2010;3,829;4,8724
30.08.2010;3,818;4,8517
31.08.2010;3,817;4,847
01.09.2010;3,798;4,8622
02.09.2010;3,788;4,8598
03.09.2010;3,779;4,8515
06.09.2010;3,772;4,857
07.09.2010;3,782;4,8221
13.09.2010;3,77;4,8337
14.09.2010;3,772;4,8491
15.09.2010;3,754;4,8725
16.09.2010;3,733;4,8749
20.09.2010;3,728;4,8617
21.09.2010;3,716;4,8769
22.09.2010;3,694;4,9413
24.09.2010;3,693;4,9429
27.09.2010;3,681;4,9486
28.09.2010;3,677;4,9584
29.09.2010;3,665;4,9873
01.10.2010;3,645;4,9986
04.10.2010;3,628;4,9747
05.10.2010;3,618;4,9842
06.10.2010;3,601;4,9782
07.10.2010;3,591;5,0238
08.10.2010;3,601;5,0081
11.10.2010;3,599;5,0163
12.10.2010;3,62;5,0061
13.10.2010;3,593;5,016
14.10.2010;3,58;5,0444
15.10.2010;3,569;5,0294
18.10.2010;3,581;4,9796
19.10.2010;3,589;4,9744
20.10.2010;3,619;5,0096
21.10.2010;3,61;5,0643
22.10.2010;3,638;5,0606
25.10.2010;3,599;5,0465
26.10.2010;3,632;5,0567
27.10.2010;3,642;5,0236
28.10.2010;3,645;5,047
29.10.2010;3,636;5,0246
01.11.2010;3,627;5,0631
02.11.2010;3,622;5,0565
03.11.2010;3,613;5,0699
04.11.2010;3,58;5,1042
05.11.2010;3,582;5,0741
08.11.2010;3,613;5,0291
09.11.2010;3,622;5,0507
10.11.2010;3,64;5,0125
11.11.2010;3,658;5,0096
12.11.2010;3,68;5,0199
15.11.2010;3,672;5,007
16.11.2010;3,677;4,9932
17.11.2010;3,684;4,9708
18.11.2010;3,653;4,9873
19.11.2010;3,643;4,9884
22.11.2010;3,62;4,9614
23.11.2010;3,643;4,9344
24.11.2010;3,654;4,8753
25.11.2010;3,651;4,8624
26.11.2010;3,679;4,8745
29.11.2010;3,677;4,8376
30.11.2010;3,683;4,7892
01.12.2010;3,665;4,8044
02.12.2010;3,652;4,8086
03.12.2010;3,635;4,8111
06.12.2010;3,631;4,828
07.12.2010;3,623;4,8392
08.12.2010;3,642;4,8107
09.12.2010;3,628;4,7931
10.12.2010;3,616;4,7852
13.12.2010;3,611;4,7923
14.12.2010;3,592;4,8384
15.12.2010;3,584;4,7916
16.12.2010;3,598;4,7636
17.12.2010;3,588;4,7851
20.12.2010;3,606;4,7475
21.12.2010;3,598;4,7342
22.12.2010;3,596;4,7147
23.12.2010;3,595;4,7073
24.12.2010;3,592;4,7192
27.12.2010;3,583;4,7082
28.12.2010;3,57;4,7358
29.12.2010;3,577;4,6948
30.12.2010;3,56;4,719
31.12.2010;3,549;4,7379
03.01.2011;3,544;4,73
04.01.2011;3,528;4,7222
05.01.2011;3,542;4,6799
06.01.2011;3,558;4,6624
07.01.2011;3,576;4,6425
10.01.2011;3,577;4,6227
11.01.2011;3,552;4,5993
12.01.2011;3,536;4,5855
13.01.2011;3,566;4,7052
14.01.2011;3,55;4,7563
17.01.2011;3,548;4,7282
18.01.2011;3,529;4,7313
19.01.2011;3,544;4,7715
20.01.2011;3,599;4,8587
21.01.2011;3,632;4,915
24.01.2011;3,625;4,916
25.01.2011;3,618;4,9283
26.01.2011;3,6;4,9306
27.01.2011;3,656;5,018
28.01.2011;3,68;5,0482
31.01.2011;3,71;5,0816
01.02.2011;3,691;5,0823
02.02.2011;3,675;5,0693
03.02.2011;3,683;5,0682
04.02.2011;3,713;5,064
07.02.2011;3,676;4,978
08.02.2011;3,678;5,021
09.02.2011;3,665;4,9963
10.02.2011;3,688;5,0321
11.02.2011;3,693;5,0035
14.02.2011;3,667;4,9319
15.02.2011;3,65;4,9348
16.02.2011;3,611;4,883
17.02.2011;3,613;4,8956
18.02.2011;3,624;4,9228
21.02.2011;3,602;4,9229
22.02.2011;3,634;4,9702
23.02.2011;3,634;4,9922
24.02.2011;3,658;5,0349
25.02.2011;3,656;5,044
28.02.2011;3,622;5,0092
01.03.2011;3,623;5,0059
02.03.2011;3,635;5,0239
03.03.2011;3,611;5,0039
04.03.2011;3,611;5,0404
07.03.2011;3,598;5,0475
08.03.2011;3,583;4,9906
09.03.2011;3,565;4,968
10.03.2011;3,567;4,9323
11.03.2011;3,579;4,9419
14.03.2011;3,553;4,9596
15.03.2011;3,56;4,9406
16.03.2011;3,561;4,963
17.03.2011;3,562;4,9879
18.03.2011;3,554;4,9944
22.03.2011;3,524;5,0124
23.03.2011;3,536;5,0061
24.03.2011;3,546;5,0093
25.03.2011;3,555;5,0399
28.03.2011;3,54;4,967
29.03.2011;3,525;4,9609
30.03.2011;3,511;4,9488
31.03.2011;3,481;4,9495
01.04.2011;3,473;4,919
04.04.2011;3,465;4,9262
05.04.2011;3,468;4,9119
06.04.2011;3,46;4,9494
07.04.2011;3,451;4,9254
08.04.2011;3,438;4,9545
11.04.2011;3,441;4,9771
12.04.2011;3,446;4,9808
13.04.2011;3,417;4,9589
14.04.2011;3,431;4,9362
15.04.2011;3,416;4,9484
20.04.2011;3,424;4,9422
21.04.2011;3,405;4,9837
26.04.2011;3,413;4,9855
27.04.2011;3,42;5,0209
28.04.2011;3,411;5,049
29.04.2011;3,395;5,037
02.05.2011;3,377;5,0101
03.05.2011;3,397;5,0165
04.05.2011;3,392;5,0386
05.05.2011;3,407;5,0528
06.05.2011;3,447;5,0063
09.05.2011;3,448;4,9696
11.05.2011;3,465;4,9835
12.05.2011;3,504;4,9643
13.05.2011;3,485;4,99
16.05.2011;3,538;4,9951
17.05.2011;3,52;5,0028
18.05.2011;3,529;5,0219
19.05.2011;3,49;4,9811
20.05.2011;3,474;4,9755
23.05.2011;3,516;4,9326
24.05.2011;3,496;4,9224
25.05.2011;3,499;4,9222
26.05.2011;3,469;4,9177
27.05.2011;3,472;4,9486
31.05.2011;3,437;4,9508
01.06.2011;3,42;4,9298
02.06.2011;3,406;4,9302
03.06.2011;3,387;4,9081
06.06.2011;3,383;4,9415
07.06.2011;3,363;4,9339
09.06.2011;3,377;4,9308
10.06.2011;3,393;4,9141
13.06.2011;3,434;4,9302
14.06.2011;3,395;4,9009
15.06.2011;3,418;4,8924
16.06.2011;3,485;4,9114
17.06.2011;3,463;4,9064
20.06.2011;3,459;4,9273
21.06.2011;3,416;4,903
22.06.2011;3,421;4,9153
23.06.2011;3,45;4,9059
24.06.2011;3,445;4,9015
27.06.2011;3,451;4,9084
28.06.2011;3,463;4,9396
29.06.2011;3,426;4,9459
30.06.2011;3,415;4,9441
01.07.2011;3,399;4,9316
04.07.2011;3,389;4,9196
05.07.2011;3,411;4,9403
06.07.2011;3,42;4,9022
07.07.2011;3,406;4,8542
08.07.2011;3,398;4,8668
11.07.2011;3,434;4,8366
12.07.2011;3,465;4,8436
13.07.2011;3,437;4,839
14.07.2011;3,431;4,8636
15.07.2011;3,439;4,8612
18.07.2011;3,452;4,8506
19.07.2011;3,439;4,8756
20.07.2011;3,419;4,8627
21.07.2011;3,428;4,8522
22.07.2011;3,391;4,8881
25.07.2011;3,408;4,8961
26.07.2011;3,398;4,921
27.07.2011;3,4;4,9147
28.07.2011;3,43;4,9018
29.07.2011;3,43;4,8951
01.08.2011;3,412;4,9223
02.08.2011;3,449;4,8929
03.08.2011;3,464;4,9627
04.08.2011;3,489;4,9734
05.08.2011;3,52;4,9789
08.08.2011;3,552;5,0698
10.08.2011;3,515;5,0486
11.08.2011;3,548;5,0323
12.08.2011;3,548;5,039
15.08.2011;3,52;5,0359
16.08.2011;3,538;5,0811
17.08.2011;3,519;5,0823
18.08.2011;3,557;5,1102
19.08.2011;3,586;5,1303
22.08.2011;3,578;5,1598
23.08.2011;3,578;5,1775
24.08.2011;3,608;5,2157
25.08.2011;3,609;5,2119
26.08.2011;3,626;5,235
29.08.2011;3,606;5,2274
30.08.2011;3,572;5,1435
31.08.2011;3,558;5,1402
01.09.2011;3,574;5,1053
02.09.2011;3,584;5,0986
05.09.2011;3,633;5,1327
06.09.2011;3,656;5,1895
07.09.2011;3,673;5,1635
08.09.2011;3,681;5,172
09.09.2011;3,7;5,1289
12.09.2011;3,725;5,0759
13.09.2011;3,712;5,0873
14.09.2011;3,714;5,0965
15.09.2011;3,686;5,0865
16.09.2011;3,654;5,0449
19.09.2011;3,698;5,0529
20.09.2011;3,682;5,0453
21.09.2011;3,689;5,0371
22.09.2011;3,721;5,0049
23.09.2011;3,712;5,0183
26.09.2011;3,725;5,0314
27.09.2011;3,712;5,0437
03.10.2011;3,755;5,0033
04.10.2011;3,763;4,9625
05.10.2011;3,734;4,9757
06.10.2011;3,725;4,9434
10.10.2011;3,675;4,9949
11.10.2011;3,688;5,0194
12.10.2011;3,66;5,051
14.10.2011;3,66;5,051
17.10.2011;3,635;5,0385
18.10.2011;3,651;4,996
19.10.2011;3,634;5,028
21.10.2011;3,646;5,0191
24.10.2011;3,644;5,048
25.10.2011;3,643;5,0683
26.10.2011;3,65;5,0824
27.10.2011;3,62;5,1031
28.10.2011;3,602;5,1102
31.10.2011;3,604;5,0442
01.11.2011;3,65;5,0051
02.11.2011;3,651;5,0327
03.11.2011;3,665;5,0548
04.11.2011;3,665;5,0753
07.11.2011;3,682;5,0637
08.11.2011;3,674;5,0681
09.11.2011;3,712;5,06
10.11.2011;3,723;5,053
11.11.2011;3,721;5,0816
14.11.2011;3,723;5,0802
15.11.2011;3,732;5,0472
16.11.2011;3,726;5,0273
17.11.2011;3,728;5,0181
18.11.2011;3,731;5,0458
21.11.2011;3,741;5,0298
22.11.2011;3,732;5,0565
23.11.2011;3,761;5,0347
24.11.2011;3,774;5,0472
25.11.2011;3,795;5,0371
28.11.2011;3,8;5,0785
29.11.2011;3,781;5,049
30.11.2011;3,793;5,0475
01.12.2011;3,741;5,0432
02.12.2011;3,732;5,0311
05.12.2011;3,727;5,0096
06.12.2011;3,736;5,0094
07.12.2011;3,74;5,0047
08.12.2011;3,741;5,0079
09.12.2011;3,771;5,0201
12.12.2011;3,762;4,9863
13.12.2011;3,774;4,9783
14.12.2011;3,805;4,9459
15.12.2011;3,8;4,9389
16.12.2011;3,792;4,941
19.12.2011;3,797;4,9372
20.12.2011;3,783;4,9446
21.12.2011;3,775;4,9313
22.12.2011;3,784;4,941
23.12.2011;3,783;4,9455
27.12.2011;3,775;4,9298
28.12.2011;3,796;4,9619
29.12.2011;3,817;4,9142
30.12.2011;3,821;4,9381
03.01.2012;3,814;4,9687
04.01.2012;3,847;4,9971
05.01.2012;3,854;4,9462
06.01.2012;3,839;4,9183
09.01.2012;3,839;4,8991
10.01.2012;3,833;4,8938
11.01.2012;3,849;4,8903
12.01.2012;3,836;4,8871
13.01.2012;3,83;4,9225
16.01.2012;3,851;4,8779
17.01.2012;3,834;4,9079
18.01.2012;3,813;4,8845
19.01.2012;3,784;4,8872
20.01.2012;3,783;4,8982
23.01.2012;3,775;4,91
24.01.2012;3,787;4,925
25.01.2012;3,789;4,9039
26.01.2012;3,764;4,9466
27.01.2012;3,768;4,9406
30.01.2012;3,766;4,9408
31.01.2012;3,733;4,9225
01.02.2012;3,737;4,9069
02.02.2012;3,727;4,8952
03.02.2012;3,717;4,8873
06.02.2012;3,719;4,8524
07.02.2012;3,732;4,8966
08.02.2012;3,7;4,9127
09.02.2012;3,721;4,929
10.02.2012;3,713;4,9279
13.02.2012;3,717;4,9234
14.02.2012;3,736;4,9295
15.02.2012;3,734;4,9111
16.02.2012;3,771;4,8978
17.02.2012;3,753;4,9247
20.02.2012;3,725;4,9438
21.02.2012;3,738;4,937
22.02.2012;3,752;4,9663
23.02.2012;3,755;4,9958
24.02.2012;3,756;5,0297
27.02.2012;3,803;5,0941
28.02.2012;3,785;5,0901
29.02.2012;3,766;5,0623
01.03.2012;3,784;5,0371
02.03.2012;3,791;5,0307
05.03.2012;3,8;5,02
06.03.2012;3,814;5,0091
07.03.2012;3,808;5,0037
12.03.2012;3,786;4,9625
13.03.2012;3,775;4,9434
14.03.2012;3,787;4,9417
15.03.2012;3,784;4,9417
16.03.2012;3,769;4,9236
19.03.2012;3,762;4,951
20.03.2012;3,749;4,9506
21.03.2012;3,743;4,9557
22.03.2012;3,755;4,9414
23.03.2012;3,735;4,9532
26.03.2012;3,734;4,9483
27.03.2012;3,715;4,9605
28.03.2012;3,724;4,9635
29.03.2012;3,734;4,9578
30.03.2012;3,715;4,953
02.04.2012;3,723;4,9611
03.04.2012;3,723;4,968
04.04.2012;3,745;4,9243
05.04.2012;3,744;4,8973
10.04.2012;3,744;4,897
11.04.2012;3,758;4,9301
12.04.2012;3,76;4,9322
16.04.2012;3,754;4,8932
17.04.2012;3,754;4,9337
18.04.2012;3,769;4,9306
19.04.2012;3,762;4,9346
20.04.2012;3,757;4,9346
23.04.2012;3,764;4,9427
24.04.2012;3,758;4,9482
25.04.2012;3,75;4,9558
27.04.2012;3,757;4,9596
30.04.2012;3,75;4,9581
01.05.2012;3,768;4,9945
02.05.2012;3,786;4,9771
03.05.2012;3,778;4,9613
04.05.2012;3,781;4,9654
07.05.2012;3,804;4,9583
08.05.2012;3,802;4,9531
09.05.2012;3,815;4,9486
10.05.2012;3,822;4,9466
11.05.2012;3,823;4,9408
14.05.2012;3,83;4,9296
15.05.2012;3,827;4,9164
16.05.2012;3,835;4,876
17.05.2012;3,828;4,8526
18.05.2012;3,84;4,8682
21.05.2012;3,826;4,8866
22.05.2012;3,816;4,8675
23.05.2012;3,859;4,8785
24.05.2012;3,847;4,8359
25.05.2012;3,849;4,8395
28.05.2012;3,856;4,8493
29.05.2012;3,876;4,857
30.05.2012;3,88;4,8329
31.05.2012;3,881;4,8173
01.06.2012;3,915;4,8293
04.06.2012;3,892;4,8394
05.06.2012;3,896;4,841
06.06.2012;3,887;4,863
07.06.2012;3,871;4,8689
08.06.2012;3,882;4,835
11.06.2012;3,864;4,8485
12.06.2012;3,889;4,8646
13.06.2012;3,882;4,8638
14.06.2012;3,881;4,8763
15.06.2012;3,867;4,8819
18.06.2012;3,856;4,872
19.06.2012;3,856;4,8677
20.06.2012;3,865;4,9133
21.06.2012;3,875;4,9189
22.06.2012;3,905;4,8941
25.06.2012;3,914;4,8887
26.06.2012;3,939;4,9184
27.06.2012;3,947;4,929
28.06.2012;3,942;4,9003
29.06.2012;3,923;4,9319
02.07.2012;3,92;4,9412
03.07.2012;3,926;4,94
04.07.2012;3,918;4,9238
05.07.2012;3,913;4,8971
06.07.2012;3,93;4,8698
09.07.2012;3,964;4,8756
10.07.2012;3,956;4,8684
11.07.2012;3,963;4,8589
12.07.2012;3,978;4,8532
13.07.2012;3,968;4,8434
16.07.2012;3,984;4,8563
17.07.2012;3,982;4,8926
18.07.2012;4,008;4,9058
19.07.2012;4,035;4,9641
20.07.2012;3,997;4,9036
23.07.2012;4,041;4,8928
24.07.2012;4,064;4,9198
25.07.2012;4,062;4,9325
26.07.2012;4,079;4,9827
27.07.2012;4,084;5,0169
30.07.2012;4,035;4,9511
31.07.2012;3,997;4,9066
01.08.2012;3,97;4,8904
02.08.2012;3,977;4,8818
03.08.2012;4,007;4,8941
06.08.2012;3,979;4,9163
07.08.2012;3,998;4,9624
08.08.2012;3,997;4,9401
09.08.2012;3,987;4,9062
10.08.2012;4,004;4,9153
13.08.2012;4,041;4,992
14.08.2012;4,035;4,9824
15.08.2012;4,033;4,9538
16.08.2012;4,043;4,9614
17.08.2012;4,028;4,9769
20.08.2012;4,034;4,9615
21.08.2012;4,024;4,9984
22.08.2012;4,03;5,0172
23.08.2012;4,003;5,0251
24.08.2012;4,025;5,0438
27.08.2012;4,025;5,0425
28.08.2012;4,013;5,0358
29.08.2012;4,029;5,0542
30.08.2012;4,043;5,0697
31.08.2012;4,028;5,0402
03.09.2012;4,02;5,0519
04.09.2012;4,018;5,0624
05.09.2012;4,029;5,058
06.09.2012;4,025;5,0856
07.09.2012;3,998;5,0681
10.09.2012;3,98;5,0864
11.09.2012;3,961;5,0671
12.09.2012;3,95;5,0942
13.09.2012;3,966;5,1188
14.09.2012;3,919;5,1086
19.09.2012;3,91;5,0878
20.09.2012;3,92;5,0733
21.09.2012;3,887;5,0649
24.09.2012;3,918;5,0519
27.09.2012;3,925;5,0531
28.09.2012;3,912;5,0649
02.10.2012;3,888;5,0212
03.10.2012;3,884;5,0183
04.10.2012;3,879;5,0193
05.10.2012;3,856;5,0172
09.10.2012;3,862;4,9984
10.10.2012;3,865;4,9744
11.10.2012;3,852;4,98
12.10.2012;3,84;4,9816
15.10.2012;3,816;4,9521
16.10.2012;3,813;4,9617
17.10.2012;3,792;4,978
18.10.2012;3,809;4,9913
19.10.2012;3,823;4,9904
22.10.2012;3,816;4,9852
23.10.2012;3,83;4,9828
24.10.2012;3,855;4,9946
25.10.2012;3,858;5,0085
26.10.2012;3,874;5,0096
29.10.2012;3,889;5,0156
30.10.2012;3,895;5,0466
31.10.2012;3,878;5,0415
01.11.2012;3,872;5,0192
02.11.2012;3,884;5,0013
05.11.2012;3,904;4,987
06.11.2012;3,894;4,9848
07.11.2012;3,879;4,9734
08.11.2012;3,903;4,9751
09.11.2012;3,896;4,9644
12.11.2012;3,927;4,9936
13.11.2012;3,927;4,9825
14.11.2012;3,918;4,9897
15.11.2012;3,952;5,0431
16.11.2012;3,952;5,0405
19.11.2012;3,94;5,0305
20.11.2012;3,924;5,0273
21.11.2012;3,916;5,0155
22.11.2012;3,867;4,9833
23.11.2012;3,874;4,9943
26.11.2012;3,865;5,015
27.11.2012;3,857;4,9978
28.11.2012;3,865;4,9861
29.11.2012;3,83;4,9755
30.11.2012;3,81;4,955
03.12.2012;3,807;4,9589
04.12.2012;3,815;4,9943
05.12.2012;3,805;4,9728
06.12.2012;3,813;4,9819
07.12.2012;3,835;4,9609
10.12.2012;3,828;4,9508
11.12.2012;3,806;4,9413
12.12.2012;3,78;4,9305
13.12.2012;3,783;4,9365
14.12.2012;3,799;4,9698
17.12.2012;3,777;4,969
18.12.2012;3,769;4,969
19.12.2012;3,75;4,98
20.12.2012;3,747;4,9701
21.12.2012;3,747;4,9486
24.12.2012;3,746;4,9544
26.12.2012;3,747;4,9525
27.12.2012;3,726;4,9428
28.12.2012;3,729;4,9184
31.12.2012;3,733;4,9206
02.01.2013;3,714;4,9276
03.01.2013;3,735;4,897
04.01.2013;3,775;4,9125
07.01.2013;3,791;4,938
08.01.2013;3,764;4,9412
09.01.2013;3,783;4,9414
10.01.2013;3,777;4,9486
11.01.2013;3,742;4,9655
14.01.2013;3,733;4,9885
15.01.2013;3,734;4,9829
16.01.2013;3,733;4,9637
17.01.2013;3,723;4,9775
18.01.2013;3,717;4,9708
21.01.2013;3,738;4,9764
23.01.2013;3,722;4,9645
24.01.2013;3,719;4,9571
25.01.2013;3,714;4,9903
28.01.2013;3,732;5,0124
29.01.2013;3,729;5,0096
30.01.2013;3,725;5,0464
31.01.2013;3,728;5,0534
01.02.2013;3,682;5,0271
04.02.2013;3,685;4,9978
05.02.2013;3,691;5,0002
06.02.2013;3,696;4,9998
07.02.2013;3,687;5,0029
08.02.2013;3,695;4,9572
11.02.2013;3,701;4,953
12.02.2013;3,697;4,9721
13.02.2013;3,687;4,9727
14.02.2013;3,68;4,9076
15.02.2013;3,684;4,9101
18.02.2013;3,678;4,9137
19.02.2013;3,683;4,9142
20.02.2013;3,663;4,9007
21.02.2013;3,673;4,8422
22.02.2013;3,71;4,8984
26.02.2013;3,733;4,8868
27.02.2013;3,728;4,8862
28.02.2013;3,708;4,8629
01.03.2013;3,723;4,8693
04.03.2013;3,733;4,8567
05.03.2013;3,732;4,8636
06.03.2013;3,726;4,86
07.03.2013;3,723;4,85
08.03.2013;3,695;4,8383
11.03.2013;3,69;4,7967
12.03.2013;3,682;4,7897
13.03.2013;3,693;4,792
14.03.2013;3,7;4,7846
15.03.2013;3,681;4,8048
18.03.2013;3,693;4,7755
19.03.2013;3,682;4,7665
20.03.2013;3,68;4,7502
21.03.2013;3,676;4,7522
22.03.2013;3,666;4,743
27.03.2013;3,637;4,6651
28.03.2013;3,648;4,6612
02.04.2013;3,62;4,6483
03.04.2013;3,618;4,6388
04.04.2013;3,631;4,6497
05.04.2013;3,627;4,6859
08.04.2013;3,618;4,7101
09.04.2013;3,629;4,7324
10.04.2013;3,633;4,7584
11.04.2013;3,623;4,755
12.04.2013;3,628;4,743
15.04.2013;3,627;4,7388
17.04.2013;3,624;4,7592
18.04.2013;3,623;4,7337
19.04.2013;3,629;4,7424
22.04.2013;3,629;4,7339
23.04.2013;3,625;4,7096
24.04.2013;3,619;4,708
25.04.2013;3,606;4,7144
26.04.2013;3,604;4,6989
29.04.2013;3,592;4,7002
30.04.2013;3,594;4,6956
01.05.2013;3,587;4,7312
02.05.2013;3,574;4,7071
03.05.2013;3,569;4,6736
06.05.2013;3,57;4,6768
07.05.2013;3,56;4,6731
08.05.2013;3,564;4,6786
09.05.2013;3,556;4,6726
10.05.2013;3,558;4,6367
13.05.2013;3,571;4,6359
14.05.2013;3,638;4,7294
16.05.2013;3,647;4,697
17.05.2013;3,644;4,687
20.05.2013;3,66;4,7084
21.05.2013;3,675;4,7255
22.05.2013;3,665;4,7451
23.05.2013;3,702;4,7678
24.05.2013;3,696;4,7983
28.05.2013;3,707;4,7963
29.05.2013;3,694;4,7813
30.05.2013;3,682;4,7805
31.05.2013;3,683;4,7988
03.06.2013;3,687;4,7945
04.06.2013;3,676;4,8093
05.06.2013;3,671;4,7964
06.06.2013;3,649;4,7854
07.06.2013;3,629;4,8039
10.06.2013;3,632;4,7978
11.06.2013;3,642;4,8388
12.06.2013;3,627;4,8138
13.06.2013;3,615;4,8146
14.06.2013;3,601;4,8009
17.06.2013;3,602;4,8058
18.06.2013;3,594;4,8077
19.06.2013;3,595;4,8145
20.06.2013;3,63;4,7904
21.06.2013;3,628;4,7929
24.06.2013;3,634;4,7623
25.06.2013;3,605;4,7313
26.06.2013;3,616;4,7122
27.06.2013;3,648;4,7488
28.06.2013;3,618;4,7197
01.07.2013;3,637;4,7448
02.07.2013;3,629;4,7284
03.07.2013;3,651;4,7338
04.07.2013;3,633;4,7249
05.07.2013;3,645;4,6967
08.07.2013;3,661;4,7038
09.07.2013;3,65;4,6966
10.07.2013;3,646;4,6736
11.07.2013;3,615;4,7237
12.07.2013;3,607;4,7046
15.07.2013;3,597;4,6849
17.07.2013;3,576;4,7021
18.07.2013;3,601;4,7197
19.07.2013;3,582;4,6976
22.07.2013;3,571;4,7019
23.07.2013;3,571;4,7057
24.07.2013;3,577;4,7368
25.07.2013;3,594;4,7466
26.07.2013;3,577;4,754
29.07.2013;3,594;4,7724
30.07.2013;3,569;4,7379
31.07.2013;3,566;4,7269
01.08.2013;3,559;4,7133
02.08.2013;3,577;4,7287
05.08.2013;3,561;4,7256
06.08.2013;3,553;4,7154
07.08.2013;3,556;4,7307
08.08.2013;3,539;4,7283
09.08.2013;3,53;4,7234
12.08.2013;3,545;4,7131
13.08.2013;3,55;4,7194
14.08.2013;3,573;4,7342
15.08.2013;3,572;4,7452
16.08.2013;3,562;4,7511
19.08.2013;3,572;4,7694
20.08.2013;3,568;4,7738
21.08.2013;3,567;4,7768
22.08.2013;3,587;4,7729
23.08.2013;3,588;4,7893
26.08.2013;3,603;4,8183
27.08.2013;3,657;4,8807
28.08.2013;3,666;4,9019
29.08.2013;3,63;4,8133
30.08.2013;3,614;4,7838
02.09.2013;3,616;4,7805
03.09.2013;3,632;4,7814
09.09.2013;3,625;4,7821
10.09.2013;3,604;4,7738
11.09.2013;3,565;4,726
12.09.2013;3,564;4,7379
16.09.2013;3,533;4,7164
17.09.2013;3,537;4,7249
18.09.2013;3,537;4,7222
20.09.2013;3,504;4,7433
23.09.2013;3,515;4,7495
24.09.2013;3,526;4,7649
25.09.2013;3,559;4,8045
27.09.2013;3,571;4,82
30.09.2013;3,537;4,7734
01.10.2013;3,532;4,7845
02.10.2013;3,534;4,7766
03.10.2013;3,537;4,8124
04.10.2013;3,547;4,8304
07.10.2013;3,541;4,8081
08.10.2013;3,561;4,8324
09.10.2013;3,567;4,8253
10.10.2013;3,559;4,8118
11.10.2013;3,547;4,8114
14.10.2013;3,537;4,7972
15.10.2013;3,546;4,7852
16.10.2013;3,554;4,8122
17.10.2013;3,535;4,823
18.10.2013;3,533;4,8325
21.10.2013;3,535;4,836
22.10.2013;3,528;4,8242
23.10.2013;3,52;4,8401
24.10.2013;3,532;4,8741
25.10.2013;3,526;4,8709
28.10.2013;3,529;4,8727
29.10.2013;3,524;4,8516
30.10.2013;3,518;4,8429
31.10.2013;3,519;4,803
01.11.2013;3,527;4,7666
04.11.2013;3,533;4,7726
05.11.2013;3,532;4,7667
06.11.2013;3,531;4,7705
07.11.2013;3,537;4,7792
08.11.2013;3,536;4,7421
11.11.2013;3,535;4,7351
12.11.2013;3,534;4,7337
13.11.2013;3,531;4,7399
14.11.2013;3,532;4,7458
15.11.2013;3,519;4,7339
18.11.2013;3,524;4,7606
19.11.2013;3,522;4,7541
20.11.2013;3,544;4,7958
21.11.2013;3,569;4,8063
22.11.2013;3,559;4,8029
25.11.2013;3,563;4,8156
26.11.2013;3,542;4,7987
27.11.2013;3,541;4,8163
28.11.2013;3,534;4,8041
29.11.2013;3,523;4,7969
02.12.2013;3,53;4,7781
03.12.2013;3,523;4,7818
04.12.2013;3,522;4,7857
05.12.2013;3,524;4,7897
06.12.2013;3,517;4,8031
09.12.2013;3,503;4,8063
10.12.2013;3,495;4,805
11.12.2013;3,503;4,8224
12.12.2013;3,507;4,83
13.12.2013;3,503;4,8225
16.12.2013;3,507;4,8339
17.12.2013;3,511;4,8326
18.12.2013;3,505;4,8193
19.12.2013;3,514;4,8075
20.12.2013;3,518;4,796
23.12.2013;3,503;4,7968
24.12.2013;3,488;4,77
26.12.2013;3,492;4,782
27.12.2013;3,492;4,8174
30.12.2013;3,478;4,788
31.12.2013;3,471;4,7819
02.01.2014;3,486;4,773
03.01.2014;3,504;4,7775
06.01.2014;3,502;4,7685
07.01.2014;3,501;4,7769
08.01.2014;3,507;4,7665
09.01.2014;3,503;4,7634
10.01.2014;3,497;4,7582
13.01.2014;3,488;4,7674
14.01.2014;3,489;4,7695
15.01.2014;3,483;4,7407
16.01.2014;3,492;4,7516
17.01.2014;3,489;4,7448
20.01.2014;3,493;4,7317
21.01.2014;3,498;4,7325
22.01.2014;3,49;4,7323
23.01.2014;3,486;4,7553
24.01.2014;3,483;4,7658
27.01.2014;3,489;4,7705
28.01.2014;3,494;4,7661
29.01.2014;3,49;4,7589
30.01.2014;3,492;4,7492
31.01.2014;3,498;4,7385
03.02.2014;3,521;4,75
04.02.2014;3,531;4,7756
05.02.2014;3,539;4,7837
06.02.2014;3,549;4,7955
07.02.2014;3,533;4,7937
10.02.2014;3,525;4,8048
11.02.2014;3,516;4,8069
12.02.2014;3,523;4,798
13.02.2014;3,513;4,8022
14.02.2014;3,506;4,8013
17.02.2014;3,509;4,8085
18.02.2014;3,512;4,8226
19.02.2014;3,511;4,8258
20.02.2014;3,517;4,8203
21.02.2014;3,51;4,8108
24.02.2014;3,505;4,8173
25.02.2014;3,517;4,836
26.02.2014;3,521;4,8333
27.02.2014;3,517;4,8031
28.02.2014;3,496;4,7979
03.03.2014;3,492;4,8078
04.03.2014;3,488;4,7998
05.03.2014;3,487;4,7895
06.03.2014;3,475;4,7789
07.03.2014;3,459;4,801
10.03.2014;3,474;4,8217
11.03.2014;3,473;4,8126
12.03.2014;3,471;4,8139
13.03.2014;3,465;4,8348
14.03.2014;3,471;4,8176
18.03.2014;3,462;4,8131
19.03.2014;3,462;4,8172
20.03.2014;3,484;4,7982
21.03.2014;3,479;4,7961
24.03.2014;3,488;4,8011
25.03.2014;3,49;4,8185
26.03.2014;3,489;4,8147
27.03.2014;3,504;4,822
28.03.2014;3,498;4,8088
31.03.2014;3,487;4,8124
01.04.2014;3,476;4,7953
02.04.2014;3,475;4,7916
03.04.2014;3,472;4,775
04.04.2014;3,476;4,764
07.04.2014;3,493;4,7954
08.04.2014;3,48;4,7937
09.04.2014;3,482;4,8066
10.04.2014;3,467;4,8071
11.04.2014;3,461;4,81
16.04.2014;3,47;4,7978
17.04.2014;3,474;4,8104
22.04.2014;3,484;4,8134
23.04.2014;3,489;4,8289
24.04.2014;3,477;4,8071
25.04.2014;3,47;4,8014
28.04.2014;3,484;4,8313
29.04.2014;3,468;4,806
30.04.2014;3,466;4,8025
01.05.2014;3,454;4,793
02.05.2014;3,458;4,7908
05.05.2014;3,458;4,7983
07.05.2014;3,449;4,8047
08.05.2014;3,447;4,804
09.05.2014;3,452;4,7713
12.05.2014;3,456;4,754
13.05.2014;3,457;4,7399
14.05.2014;3,457;4,7409
15.05.2014;3,455;4,7182
16.05.2014;3,461;4,7479
19.05.2014;3,454;4,7389
20.05.2014;3,468;4,7526
21.05.2014;3,488;4,7692
22.05.2014;3,487;4,766
23.05.2014;3,49;4,7533
27.05.2014;3,478;4,745
28.05.2014;3,487;4,7464
29.05.2014;3,476;4,7333
30.05.2014;3,475;4,7283
02.06.2014;3,476;4,734
03.06.2014;3,473;4,7261
05.06.2014;3,472;4,7253
06.06.2014;3,464;4,7277
09.06.2014;3,461;4,7114
10.06.2014;3,462;4,6888
11.06.2014;3,461;4,6899
12.06.2014;3,461;4,6819
13.06.2014;3,452;4,6862
16.06.2014;3,459;4,6825
17.06.2014;3,453;4,6845
18.06.2014;3,458;4,6905
19.06.2014;3,445;4,6941
20.06.2014;3,443;4,686
23.06.2014;3,453;4,6934
24.06.2014;3,433;4,6765
25.06.2014;3,441;4,6819
26.06.2014;3,432;4,6734
27.06.2014;3,434;4,6785
30.06.2014;3,438;4,6939
01.07.2014;3,426;4,6924
02.07.2014;3,426;4,6816
03.07.2014;3,424;4,6747
04.07.2014;3,419;4,6454
07.07.2014;3,422;4,6535
08.07.2014;3,429;4,6624
09.07.2014;3,436;4,677
10.07.2014;3,429;4,6696
11.07.2014;3,428;4,6643
14.07.2014;3,423;4,6658
15.07.2014;3,405;4,6298
16.07.2014;3,408;4,6128
17.07.2014;3,41;4,613
18.07.2014;3,421;4,6298
21.07.2014;3,421;4,6232
22.07.2014;3,418;4,6095
23.07.2014;3,411;4,5944
24.07.2014;3,402;4,5837
25.07.2014;3,426;4,6137
28.07.2014;3,427;4,6043
29.07.2014;3,426;4,6029
30.07.2014;3,429;4,5956
31.07.2014;3,429;4,5899
01.08.2014;3,415;4,57
04.08.2014;3,419;4,5875
06.08.2014;3,427;4,5725
07.08.2014;3,45;4,616
08.08.2014;3,476;4,6498
11.08.2014;3,472;4,6493
12.08.2014;3,483;4,6462
13.08.2014;3,493;4,6674
14.08.2014;3,47;4,6422
15.08.2014;3,467;4,6364
18.08.2014;3,503;4,6903
19.08.2014;3,523;4,7017
20.08.2014;3,533;4,6927
21.08.2014;3,536;4,6903
22.08.2014;3,519;4,6764
25.08.2014;3,543;4,6765
26.08.2014;3,572;4,7157
27.08.2014;3,571;4,7092
28.08.2014;3,56;4,6939
29.08.2014;3,568;4,7054
01.09.2014;3,579;4,7018
02.09.2014;3,578;4,6917
03.09.2014;3,579;4,7052
04.09.2014;3,582;4,6707
05.09.2014;3,606;4,6645
08.09.2014;3,6;4,6615
09.09.2014;3,609;4,6536
10.09.2014;3,614;4,6802
11.09.2014;3,628;4,6886
12.09.2014;3,636;4,7006
15.09.2014;3,626;4,6862
16.09.2014;3,641;4,7132
17.09.2014;3,649;4,7275
18.09.2014;3,649;4,7014
19.09.2014;3,643;4,6972
22.09.2014;3,658;4,6974
23.09.2014;3,658;4,7126
29.09.2014;3,686;4,6818
30.09.2014;3,695;4,6486
01.10.2014;3,672;4,6241
02.10.2014;3,644;4,6065
06.10.2014;3,67;4,6063
07.10.2014;3,708;4,67
08.10.2014;3,737;4,7272
10.10.2014;3,722;4,7194
13.10.2014;3,737;4,7335
14.10.2014;3,743;4,7498
15.10.2014;3,729;4,7163
17.10.2014;3,71;4,7434
20.10.2014;3,746;4,7841
21.10.2014;3,731;4,7577
22.10.2014;3,742;4,7519
23.10.2014;3,767;4,7725
24.10.2014;3,793;4,7931
27.10.2014;3,788;4,8058
28.10.2014;3,765;4,7809
29.10.2014;3,754;4,7818
30.10.2014;3,777;4,7535
31.10.2014;3,784;4,7562
03.11.2014;3,789;4,7348
04.11.2014;3,796;4,7505
05.11.2014;3,8;4,7402
06.11.2014;3,787;4,7385
07.11.2014;3,81;4,7205
10.11.2014;3,782;4,7229
11.11.2014;3,815;4,7375
12.11.2014;3,819;4,7596
13.11.2014;3,812;4,7492
14.11.2014;3,815;4,7542
17.11.2014;3,824;4,7796
18.11.2014;3,841;4,8035
19.11.2014;3,838;4,813
20.11.2014;3,846;4,8231
21.11.2014;3,833;4,8084
24.11.2014;3,864;4,7936
25.11.2014;3,863;4,8037
26.11.2014;3,871;4,8187
27.11.2014;3,886;4,849
28.11.2014;3,889;4,8366
01.12.2014;3,914;4,876
02.12.2014;3,958;4,9257
03.12.2014;3,994;4,9259
04.12.2014;3,985;4,9072
05.12.2014;3,96;4,8969
08.12.2014;3,991;4,8926
09.12.2014;3,944;4,8727
10.12.2014;3,948;4,8881
11.12.2014;3,918;4,8816
12.12.2014;3,904;4,8556
15.12.2014;3,919;4,8702
16.12.2014;3,935;4,923
17.12.2014;3,922;4,8832
18.12.2014;3,934;4,8501
19.12.2014;3,93;4,8266
22.12.2014;3,923;4,8122
23.12.2014;3,914;4,7857
24.12.2014;3,909;4,7747
29.12.2014;3,929;4,7931
30.12.2014;3,908;4,7514
31.12.2014;3,889;4,7246
02.01.2015;3,918;4,719
05.01.2015;3,963;4,7137
06.01.2015;3,971;4,7253
07.01.2015;3,96;4,6848
08.01.2015;3,974;4,6759
09.01.2015;3,958;4,6727
12.01.2015;3,956;4,6636
13.01.2015;3,945;4,6471
14.01.2015;3,939;4,6301
15.01.2015;3,899;4,5678
16.01.2015;3,914;4,5491
19.01.2015;3,93;4,558
20.01.2015;3,928;4,5475
21.01.2015;3,933;4,5542
22.01.2015;3,935;4,5767
23.01.2015;3,963;4,4638
26.01.2015;3,998;4,4903
27.01.2015;3,995;4,5024
28.01.2015;3,945;4,483
29.01.2015;3,926;4,4403
30.01.2015;3,924;4,4527
02.02.2015;3,937;4,461
03.02.2015;3,93;4,4606
04.02.2015;3,894;4,4535
05.02.2015;3,875;4,4247
06.02.2015;3,869;4,4335
09.02.2015;3,88;4,3858
10.02.2015;3,875;4,3772
11.02.2015;3,864;4,3714
12.02.2015;3,893;4,4152
13.02.2015;3,883;4,4375
16.02.2015;3,89;4,4409
17.02.2015;3,865;4,4151
18.02.2015;3,85;4,3797
19.02.2015;3,844;4,3718
20.02.2015;3,861;4,3751
23.02.2015;3,858;4,3608
24.02.2015;3,952;4,4776
25.02.2015;3,938;4,4673
26.02.2015;3,933;4,4654
27.02.2015;3,966;4,4473
02.03.2015;3,986;4,4779
03.03.2015;3,987;4,4519
04.03.2015;3,984;4,4308
09.03.2015;4,017;4,3697
10.03.2015;4,041;4,341
11.03.2015;4,049;4,2896
12.03.2015;4,022;4,2723
13.03.2015;4,015;4,2622
16.03.2015;4,019;4,238
18.03.2015;4,02;4,2669
19.03.2015;4,006;4,2671
20.03.2015;4,053;4,3287
23.03.2015;4,018;4,3737
24.03.2015;3,926;4,3141
25.03.2015;3,948;4,3355
26.03.2015;3,944;4,3408
27.03.2015;3,973;4,3194
30.03.2015;3,971;4,3024
31.03.2015;3,98;4,2735
01.04.2015;3,974;4,2784
02.04.2015;3,956;4,2775
07.04.2015;3,939;4,2774
08.04.2015;3,939;4,2753
09.04.2015;3,943;4,2349
13.04.2015;4,014;4,2259
14.04.2015;3,984;4,2117
15.04.2015;3,975;4,2187
16.04.2015;3,935;4,219
17.04.2015;3,929;4,2426
20.04.2015;3,925;4,2167
21.04.2015;3,946;4,216
22.04.2015;3,951;4,2492
24.04.2015;3,924;4,2687
27.04.2015;3,931;4,2597
28.04.2015;3,894;4,2543
29.04.2015;3,872;4,2624
30.04.2015;3,861;4,3175
01.05.2015;3,858;4,3432
04.05.2015;3,89;4,3302
05.05.2015;3,879;4,316
06.05.2015;3,867;4,3427
07.05.2015;3,865;4,3673
08.05.2015;3,868;4,3438
11.05.2015;3,872;4,3143
12.05.2015;3,863;4,3472
13.05.2015;3,855;4,3273
14.05.2015;3,819;4,3615
15.05.2015;3,825;4,3457
18.05.2015;3,819;4,3608
19.05.2015;3,852;4,3169
20.05.2015;3,874;4,3043
21.05.2015;3,86;4,3026
22.05.2015;3,873;4,3229
26.05.2015;3,875;4,232
27.05.2015;3,875;4,2156
28.05.2015;3,88;4,2413
29.05.2015;3,876;4,2502
01.06.2015;3,872;4,2306
02.06.2015;3,862;4,2571
03.06.2015;3,864;4,2988
04.06.2015;3,836;4,356
05.06.2015;3,841;4,3287
08.06.2015;3,868;4,3099
09.06.2015;3,833;4,3156
10.06.2015;3,827;4,3218
11.06.2015;3,828;4,3145
12.06.2015;3,838;4,3119
15.06.2015;3,842;4,3077
16.06.2015;3,835;4,3157
17.06.2015;3,842;4,3301
18.06.2015;3,812;4,3484
19.06.2015;3,834;4,3348
22.06.2015;3,833;4,3504
23.06.2015;3,779;4,2368
24.06.2015;3,761;4,2179
25.06.2015;3,77;4,2232
26.06.2015;3,792;4,2508
29.06.2015;3,8;4,2267
30.06.2015;3,769;4,2194
01.07.2015;3,777;4,1952
02.07.2015;3,78;4,1853
03.07.2015;3,769;4,1864
06.07.2015;3,776;4,1638
07.07.2015;3,78;4,145
08.07.2015;3,797;4,1812
09.07.2015;3,786;4,1851
10.07.2015;3,777;4,1979
13.07.2015;3,776;4,183
14.07.2015;3,775;4,1639
15.07.2015;3,765;4,1422
16.07.2015;3,789;4,1267
17.07.2015;3,789;4,1274
20.07.2015;3,824;4,1437
21.07.2015;3,809;4,1386
22.07.2015;3,809;4,1648
23.07.2015;3,818;4,1993
24.07.2015;3,825;4,1809
27.07.2015;3,806;4,215
28.07.2015;3,774;4,1643
29.07.2015;3,782;4,1844
30.07.2015;3,781;4,1426
31.07.2015;3,783;4,1368
03.08.2015;3,772;4,1345
04.08.2015;3,783;4,1524
05.08.2015;3,807;4,1349
06.08.2015;3,813;4,158
07.08.2015;3,808;4,163
10.08.2015;3,813;4,1682
11.08.2015;3,818;4,2144
12.08.2015;3,815;4,2511
13.08.2015;3,807;4,2281
14.08.2015;3,789;4,2159
17.08.2015;3,81;4,2225
18.08.2015;3,829;4,2366
19.08.2015;3,878;4,2804
20.08.2015;3,883;4,3426
21.08.2015;3,874;4,3559
24.08.2015;3,878;4,4582
25.08.2015;3,864;4,4504
26.08.2015;3,921;4,4749
27.08.2015;3,928;4,4327
28.08.2015;3,922;4,4284
31.08.2015;3,93;4,4035
01.09.2015;3,923;4,4202
02.09.2015;3,93;4,4268
03.09.2015;3,934;4,416
04.09.2015;3,927;4,3758
07.09.2015;3,933;4,385
08.09.2015;3,922;4,3773
09.09.2015;3,881;4,3256
10.09.2015;3,906;4,3712
11.09.2015;3,866;4,369
16.09.2015;3,889;4,3628
17.09.2015;3,874;4,3839
18.09.2015;3,863;4,4246
21.09.2015;3,923;4,4145
24.09.2015;3,941;4,4318
25.09.2015;3,949;4,4008
29.09.2015;3,936;4,429
30.09.2015;3,923;4,4038
01.10.2015;3,918;4,3692
02.10.2015;3,923;4,3811
06.10.2015;3,874;4,3465
07.10.2015;3,85;4,333
08.10.2015;3,848;4,346
09.10.2015;3,842;4,3483
12.10.2015;3,835;4,3609
13.10.2015;3,866;4,3964
14.10.2015;3,85;4,3909
15.10.2015;3,821;4,3689
16.10.2015;3,816;4,3358
19.10.2015;3,842;4,349
20.10.2015;3,859;4,3921
21.10.2015;3,861;4,3837
22.10.2015;3,855;4,3623
23.10.2015;3,881;4,3056
26.10.2015;3,894;4,2941
27.10.2015;3,866;4,276
28.10.2015;3,872;4,2922
29.10.2015;3,883;4,2592
30.10.2015;3,867;4,2529
02.11.2015;3,868;4,261
03.11.2015;3,878;4,256
04.11.2015;3,877;4,2395
05.11.2015;3,888;4,2218
06.11.2015;3,886;4,2281
09.11.2015;3,913;4,2204
10.11.2015;3,921;4,2075
11.11.2015;3,911;4,1912
12.11.2015;3,891;4,1748
13.11.2015;3,889;4,1823
16.11.2015;3,892;4,1776
17.11.2015;3,905;4,1635
18.11.2015;3,904;4,1627
19.11.2015;3,885;4,1627
20.11.2015;3,878;4,1447
23.11.2015;3,894;4,1383
24.11.2015;3,873;4,1219
25.11.2015;3,877;4,1056
26.11.2015;3,88;4,1189
27.11.2015;3,889;4,1285
30.11.2015;3,877;4,0995
01.12.2015;3,879;4,1105
02.12.2015;3,879;4,11
03.12.2015;3,887;4,1005
04.12.2015;3,857;4,195
07.12.2015;3,855;4,166
08.12.2015;3,878;4,2123
09.12.2015;3,885;4,252
10.12.2015;3,867;4,2357
11.12.2015;3,86;4,2282
14.12.2015;3,856;4,2318
15.12.2015;3,859;4,2414
16.12.2015;3,878;4,2356
17.12.2015;3,895;4,2244
18.12.2015;3,896;4,2138
21.12.2015;3,9;4,2374
22.12.2015;3,905;4,2703
23.12.2015;3,895;4,2568
24.12.2015;3,892;4,2635
28.12.2015;3,886;4,2697
29.12.2015;3,883;4,2595
30.12.2015;3,896;4,2569
31.12.2015;3,902;4,2468
04.01.2016;3,913;4,2689
05.01.2016;3,928;4,2293
06.01.2016;3,941;4,2378
07.01.2016;3,937;4,2728
08.01.2016;3,922;4,2676
11.01.2016;3,929;4,2812
12.01.2016;3,942;4,2735
13.01.2016;3,943;4,2618
14.01.2016;3,944;4,3119
15.01.2016;3,943;4,3026
18.01.2016;3,955;4,3104
19.01.2016;3,953;4,2955
20.01.2016;3,983;4,3469
21.01.2016;3,972;4,3302
22.01.2016;3,971;4,304
25.01.2016;3,982;4,3081
26.01.2016;3,976;4,3075
27.01.2016;3,972;4,3217
28.01.2016;3,961;4,3202
29.01.2016;3,951;4,3097
01.02.2016;3,955;4,2971
02.02.2016;3,955;4,317
03.02.2016;3,964;4,3316
04.02.2016;3,909;4,3696
05.02.2016;3,883;4,3457
08.02.2016;3,89;4,3273
09.02.2016;3,887;4,364
10.02.2016;3,871;4,3587
11.02.2016;3,888;4,4002
12.02.2016;3,882;4,3751
15.02.2016;3,889;4,3483
16.02.2016;3,913;4,3678
17.02.2016;3,906;4,3516
18.02.2016;3,902;4,3367
19.02.2016;3,911;4,3489
22.02.2016;3,907;4,3198
23.02.2016;3,907;4,2992
24.02.2016;3,927;4,3056
25.02.2016;3,907;4,3104
26.02.2016;3,906;4,2994
29.02.2016;3,91;4,2547
01.03.2016;3,902;4,2373
02.03.2016;3,886;4,2173
03.03.2016;3,887;4,2305
04.03.2016;3,893;4,2573
07.03.2016;3,912;4,2812
08.03.2016;3,911;4,311
09.03.2016;3,906;4,288
10.03.2016;3,903;4,2451
11.03.2016;3,875;4,3115
14.03.2016;3,878;4,3092
15.03.2016;3,891;4,3255
16.03.2016;3,901;4,3247
17.03.2016;3,853;4,3521
18.03.2016;3,857;4,347
21.03.2016;3,855;4,3446
22.03.2016;3,851;4,3222
23.03.2016;3,842;4,2932
28.03.2016;3,837;4,2827
29.03.2016;3,826;4,284
30.03.2016;3,788;4,2898
31.03.2016;3,766;4,2856
01.04.2016;3,786;4,3145
04.04.2016;3,784;4,3041
05.04.2016;3,802;4,3201
06.04.2016;3,819;4,3294
07.04.2016;3,795;4,3115
08.04.2016;3,786;4,3131
11.04.2016;3,782;4,308
12.04.2016;3,765;4,2941
13.04.2016;3,773;4,2631
14.04.2016;3,789;4,266
15.04.2016;3,785;4,265
18.04.2016;3,773;4,2643
19.04.2016;3,763;4,2676
20.04.2016;3,758;4,2751
21.04.2016;3,764;4,2619
25.04.2016;3,774;4,2492
26.04.2016;3,763;4,2498
27.04.2016;3,768;4,267
28.04.2016;3,761;4,2717
02.05.2016;3,746;4,3018
03.05.2016;3,747;4,3356
04.05.2016;3,777;4,336
05.05.2016;3,781;4,3213
06.05.2016;3,788;4,3249
09.05.2016;3,779;4,3038
10.05.2016;3,784;4,3034
11.05.2016;3,772;4,2963
13.05.2016;3,77;4,2788
16.05.2016;3,812;4,3145
17.05.2016;3,818;4,3219
18.05.2016;3,835;4,3234
19.05.2016;3,858;4,3228
20.05.2016;3,871;4,3432
23.05.2016;3,879;4,3455
24.05.2016;3,865;4,3215
25.05.2016;3,855;4,2951
26.05.2016;3,837;4,289
27.05.2016;3,845;4,2994
31.05.2016;3,85;4,2951
01.06.2016;3,853;4,3
02.06.2016;3,854;4,3117
03.06.2016;3,87;4,3149
06.06.2016;3,831;4,3467
07.06.2016;3,818;4,3302
08.06.2016;3,826;4,3533
09.06.2016;3,846;4,3603
10.06.2016;3,849;4,3479
13.06.2016;3,874;4,3669
14.06.2016;3,864;4,335
15.06.2016;3,875;4,3509
16.06.2016;3,871;4,3311
17.06.2016;3,863;4,3382
20.06.2016;3,851;4,3627
21.06.2016;3,859;4,3701
22.06.2016;3,852;4,3472
23.06.2016;3,823;4,3533
24.06.2016;3,885;4,3187
27.06.2016;3,9;4,2912
28.06.2016;3,878;4,3011
29.06.2016;3,858;4,2811
30.06.2016;3,846;4,2839
01.07.2016;3,844;4,2703
04.07.2016;3,856;4,2908
05.07.2016;3,869;4,3109
06.07.2016;3,895;4,3065
07.07.2016;3,878;4,2971
08.07.2016;3,882;4,299
11.07.2016;3,883;4,2894
12.07.2016;3,874;4,304
13.07.2016;3,871;4,2868
14.07.2016;3,852;4,279
15.07.2016;3,844;4,2842
18.07.2016;3,86;4,2652
19.07.2016;3,856;4,2648
20.07.2016;3,859;4,2496
21.07.2016;3,858;4,2486
22.07.2016;3,839;4,2353
25.07.2016;3,846;4,2263
26.07.2016;3,844;4,229
27.07.2016;3,84;4,2219
28.07.2016;3,828;4,2442
29.07.2016;3,828;4,246
01.08.2016;3,806;4,2489
02.08.2016;3,815;4,2712
03.08.2016;3,822;4,2819
04.08.2016;3,826;4,258
05.08.2016;3,821;4,2551
08.08.2016;3,829;4,2464
09.08.2016;3,82;4,2355
10.08.2016;3,811;4,2632
11.08.2016;3,811;4,2494
12.08.2016;3,811;4,2512
15.08.2016;3,808;4,2553
16.08.2016;3,775;4,2536
17.08.2016;3,791;4,2723
18.08.2016;3,776;4,2781
19.08.2016;3,771;4,2725
22.08.2016;3,781;4,2715
23.08.2016;3,768;4,2702
24.08.2016;3,774;4,2508
25.08.2016;3,768;4,2549
26.08.2016;3,754;4,2386
29.08.2016;3,788;4,2373
30.08.2016;3,782;4,2237
31.08.2016;3,786;4,2197
01.09.2016;3,775;4,209
02.09.2016;3,768;4,2172
05.09.2016;3,768;4,2042
06.09.2016;3,766;4,2057
07.09.2016;3,766;4,2339
08.09.2016;3,749;4,2361
09.09.2016;3,754;4,2327
12.09.2016;3,771;4,232
13.09.2016;3,772;4,2373
14.09.2016;3,786;4,2495
15.09.2016;3,779;4,2478
16.09.2016;3,762;4,2251
19.09.2016;3,775;4,2148
20.09.2016;3,776;4,2233
21.09.2016;3,778;4,2106
22.09.2016;3,759;4,2236
23.09.2016;3,76;4,2155
26.09.2016;3,765;4,2335
27.09.2016;3,746;4,2083
28.09.2016;3,758;4,2117
29.09.2016;3,755;4,2144
30.09.2016;3,758;4,203
05.10.2016;3,778;4,2405
06.10.2016;3,778;4,2263
07.10.2016;3,794;4,215
10.10.2016;3,791;4,2315
13.10.2016;3,814;4,2028
14.10.2016;3,815;4,2025
18.10.2016;3,817;4,204
19.10.2016;3,819;4,1993
20.10.2016;3,835;4,2068
21.10.2016;3,848;4,1875
25.10.2016;3,85;4,1878
26.10.2016;3,841;4,1944
27.10.2016;3,841;4,1969
28.10.2016;3,856;4,2116
31.10.2016;3,849;4,2131
01.11.2016;3,827;4,2145
02.11.2016;3,811;4,2245
03.11.2016;3,815;4,2262
04.11.2016;3,807;4,2246
07.11.2016;3,812;4,2165
08.11.2016;3,814;4,2126
09.11.2016;3,799;4,2185
10.11.2016;3,842;4,1828
11.11.2016;3,844;4,1794
14.11.2016;3,852;4,1478
15.11.2016;3,844;4,1404
16.11.2016;3,858;4,1274
17.11.2016;3,853;4,132
18.11.2016;3,873;4,105
21.11.2016;3,867;4,1127
22.11.2016;3,866;4,1059
23.11.2016;3,868;4,1083
24.11.2016;3,876;4,0942
25.11.2016;3,871;4,1003
28.11.2016;3,857;4,089
29.11.2016;3,848;4,0762
30.11.2016;3,839;4,0807
01.12.2016;3,833;4,0755
02.12.2016;3,827;4,0822
05.12.2016;3,817;4,0934
06.12.2016;3,809;4,0877
07.12.2016;3,802;4,0805
08.12.2016;3,787;4,0878
09.12.2016;3,818;4,0521
12.12.2016;3,822;4,0554
13.12.2016;3,81;4,0415
14.12.2016;3,802;4,0481
15.12.2016;3,843;4,0084
16.12.2016;3,85;4,0186
19.12.2016;3,867;4,0307
20.12.2016;3,856;4,0023
21.12.2016;3,83;3,9941
22.12.2016;3,817;3,9894
23.12.2016;3,819;3,9874
27.12.2016;3,85;4,0202
28.12.2016;3,855;4,0069
29.12.2016;3,844;4,0201
30.12.2016;3,845;4,0438
03.01.2017;3,86;4,0085
04.01.2017;3,857;4,024
05.01.2017;3,853;4,0484
06.01.2017;3,843;4,0742
09.01.2017;3,849;4,0521
10.01.2017;3,845;4,0677
11.01.2017;3,852;4,0482
12.01.2017;3,825;4,0733
13.01.2017;3,818;4,0641
16.01.2017;3,826;4,0533
17.01.2017;3,817;4,0893
18.01.2017;3,81;4,0702
19.01.2017;3,81;4,0623
20.01.2017;3,811;4,0563
23.01.2017;3,798;4,0763
24.01.2017;3,787;4,0688
25.01.2017;3,786;4,0702
26.01.2017;3,783;4,0577
27.01.2017;3,798;4,0544
30.01.2017;3,785;4,0242
31.01.2017;3,769;4,0546
01.02.2017;3,768;4,0676
02.02.2017;3,762;4,0658
03.02.2017;3,76;4,0399
06.02.2017;3,747;4,0225
07.02.2017;3,753;4,0072
08.02.2017;3,754;3,9947
09.02.2017;3,749;4,0063
10.02.2017;3,747;3,9882
13.02.2017;3,748;3,9868
14.02.2017;3,746;3,9817
15.02.2017;3,747;3,9542
16.02.2017;3,716;3,9509
17.02.2017;3,716;3,957
20.02.2017;3,707;3,9397
21.02.2017;3,707;3,9066
22.02.2017;3,71;3,8954
23.02.2017;3,708;3,9131
24.02.2017;3,698;3,9183
27.02.2017;3,679;3,8942
28.02.2017;3,659;3,8782
01.03.2017;3,632;3,8246
02.03.2017;3,688;3,8809
03.03.2017;3,693;3,8836
06.03.2017;3,679;3,897
07.03.2017;3,677;3,8866
08.03.2017;3,684;3,8883
09.03.2017;3,688;3,8929
10.03.2017;3,678;3,9012
14.03.2017;3,661;3,893
15.03.2017;3,658;3,8874
16.03.2017;3,631;3,8916
17.03.2017;3,63;3,9095
20.03.2017;3,619;3,8905
21.03.2017;3,614;3,9068
22.03.2017;3,656;3,9438
23.03.2017;3,645;3,9316
24.03.2017;3,646;3,9366
27.03.2017;3,618;3,9327
28.03.2017;3,616;3,9243
29.03.2017;3,625;3,9115
30.03.2017;3,615;3,882
31.03.2017;3,632;3,8822
03.04.2017;3,628;3,867
04.04.2017;3,646;3,882
05.04.2017;3,653;3,9007
06.04.2017;3,648;3,8912
07.04.2017;3,649;3,8828
12.04.2017;3,654;3,8807
13.04.2017;3,647;3,884
18.04.2017;3,665;3,9148
19.04.2017;3,667;3,9329
20.04.2017;3,664;3,9363
21.04.2017;3,681;3,9469
24.04.2017;3,649;3,9622
25.04.2017;3,648;3,9683
26.04.2017;3,634;3,9598
27.04.2017;3,643;3,97
28.04.2017;3,619;3,9395
03.05.2017;3,613;3,9415
04.05.2017;3,616;3,9538
05.05.2017;3,61;3,9635
08.05.2017;3,604;3,9478
09.05.2017;3,603;3,925
10.05.2017;3,605;3,9167
11.05.2017;3,61;3,9252
12.05.2017;3,61;3,9216
15.05.2017;3,598;3,9447
16.05.2017;3,606;3,9853
17.05.2017;3,603;4,0024
18.05.2017;3,605;4,0114
19.05.2017;3,593;4,0015
22.05.2017;3,582;4,0252
23.05.2017;3,589;4,0357
24.05.2017;3,593;4,0192
25.05.2017;3,576;4,0099
26.05.2017;3,574;4,0065
30.05.2017;3,561;3,9684
01.06.2017;3,549;3,9814
02.06.2017;3,558;3,994
05.06.2017;3,548;3,9877
06.06.2017;3,545;3,9864
07.06.2017;3,546;3,9767
08.06.2017;3,539;3,975
09.06.2017;3,532;3,9541
12.06.2017;3,533;3,9656
13.06.2017;3,533;3,9594
14.06.2017;3,529;3,9536
15.06.2017;3,521;3,9305
16.06.2017;3,527;3,9393
19.06.2017;3,52;3,9462
20.06.2017;3,533;3,9408
21.06.2017;3,543;3,9502
22.06.2017;3,543;3,9553
23.06.2017;3,541;3,9565
26.06.2017;3,536;3,9521
27.06.2017;3,518;3,9593
28.06.2017;3,521;4,0022
29.06.2017;3,49;3,9825
30.06.2017;3,496;3,9859
03.07.2017;3,493;3,974
04.07.2017;3,514;3,9889
05.07.2017;3,522;3,9919
06.07.2017;3,53;4,0165
07.07.2017;3,528;4,0282
10.07.2017;3,547;4,0418
11.07.2017;3,576;4,0753
12.07.2017;3,554;4,0698
13.07.2017;3,534;4,0277
14.07.2017;3,538;4,0368
17.07.2017;3,545;4,0638
18.07.2017;3,565;4,1178
19.07.2017;3,588;4,1385
20.07.2017;3,574;4,1052
21.07.2017;3,557;4,14
24.07.2017;3,59;4,1801
25.07.2017;3,569;4,1579
26.07.2017;3,57;4,1572
27.07.2017;3,557;4,1675
28.07.2017;3,56;4,1636
31.07.2017;3,558;4,1745
02.08.2017;3,579;4,2346
03.08.2017;3,589;4,25
04.08.2017;3,607;4,2869
07.08.2017;3,621;4,2734
08.08.2017;3,605;4,2597
09.08.2017;3,601;4,2253
10.08.2017;3,6;4,2157
11.08.2017;3,586;4,217
14.08.2017;3,583;4,2266
15.08.2017;3,589;4,2152
16.08.2017;3,628;4,2465
17.08.2017;3,627;4,2403
18.08.2017;3,624;4,2514
21.08.2017;3,622;4,261
22.08.2017;3,623;4,2575
23.08.2017;3,618;4,2677
24.08.2017;3,599;4,2443
25.08.2017;3,596;4,2415
28.08.2017;3,581;4,2709
29.08.2017;3,577;4,3049
30.08.2017;3,574;4,2713
31.08.2017;3,596;4,2607
01.09.2017;3,584;4,2582
04.09.2017;3,583;4,2647
05.09.2017;3,568;4,242
06.09.2017;3,562;4,2469
07.09.2017;3,528;4,2274
08.09.2017;3,504;4,2268
11.09.2017;3,521;4,2302
12.09.2017;3,536;4,2298
13.09.2017;3,537;4,2362
14.09.2017;3,538;4,2033
15.09.2017;3,523;4,1971
18.09.2017;3,522;4,2062
19.09.2017;3,515;4,2131
25.09.2017;3,512;4,1704
26.09.2017;3,527;4,1567
27.09.2017;3,546;4,1622
28.09.2017;3,529;4,1569
02.10.2017;3,542;4,1553
03.10.2017;3,531;4,1463
04.10.2017;3,522;4,1414
06.10.2017;3,52;4,1155
09.10.2017;3,51;4,12
10.10.2017;3,505;4,1274
11.10.2017;3,506;4,1457
13.10.2017;3,501;4,141
16.10.2017;3,496;4,1257
17.10.2017;3,509;4,1285
18.10.2017;3,514;4,1277
19.10.2017;3,501;4,1402
20.10.2017;3,493;4,121
23.10.2017;3,491;4,1002
24.10.2017;3,501;4,1155
25.10.2017;3,512;4,1349
26.10.2017;3,51;4,1456
27.10.2017;3,535;4,1119
30.10.2017;3,528;4,1035
31.10.2017;3,521;4,0956
01.11.2017;3,513;4,0813
02.11.2017;3,506;4,0862
03.11.2017;3,513;4,0908
06.11.2017;3,513;4,0707
07.11.2017;3,516;4,0664
08.11.2017;3,513;4,07
09.11.2017;3,513;4,0866
10.11.2017;3,529;4,1069
13.11.2017;3,543;4,1287
14.11.2017;3,544;4,1616
15.11.2017;3,532;4,1824
16.11.2017;3,523;4,1462
17.11.2017;3,519;4,1506
20.11.2017;3,516;4,1408
21.11.2017;3,529;4,1373
22.11.2017;3,525;4,1416
23.11.2017;3,512;4,161
24.11.2017;3,513;4,1642
27.11.2017;3,501;4,18
28.11.2017;3,503;4,1634
29.11.2017;3,504;4,1448
30.11.2017;3,499;4,1429
01.12.2017;3,488;4,1521
04.12.2017;3,49;4,1362
05.12.2017;3,492;4,142
06.12.2017;3,513;4,1527
07.12.2017;3,516;4,1437
08.12.2017;3,521;4,1335
11.12.2017;3,519;4,1504
12.12.2017;3,539;4,1669
13.12.2017;3,55;4,1671
14.12.2017;3,528;4,1758
15.12.2017;3,523;4,1549
18.12.2017;3,513;4,1413
19.12.2017;3,498;4,1317
20.12.2017;3,499;4,1445
21.12.2017;3,489;4,1378
22.12.2017;3,485;4,1308
26.12.2017;3,488;4,1339
27.12.2017;3,479;4,1377
28.12.2017;3,472;4,144
29.12.2017;3,467;4,1526
02.01.2018;3,457;4,1702
03.01.2018;3,46;4,1578
04.01.2018;3,448;4,1598
05.01.2018;3,446;4,1524
08.01.2018;3,441;4,1242
09.01.2018;3,444;4,1087
10.01.2018;3,429;4,1139
11.01.2018;3,423;4,1125
12.01.2018;3,415;4,1198
15.01.2018;3,4;4,1737
16.01.2018;3,41;4,1706
17.01.2018;3,452;4,2136
18.01.2018;3,427;4,1986
19.01.2018;3,406;4,1796
22.01.2018;3,421;4,1901
23.01.2018;3,422;4,1887
24.01.2018;3,406;4,2032
25.01.2018;3,403;4,2218
26.01.2018;3,388;4,2171
29.01.2018;3,409;4,2265
30.01.2018;3,399;4,2215
31.01.2018;3,405;4,2413
01.02.2018;3,427;4,2629
02.02.2018;3,43;4,2843
05.02.2018;3,442;4,2819
06.02.2018;3,485;4,3039
07.02.2018;3,486;4,3015
08.02.2018;3,499;4,2826
09.02.2018;3,516;4,3158
12.02.2018;3,524;4,3226
13.02.2018;3,527;4,3526
14.02.2018;3,533;4,3643
15.02.2018;3,525;4,4009
16.02.2018;3,535;4,4274
19.02.2018;3,521;4,371
20.02.2018;3,498;4,3199
21.02.2018;3,501;4,3132
22.02.2018;3,497;4,298
23.02.2018;3,485;4,2931
26.02.2018;3,494;4,3106
27.02.2018;3,478;4,2801
28.02.2018;3,485;4,2586
05.03.2018;3,456;4,2509
06.03.2018;3,469;4,292
07.03.2018;3,466;4,3014
08.03.2018;3,459;4,2789
09.03.2018;3,453;4,2521
12.03.2018;3,44;4,2291
13.03.2018;3,444;4,2507
14.03.2018;3,431;4,2455
15.03.2018;3,434;4,2423
16.03.2018;3,452;4,2543
19.03.2018;3,468;4,268
20.03.2018;3,479;4,2803
21.03.2018;3,495;4,2916
22.03.2018;3,48;4,2885
23.03.2018;3,491;4,3025
26.03.2018;3,491;4,3329
27.03.2018;3,487;4,3258
28.03.2018;3,499;4,3365
29.03.2018;3,514;4,3288
03.04.2018;3,518;4,3354
04.04.2018;3,528;4,3365
05.04.2018;3,537;4,3375
09.04.2018;3,532;4,3352
10.04.2018;3,506;4,3346
11.04.2018;3,518;4,3539
12.04.2018;3,518;4,3362
13.04.2018;3,506;4,3261
16.04.2018;3,503;4,3296
17.04.2018;3,527;4,3623
18.04.2018;3,519;4,3486
20.04.2018;3,523;4,3503
23.04.2018;3,544;4,3342
24.04.2018;3,561;4,3501
25.04.2018;3,59;4,3754
26.04.2018;3,579;4,3578
27.04.2018;3,597;4,3432
30.04.2018;3,588;4,3387
01.05.2018;3,616;4,349
02.05.2018;3,61;4,3312
03.05.2018;3,632;4,3474
04.05.2018;3,622;4,3364
07.05.2018;3,625;4,3148
08.05.2018;3,602;4,2775
09.05.2018;3,6;4,2751
10.05.2018;3,583;4,2564
11.05.2018;3,569;4,255
14.05.2018;3,574;4,2849
15.05.2018;3,599;4,2895
16.05.2018;3,593;4,2353
17.05.2018;3,587;4,2259
18.05.2018;3,589;4,2409
21.05.2018;3,584;4,2102
22.05.2018;3,564;4,2116
23.05.2018;3,58;4,1882
24.05.2018;3,569;4,1804
25.05.2018;3,568;4,1756
29.05.2018;3,594;4,1525
30.05.2018;3,577;4,1616
31.05.2018;3,566;4,165
01.06.2018;3,565;4,1645
04.06.2018;3,566;4,1798
05.06.2018;3,575;4,1762
06.06.2018;3,566;4,1961
07.06.2018;3,57;4,2218
08.06.2018;3,574;4,2043
11.06.2018;3,572;4,2097
12.06.2018;3,578;4,2171
13.06.2018;3,587;4,2187
14.06.2018;3,596;4,2505
15.06.2018;3,605;4,1789
18.06.2018;3,626;4,212
19.06.2018;3,644;4,2094
20.06.2018;3,639;4,2062
21.06.2018;3,623;4,174
22.06.2018;3,617;4,2163
25.06.2018;3,616;4,2244
26.06.2018;3,631;4,2381
27.06.2018;3,646;4,236
28.06.2018;3,649;4,2258
29.06.2018;3,65;4,2551
02.07.2018;3,661;4,2626
03.07.2018;3,655;4,2609
04.07.2018;3,657;4,2544
05.07.2018;3,626;4,2454
06.07.2018;3,636;4,2589
09.07.2018;3,618;4,2656
10.07.2018;3,642;4,2607
11.07.2018;3,638;4,2578
12.07.2018;3,652;4,2565
13.07.2018;3,643;4,2379
16.07.2018;3,641;4,2658
17.07.2018;3,631;4,252
18.07.2018;3,642;4,2323
19.07.2018;3,649;4,2359
20.07.2018;3,647;4,2454
23.07.2018;3,633;4,2535
24.07.2018;3,649;4,2705
25.07.2018;3,641;4,2572
26.07.2018;3,638;4,2601
27.07.2018;3,667;4,2644
30.07.2018;3,667;4,285
31.07.2018;3,664;4,3004
01.08.2018;3,677;4,2961
02.08.2018;3,689;4,2841
03.08.2018;3,7;4,2795
06.08.2018;3,71;4,2773
07.08.2018;3,695;4,2838
08.08.2018;3,684;4,2726
09.08.2018;3,683;4,2713
10.08.2018;3,694;4,2364
13.08.2018;3,709;4,2246
14.08.2018;3,691;4,2136
15.08.2018;3,693;4,181
16.08.2018;3,688;4,1918
17.08.2018;3,669;4,1791
20.08.2018;3,662;4,1804
21.08.2018;3,655;4,207
22.08.2018;3,635;4,2228
23.08.2018;3,635;4,2105
24.08.2018;3,639;4,2095
27.08.2018;3,639;4,2272
28.08.2018;3,624;4,24
29.08.2018;3,643;4,2526
30.08.2018;3,61;4,2225
31.08.2018;3,604;4,2119
03.09.2018;3,615;4,1987
04.09.2018;3,625;4,1898
05.09.2018;3,619;4,1953
06.09.2018;3,595;4,1788
07.09.2018;3,581;4,1685
12.09.2018;3,588;4,1595
13.09.2018;3,575;4,1574
14.09.2018;3,564;4,171
17.09.2018;3,583;4,1772
20.09.2018;3,583;4,197
21.09.2018;3,573;4,2109
25.09.2018;3,582;4,21
26.09.2018;3,579;4,2124
27.09.2018;3,599;4,2154
28.09.2018;3,627;4,2156
02.10.2018;3,65;4,2015
03.10.2018;3,64;4,2076
04.10.2018;3,64;4,188
05.10.2018;3,633;4,1816
08.10.2018;3,62;4,154
09.10.2018;3,642;4,1695
10.10.2018;3,626;4,1678
11.10.2018;3,635;4,2069
12.10.2018;3,628;4,2036
15.10.2018;3,628;4,2021
16.10.2018;3,645;4,2227
17.10.2018;3,649;4,214
18.10.2018;3,652;4,2037
19.10.2018;3,667;4,193
22.10.2018;3,651;4,2022
23.10.2018;3,67;4,213
24.10.2018;3,68;4,1915
25.10.2018;3,693;4,2132
26.10.2018;3,701;4,2103
29.10.2018;3,704;4,2158
31.10.2018;3,721;4,2114
01.11.2018;3,706;4,2173
02.11.2018;3,691;4,2229
05.11.2018;3,7;4,2056
06.11.2018;3,691;4,2066
07.11.2018;3,668;4,2172
08.11.2018;3,673;4,1948
09.11.2018;3,683;4,1755
12.11.2018;3,676;4,1427
13.11.2018;3,689;4,1505
14.11.2018;3,698;4,1694
15.11.2018;3,695;4,1783
16.11.2018;3,717;4,2169
19.11.2018;3,708;4,2359
20.11.2018;3,716;4,2489
21.11.2018;3,743;4,2643
22.11.2018;3,728;4,2559
23.11.2018;3,737;4,2495
26.11.2018;3,729;4,2375
27.11.2018;3,728;4,2191
28.11.2018;3,733;4,2132
29.11.2018;3,71;4,2243
30.11.2018;3,701;4,2109
03.12.2018;3,718;4,2116
04.12.2018;3,727;4,2518
05.12.2018;3,724;4,2289
06.12.2018;3,731;4,2316
07.12.2018;3,738;4,2511
10.12.2018;3,727;4,2551
11.12.2018;3,748;4,2672
12.12.2018;3,746;4,2477
13.12.2018;3,753;4,2696
14.12.2018;3,771;4,2586
17.12.2018;3,778;4,2843
18.12.2018;3,763;4,2846
19.12.2018;3,756;4,284
20.12.2018;3,757;4,3045
21.12.2018;3,773;4,3226
24.12.2018;3,774;4,3019
26.12.2018;3,774;4,2935
27.12.2018;3,781;4,3071
28.12.2018;3,771;4,314
31.12.2018;3,748;4,2916
02.01.2019;3,746;4,2846
03.01.2019;3,742;4,2496
04.01.2019;3,72;4,2422
07.01.2019;3,694;4,2274
08.01.2019;3,699;4,2345
09.01.2019;3,682;4,2156
10.01.2019;3,664;4,2273
11.01.2019;3,673;4,2318
14.01.2019;3,657;4,1922
15.01.2019;3,67;4,1953
16.01.2019;3,678;4,1894
17.01.2019;3,688;4,2051
18.01.2019;3,692;4,2079
21.01.2019;3,698;4,2033
22.01.2019;3,69;4,1932
23.01.2019;3,683;4,1868
24.01.2019;3,683;4,1802
25.01.2019;3,685;4,1745
28.01.2019;3,68;4,2017
29.01.2019;3,678;4,2057
30.01.2019;3,671;4,1968
31.01.2019;3,642;4,1856
01.02.2019;3,633;4,1588
04.02.2019;3,627;4,1531
05.02.2019;3,61;4,1249
06.02.2019;3,619;4,1213
07.02.2019;3,627;4,1113
08.02.2019;3,634;4,1168
11.02.2019;3,643;4,1207
12.02.2019;3,643;4,1146
13.02.2019;3,637;4,1152
14.02.2019;3,662;4,127
15.02.2019;3,641;4,106
18.02.2019;3,62;4,1006
19.02.2019;3,631;4,0954
20.02.2019;3,617;4,1027
21.02.2019;3,617;4,1057
22.02.2019;3,613;4,0986
25.02.2019;3,605;4,097
26.02.2019;3,624;4,1181
27.02.2019;3,619;4,1263
28.02.2019;3,604;4,1142
01.03.2019;3,624;4,1155
04.03.2019;3,625;4,1092
05.03.2019;3,619;4,0991
06.03.2019;3,616;4,0877
07.03.2019;3,616;4,0794
08.03.2019;3,631;4,0683
11.03.2019;3,621;4,0723
12.03.2019;3,623;4,0809
13.03.2019;3,617;4,0847
14.03.2019;3,6;4,0706
15.03.2019;3,604;4,0821
18.03.2019;3,601;4,089
19.03.2019;3,606;4,0927
20.03.2019;3,608;4,0993
25.03.2019;3,623;4,1018
26.03.2019;3,617;4,0947
27.03.2019;3,635;4,0969
28.03.2019;3,636;4,0875
29.03.2019;3,632;4,0782
01.04.2019;3,626;4,0734
02.04.2019;3,624;4,0594
03.04.2019;3,6;4,0488
04.04.2019;3,603;4,0467
05.04.2019;3,587;4,0276
08.04.2019;3,58;4,0255
10.04.2019;3,578;4,0359
11.04.2019;3,583;4,0414
12.04.2019;3,578;4,0397
15.04.2019;3,561;4,0277
16.04.2019;3,558;4,0203
17.04.2019;3,575;4,0436
18.04.2019;3,589;4,0396
23.04.2019;3,593;4,0404
24.04.2019;3,614;4,0537
25.04.2019;3,628;4,0473
29.04.2019;3,618;4,0356
30.04.2019;3,608;4,0438
01.05.2019;3,586;4,0298
02.05.2019;3,598;4,0324
03.05.2019;3,601;4,0185
06.05.2019;3,591;4,0206
07.05.2019;3,585;4,0149
08.05.2019;3,584;4,0142
10.05.2019;3,567;4,0062
13.05.2019;3,568;4,0089
14.05.2019;3,577;4,018
15.05.2019;3,571;3,9936
16.05.2019;3,568;3,9964
17.05.2019;3,575;3,9956
20.05.2019;3,573;3,9871
21.05.2019;3,598;4,0116
22.05.2019;3,611;4,0323
23.05.2019;3,615;4,0261
24.05.2019;3,605;4,0344
28.05.2019;3,614;4,044
29.05.2019;3,617;4,0343
30.05.2019;3,62;4,0316
31.05.2019;3,634;4,0489
03.06.2019;3,633;4,0615
04.06.2019;3,612;4,0646
05.06.2019;3,61;4,064
06.06.2019;3,601;4,0463
07.06.2019;3,601;4,0563
10.06.2019;3,585;4,0519
11.06.2019;3,581;4,0513
12.06.2019;3,582;4,0546
13.06.2019;3,592;4,0558
14.06.2019;3,6;4,0584
17.06.2019;3,61;4,0548
18.06.2019;3,612;4,0413
19.06.2019;3,609;4,0439
20.06.2019;3,579;4,0456
21.06.2019;3,594;4,0655
24.06.2019;3,604;4,1051
25.06.2019;3,602;4,0991
26.06.2019;3,591;4,0788
27.06.2019;3,582;4,0752
28.06.2019;3,566;4,0616
01.07.2019;3,574;4,0514
02.07.2019;3,575;4,0393
03.07.2019;3,572;4,0327
04.07.2019;3,567;4,0264
05.07.2019;3,562;4,0134
08.07.2019;3,573;4,0088
09.07.2019;3,568;3,997
10.07.2019;3,573;4,0092
11.07.2019;3,547;3,9974
12.07.2019;3,551;4
15.07.2019;3,539;3,9904
16.07.2019;3,542;3,9756
17.07.2019;3,541;3,9732
18.07.2019;3,543;3,9752
19.07.2019;3,535;3,9801
22.07.2019;3,534;3,967
23.07.2019;3,537;3,9544
24.07.2019;3,521;3,9229
25.07.2019;3,523;3,9259
26.07.2019;3,526;3,9258
29.07.2019;3,525;3,9224
30.07.2019;3,5;3,9015
31.07.2019;3,499;3,8997
01.08.2019;3,524;3,8885
02.08.2019;3,509;3,8908
05.08.2019;3,494;3,9001
06.08.2019;3,494;3,9075
07.08.2019;3,487;3,8988
08.08.2019;3,483;3,9032
09.08.2019;3,479;3,8929
12.08.2019;3,484;3,9008
13.08.2019;3,493;3,9202
14.08.2019;3,489;3,9015
15.08.2019;3,519;3,9231
16.08.2019;3,541;3,9248
19.08.2019;3,545;3,9345
20.08.2019;3,524;3,9045
21.08.2019;3,527;3,9167
22.08.2019;3,525;3,9018
23.08.2019;3,511;3,8854
26.08.2019;3,519;3,9116
27.08.2019;3,52;3,9099
28.08.2019;3,524;3,9099
29.08.2019;3,521;3,9001
30.08.2019;3,535;3,9029
02.09.2019;3,538;3,8815
03.09.2019;3,549;3,8812
04.09.2019;3,527;3,8867
05.09.2019;3,512;3,8851
06.09.2019;3,517;3,8835
09.09.2019;3,527;3,8927
10.09.2019;3,538;3,9046
11.09.2019;3,544;3,8985
12.09.2019;3,541;3,9032
13.09.2019;3,527;3,9109
16.09.2019;3,538;3,9039
18.09.2019;3,541;3,9111
19.09.2019;3,521;3,8963
20.09.2019;3,513;3,8842
23.09.2019;3,517;3,8644
24.09.2019;3,507;3,8566
25.09.2019;3,501;3,8485
26.09.2019;3,517;3,8438
27.09.2019;3,482;3,805
02.10.2019;3,485;3,8049
03.10.2019;3,493;3,8316
04.10.2019;3,481;3,8198
07.10.2019;3,493;3,8335
10.10.2019;3,504;3,8647
11.10.2019;3,51;3,864
15.10.2019;3,513;3,872
16.10.2019;3,536;3,9002
17.10.2019;3,545;3,9268
18.10.2019;3,533;3,9325
22.10.2019;3,537;3,9423
23.10.2019;3,538;3,9303
24.10.2019;3,523;3,9192
25.10.2019;3,539;3,9339
28.10.2019;3,529;3,9169
29.10.2019;3,53;3,9133
30.10.2019;3,528;3,9209
31.10.2019;3,529;3,9365
01.11.2019;3,521;3,9267
04.11.2019;3,522;3,9329
05.11.2019;3,501;3,8901
06.11.2019;3,49;3,8703
07.11.2019;3,487;3,8621
08.11.2019;3,495;3,8616
11.11.2019;3,499;3,8597
12.11.2019;3,511;3,8681
13.11.2019;3,495;3,8483
14.11.2019;3,488;3,8337
15.11.2019;3,478;3,8323
18.11.2019;3,463;3,8293
19.11.2019;3,457;3,8291
20.11.2019;3,471;3,8384
21.11.2019;3,455;3,8292
22.11.2019;3,46;3,832
25.11.2019;3,461;3,8121
26.11.2019;3,463;3,8146
27.11.2019;3,471;3,8196
28.11.2019;3,471;3,8203
29.11.2019;3,476;3,8241
02.12.2019;3,474;3,8269
03.12.2019;3,481;3,8558
04.12.2019;3,471;3,8468
05.12.2019;3,467;3,8464
06.12.2019;3,463;3,8434
09.12.2019;3,471;3,843
10.12.2019;3,465;3,838
11.12.2019;3,477;3,8531
12.12.2019;3,481;3,8745
13.12.2019;3,476;3,8857
16.12.2019;3,498;3,896
17.12.2019;3,492;3,8992
18.12.2019;3,501;3,8942
19.12.2019;3,493;3,8827
20.12.2019;3,477;3,8663
23.12.2019;3,472;3,8457
24.12.2019;3,466;3,8385
26.12.2019;3,472;3,8515
27.12.2019;3,468;3,8616
30.12.2019;3,463;3,8758
31.12.2019;3,456;3,8782
02.01.2020;3,452;3,8655
03.01.2020;3,467;3,8605
06.01.2020;3,475;3,8914
07.01.2020;3,467;3,8763
08.01.2020;3,465;3,8558
09.01.2020;3,471;3,8553
10.01.2020;3,473;3,8528
13.01.2020;3,47;3,8593
14.01.2020;3,47;3,8608
15.01.2020;3,459;3,8556
16.01.2020;3,456;3,8592
17.01.2020;3,454;3,8461
20.01.2020;3,456;3,8309
21.01.2020;3,455;3,8364
22.01.2020;3,452;3,8249
23.01.2020;3,458;3,8361
24.01.2020;3,455;3,8187
27.01.2020;3,458;3,8112
28.01.2020;3,455;3,8023
29.01.2020;3,458;3,8041
30.01.2020;3,45;3,8034
31.01.2020;3,448;3,8023
03.02.2020;3,446;3,8115
04.02.2020;3,448;3,8093
05.02.2020;3,452;3,8027
06.02.2020;3,439;3,7817
07.02.2020;3,426;3,7575
10.02.2020;3,422;3,7464
11.02.2020;3,419;3,7322
12.02.2020;3,423;3,7346
13.02.2020;3,431;3,7289
14.02.2020;3,434;3,7248
17.02.2020;3,428;3,7155
18.02.2020;3,416;3,6999
19.02.2020;3,424;3,6952
20.02.2020;3,432;3,7034
21.02.2020;3,424;3,7026
24.02.2020;3,437;3,7207
25.02.2020;3,429;3,715
26.02.2020;3,442;3,7411
27.02.2020;3,434;3,759
28.02.2020;3,467;3,8196
03.03.2020;3,461;3,844
04.03.2020;3,46;3,8486
05.03.2020;3,466;3,8783
06.03.2020;3,486;3,9324
09.03.2020;3,508;4,0053
12.03.2020;3,639;4,0861
13.03.2020;3,652;4,0778
16.03.2020;3,728;4,1639
17.03.2020;3,862;4,2469
18.03.2020;3,827;4,1948
19.03.2020;3,683;3,9766
20.03.2020;3,597;3,8708
23.03.2020;3,698;3,9505
24.03.2020;3,658;3,9692
25.03.2020;3,642;3,9372
26.03.2020;3,624;3,9685
27.03.2020;3,598;3,965
30.03.2020;3,586;3,965
31.03.2020;3,565;3,9003
01.04.2020;3,556;3,8899
02.04.2020;3,63;3,9675
03.04.2020;3,636;3,927
06.04.2020;3,627;3,9206
07.04.2020;3,604;3,9195
14.04.2020;3,579;3,9075
16.04.2020;3,594;3,9087
17.04.2020;3,591;3,8897
20.04.2020;3,58;3,8897
21.04.2020;3,552;3,8456
22.04.2020;3,541;3,8462
23.04.2020;3,557;3,8328
24.04.2020;3,524;3,7827
27.04.2020;3,515;3,8111
28.04.2020;3,499;3,7885
30.04.2020;3,5;3,8066
01.05.2020;3,491;3,8308
04.05.2020;3,527;3,8554
05.05.2020;3,524;3,8187
06.05.2020;3,511;3,7942
07.05.2020;3,516;3,7955
11.05.2020;3,518;3,806
12.05.2020;3,507;3,8041
13.05.2020;3,511;3,8183
14.05.2020;3,546;3,8229
15.05.2020;3,533;3,8207
18.05.2020;3,543;3,8292
19.05.2020;3,525;3,8635
20.05.2020;3,504;3,8391
21.05.2020;3,514;3,8634
22.05.2020;3,529;3,8462
26.05.2020;3,515;3,8501
27.05.2020;3,499;3,8569
28.05.2020;3,502;3,8534
01.06.2020;3,509;3,8996
02.06.2020;3,484;3,8914
03.06.2020;3,468;3,8821
04.06.2020;3,479;3,8987
05.06.2020;3,455;3,9215
08.06.2020;3,462;3,9012
09.06.2020;3,457;3,8934
10.06.2020;3,447;3,9173
11.06.2020;3,451;3,9191
12.06.2020;3,464;3,9234
15.06.2020;3,495;3,9315
16.06.2020;3,472;3,9242
17.06.2020;3,456;3,8857
18.06.2020;3,451;3,8841
19.06.2020;3,447;3,863
22.06.2020;3,446;3,8653
23.06.2020;3,434;3,877
24.06.2020;3,425;3,8724
25.06.2020;3,442;3,8622
26.06.2020;3,437;3,8588
29.06.2020;3,436;3,8747
30.06.2020;3,466;3,8828
01.07.2020;3,454;3,8696
02.07.2020;3,448;3,891
03.07.2020;3,434;3,8584
06.07.2020;3,442;3,8965
07.07.2020;3,45;3,8951
08.07.2020;3,455;3,8977
09.07.2020;3,444;3,8996
10.07.2020;3,457;3,9031
13.07.2020;3,442;3,8993
14.07.2020;3,442;3,9086
15.07.2020;3,431;3,9251
16.07.2020;3,427;3,9068
17.07.2020;3,447;3,9274
20.07.2020;3,431;3,9286
21.07.2020;3,421;3,918
22.07.2020;3,419;3,9586
23.07.2020;3,421;3,9613
24.07.2020;3,42;3,9737
27.07.2020;3,413;4
28.07.2020;3,415;4,0066
29.07.2020;3,409;3,9999
31.07.2020;3,408;4,0388
03.08.2020;3,415;4,0059
04.08.2020;3,424;4,0298
05.08.2020;3,412;4,0378
06.08.2020;3,409;4,0379
07.08.2020;3,409;4,0327
10.08.2020;3,414;4,0112
11.08.2020;3,402;4,0129
12.08.2020;3,406;4,009
13.08.2020;3,406;4,0363
14.08.2020;3,404;4,0221
17.08.2020;3,409;4,0391
18.08.2020;3,401;4,0482
19.08.2020;3,4;4,0603
20.08.2020;3,402;4,0302
21.08.2020;3,404;4,0321
24.08.2020;3,402;4,0291
25.08.2020;3,4;4,0173
26.08.2020;3,401;4,0156
27.08.2020;3,369;3,975
28.08.2020;3,368;4,0043
31.08.2020;3,362;4,0126
01.09.2020;3,353;4,0191
02.09.2020;3,366;3,9893
03.09.2020;3,368;3,981
04.09.2020;3,371;3,9938
07.09.2020;3,378;3,9944
08.09.2020;3,392;3,9994
09.09.2020;3,407;4,0058
10.09.2020;3,414;4,0401
11.09.2020;3,438;4,069
14.09.2020;3,435;4,0799
15.09.2020;3,422;4,0705
16.09.2020;3,411;4,0516
17.09.2020;3,422;4,0359
21.09.2020;3,442;4,0576
22.09.2020;3,441;4,0455
23.09.2020;3,445;4,0351
24.09.2020;3,478;4,0479
25.09.2020;3,467;4,0488
29.09.2020;3,459;4,0519
30.09.2020;3,441;4,0258
01.10.2020;3,427;4,0242
02.10.2020;3,431;4,0203
05.10.2020;3,422;4,0215
06.10.2020;3,411;4,0152
07.10.2020;3,407;4,0053
08.10.2020;3,394;3,9928
09.10.2020;3,381;3,986
12.10.2020;3,383;3,9893
13.10.2020;3,386;3,993
14.10.2020;3,384;3,9717
15.10.2020;3,394;3,9774
16.10.2020;3,383;3,9617
19.10.2020;3,378;3,9811
20.10.2020;3,379;3,9901
21.10.2020;3,385;4,0111
