Date,Open_VAH,High_VAH,Low_VAH,Close_VAH,Volume_VAH
2020-09-04,0.082,0.087,0.082,0.086,4580000
2020-08-04,0.083,0.084,0.081,0.081,2460000
2020-07-04,0.083,0.085,0.081,0.081,2210000
2020-06-04,0.084,0.084,0.08,0.08,4280000
2020-03-04,0.083,0.086,0.083,0.084,3440000
2020-02-04,0.088,0.089,0.081,0.086,5150000
2020-01-04,0.099,0.099,0.089,0.09,6890000
2020-03-31,0.086,0.105,0.086,0.095,12530000
2020-03-30,0.076,0.083,0.076,0.08,3680000
2020-03-27,0.086,0.095,0.07,0.072,11430000
2020-03-26,0.075,0.086,0.072,0.083,9870000
2020-03-25,0.07,0.076,0.066,0.071,8960000
2020-03-24,0.059,0.064,0.051,0.062,14770000
2020-03-23,0.064,0.064,0.051,0.055,5900000
2020-03-20,0.063,0.065,0.055,0.055,10760000
2020-03-19,0.068,0.073,0.058,0.058,7560000
2020-03-18,0.071,0.072,0.064,0.067,5760000
2020-03-17,0.07,0.072,0.059,0.063,7200000
2020-03-16,0.075,0.076,0.065,0.069,4550000
2020-03-13,0.056,0.09,0.05,0.079,6680000
2020-12-03,0.069,0.069,0.05,0.06,12700000
2020-11-03,0.08,0.081,0.072,0.072,4370000
2020-10-03,0.078,0.079,0.07,0.075,6470000
2020-09-03,0.085,0.088,0.075,0.08,6190000
2020-06-03,0.105,0.107,0.087,0.087,8750000
2020-05-03,0.11,0.115,0.105,0.105,626920
2020-04-03,0.11,0.11,0.105,0.11,846000
2020-03-03,0.1,0.11,0.1,0.105,1420000
2020-02-03,0.105,0.115,0.097,0.097,3820000
2020-02-28,0.115,0.12,0.105,0.105,1700000
2020-02-27,0.13,0.13,0.115,0.115,998150
2020-02-26,0.125,0.13,0.115,0.125,1420000
2020-02-25,0.12,0.125,0.12,0.12,616250
2020-02-24,0.13,0.13,0.125,0.13,274830
2020-02-21,0.13,0.13,0.125,0.13,230380
2020-02-20,0.13,0.13,0.125,0.13,1330000
2020-02-19,0.13,0.13,0.125,0.125,337980
2020-02-18,0.13,0.13,0.125,0.13,596960
2020-02-17,0.13,0.13,0.125,0.125,1240000
2020-02-14,0.13,0.135,0.13,0.135,356410
2020-02-13,0.135,0.135,0.13,0.135,302500
2020-12-02,0.13,0.135,0.125,0.135,378400
2020-11-02,0.14,0.14,0.13,0.13,1090000
2020-10-02,0.14,0.145,0.14,0.145,178140
2020-07-02,0.145,0.145,0.14,0.14,550050
2020-06-02,0.145,0.145,0.14,0.14,42690
2020-05-02,0.145,0.145,0.14,0.14,176420
2020-04-02,0.145,0.145,0.14,0.145,58380
2020-03-02,0.145,0.145,0.14,0.14,268180
2020-01-31,0.145,0.15,0.145,0.145,275020
2020-01-30,0.145,0.15,0.145,0.145,404320
2020-01-29,0.15,0.15,0.145,0.145,82930
2020-01-28,0.145,0.15,0.145,0.145,324120
2020-01-24,0.15,0.15,0.145,0.145,251650
2020-01-23,0.145,0.15,0.145,0.145,365100
2020-01-22,0.15,0.15,0.145,0.15,77560
2020-01-21,0.145,0.15,0.145,0.15,129620
2020-01-20,0.145,0.15,0.145,0.145,248270
2020-01-17,0.145,0.15,0.145,0.145,120470
2020-01-16,0.15,0.15,0.145,0.145,151190
2020-01-15,0.15,0.15,0.145,0.145,469800
2020-01-14,0.15,0.15,0.15,0.15,81350
2020-01-13,0.15,0.15,0.15,0.15,43370
2020-10-01,0.145,0.15,0.145,0.15,138670
2020-09-01,0.15,0.15,0.145,0.145,196820
2020-08-01,0.15,0.15,0.145,0.145,200790
2020-07-01,0.15,0.155,0.15,0.15,181820
2020-06-01,0.15,0.15,0.145,0.145,61680
2020-03-01,0.155,0.155,0.145,0.155,431300
2020-02-01,0.155,0.155,0.155,0.155,62690
2019-12-31,0.155,0.155,0.15,0.15,319530
2019-12-30,0.15,0.155,0.15,0.155,220190
2019-12-27,0.15,0.15,0.145,0.15,43080
2019-12-24,0.15,0.15,0.145,0.15,347840
2019-12-23,0.145,0.147,0.145,0.147,3110
2019-12-20,0.15,0.15,0.14,0.14,466310
2019-12-19,0.15,0.15,0.15,0.15,56730
2019-12-18,0.15,0.15,0.15,0.15,741020
2019-12-17,0.15,0.152,0.15,0.15,298360
2019-12-16,0.15,0.152,0.15,0.15,478310
2019-12-13,0.15,0.152,0.15,0.15,220930
2019-12-12,0.155,0.155,0.15,0.15,174910
2019-11-12,0.155,0.155,0.15,0.15,205420
2019-10-12,0.15,0.152,0.15,0.15,315150
2019-09-12,0.15,0.152,0.15,0.15,1380000
2019-06-12,0.15,0.155,0.15,0.155,94140
2019-04-12,0.155,0.155,0.152,0.155,72500
2019-03-12,0.155,0.155,0.15,0.155,167920
2019-02-12,0.155,0.155,0.15,0.15,244550
2019-11-29,0.155,0.155,0.15,0.155,130160
2019-11-28,0.15,0.155,0.15,0.152,144180
2019-11-27,0.155,0.155,0.15,0.152,360150
2019-11-26,0.155,0.155,0.15,0.15,56420
2019-11-25,0.155,0.155,0.15,0.155,317720
2019-11-22,0.155,0.155,0.152,0.155,539870
2019-11-21,0.155,0.155,0.15,0.155,35660
2019-11-20,0.15,0.155,0.15,0.152,158140
2019-11-19,0.155,0.155,0.15,0.155,1370000
2019-11-18,0.155,0.155,0.15,0.15,1490000
2019-11-15,0.155,0.155,0.15,0.15,200680
2019-11-14,0.15,0.155,0.15,0.15,324880
2019-11-13,0.155,0.155,0.152,0.152,134160
2019-12-11,0.15,0.155,0.15,0.155,234720
2019-11-11,0.155,0.155,0.15,0.152,332130
2019-08-11,0.155,0.155,0.15,0.155,199830
2019-07-11,0.155,0.155,0.15,0.155,311770
2019-06-11,0.155,0.155,0.15,0.152,468780
2019-05-11,0.155,0.155,0.152,0.155,260620
2019-04-11,0.15,0.155,0.15,0.155,202060
2019-01-11,0.155,0.155,0.15,0.15,1420000
2019-10-31,0.155,0.155,0.15,0.15,449730
2019-10-30,0.155,0.155,0.15,0.15,867750
2019-10-29,0.16,0.16,0.15,0.155,2540000
2019-10-28,0.16,0.16,0.155,0.155,110840
2019-10-25,0.16,0.16,0.155,0.16,461920
2019-10-24,0.16,0.16,0.155,0.155,305110
2019-10-23,0.155,0.16,0.155,0.16,116370
2019-10-22,0.16,0.16,0.155,0.16,138460
2019-10-21,0.16,0.165,0.155,0.155,493510
2019-10-18,0.16,0.16,0.157,0.16,48100
2019-10-17,0.157,0.16,0.157,0.158,138530
2019-10-16,0.16,0.16,0.155,0.16,177420
2019-10-15,0.16,0.16,0.155,0.16,330240
2019-10-14,0.16,0.165,0.157,0.165,262970
2019-11-10,0.16,0.162,0.16,0.16,113160
2019-10-10,0.16,0.16,0.16,0.16,144560
2019-09-10,0.16,0.162,0.16,0.16,225130
2019-08-10,0.165,0.165,0.16,0.16,232790
2019-07-10,0.165,0.165,0.16,0.165,152070
2019-04-10,0.165,0.165,0.16,0.165,528440
2019-03-10,0.165,0.165,0.16,0.16,164950
2019-02-10,0.165,0.165,0.16,0.16,360820
2019-01-10,0.165,0.165,0.16,0.165,374650
2019-09-30,0.165,0.165,0.16,0.16,70400
2019-09-27,0.16,0.16,0.16,0.16,36070
2019-09-26,0.165,0.165,0.16,0.16,42520
2019-09-25,0.17,0.17,0.16,0.16,1650000
2019-09-24,0.165,0.165,0.16,0.16,477130
2019-09-23,0.165,0.165,0.165,0.165,142390
2019-09-20,0.165,0.165,0.16,0.16,532940
2019-09-19,0.17,0.17,0.165,0.165,2190000
2019-09-18,0.165,0.17,0.16,0.17,736280
2019-09-17,0.165,0.165,0.16,0.165,184000
2019-09-16,0.155,0.165,0.155,0.16,1200000
2019-09-13,0.155,0.165,0.155,0.16,1780000
2019-12-09,0.155,0.16,0.155,0.16,145680
2019-11-09,0.155,0.16,0.155,0.155,323810
2019-10-09,0.155,0.155,0.15,0.155,167490
2019-09-09,0.155,0.155,0.15,0.155,1140000
2019-06-09,0.16,0.16,0.155,0.155,393880
2019-05-09,0.155,0.16,0.15,0.16,898030
2019-04-09,0.15,0.155,0.15,0.155,184380
2019-03-09,0.16,0.16,0.15,0.15,1200000
2019-02-09,0.16,0.16,0.155,0.16,576340
2019-08-30,0.155,0.16,0.152,0.155,957810
2019-08-29,0.155,0.16,0.155,0.16,669250
2019-08-28,0.16,0.16,0.15,0.155,2700000
2019-08-27,0.165,0.165,0.165,0.165,136890
2019-08-26,0.17,0.17,0.16,0.163,213470
2019-08-23,0.165,0.167,0.165,0.165,331780
2019-08-22,0.165,0.165,0.162,0.165,284270
2019-08-21,0.16,0.162,0.16,0.16,43990
2019-08-20,0.165,0.165,0.16,0.16,982990
2019-08-19,0.16,0.165,0.16,0.16,670950
2019-08-16,0.165,0.165,0.16,0.16,253420
2019-08-15,0.162,0.162,0.16,0.16,128710
2019-08-14,0.165,0.165,0.16,0.16,196880
2019-08-13,0.16,0.165,0.16,0.165,425180
2019-12-08,0.16,0.162,0.16,0.16,126670
2019-09-08,0.162,0.162,0.16,0.16,165690
2019-08-08,0.16,0.165,0.16,0.16,134030
2019-07-08,0.165,0.165,0.16,0.16,188400
2019-06-08,0.16,0.165,0.16,0.165,303960
2019-05-08,0.165,0.17,0.165,0.165,163930
2019-02-08,0.165,0.167,0.165,0.165,269370
2019-01-08,0.165,0.165,0.16,0.16,280060
2019-07-31,0.165,0.165,0.162,0.165,261010
2019-07-30,0.165,0.167,0.16,0.16,445100
2019-07-29,0.165,0.165,0.16,0.16,546020
2019-07-26,0.165,0.17,0.165,0.165,411790
2019-07-25,0.165,0.165,0.165,0.165,158220
2019-07-24,0.165,0.167,0.165,0.165,69230
2019-07-23,0.17,0.17,0.165,0.165,492160
2019-07-22,0.17,0.17,0.165,0.17,1080000
2019-07-19,0.17,0.17,0.165,0.17,494860
2019-07-18,0.165,0.17,0.165,0.17,319400
2019-07-17,0.17,0.17,0.167,0.17,337130
2019-07-16,0.17,0.17,0.165,0.17,308320
2019-07-15,0.17,0.17,0.165,0.17,612650
2019-12-07,0.17,0.17,0.165,0.17,347560
2019-11-07,0.165,0.165,0.162,0.165,642710
2019-10-07,0.17,0.17,0.165,0.17,147590
2019-09-07,0.17,0.17,0.165,0.17,694470
2019-08-07,0.165,0.17,0.165,0.17,179370
2019-05-07,0.165,0.167,0.165,0.165,369780
2019-04-07,0.16,0.165,0.16,0.163,280900
2019-03-07,0.17,0.17,0.16,0.16,187850
2019-02-07,0.165,0.167,0.165,0.165,322040
2019-01-07,0.17,0.17,0.16,0.16,552550
2019-06-28,0.16,0.17,0.16,0.17,1180000
2019-06-27,0.165,0.165,0.16,0.16,441430
2019-06-26,0.165,0.167,0.162,0.165,764250
2019-06-25,0.165,0.17,0.165,0.17,676370
2019-06-24,0.17,0.172,0.165,0.165,400450
2019-06-21,0.175,0.175,0.17,0.17,541460
2019-06-20,0.17,0.175,0.17,0.17,317340
2019-06-19,0.17,0.175,0.17,0.17,532380
2019-06-18,0.17,0.175,0.17,0.17,455250
2019-06-17,0.17,0.17,0.17,0.17,164670
2019-06-14,0.175,0.175,0.17,0.17,295250
2019-06-13,0.17,0.175,0.17,0.17,331740
2019-12-06,0.17,0.175,0.17,0.17,358570
2019-11-06,0.17,0.175,0.17,0.17,554230
2019-07-06,0.175,0.175,0.17,0.17,326320
2019-06-06,0.17,0.172,0.17,0.17,563310
2019-05-06,0.175,0.175,0.17,0.17,433790
2019-04-06,0.175,0.175,0.17,0.17,309060
2019-03-06,0.175,0.18,0.175,0.18,266120
2019-05-31,0.18,0.18,0.175,0.18,212870
2019-05-30,0.175,0.18,0.17,0.18,587730
2019-05-29,0.175,0.177,0.175,0.175,440460
2019-05-28,0.18,0.18,0.175,0.18,129850
2019-05-27,0.18,0.18,0.175,0.18,332810
2019-05-24,0.18,0.18,0.175,0.18,149790
2019-05-23,0.18,0.18,0.175,0.18,292630
2019-05-22,0.18,0.18,0.172,0.18,252330
2019-05-21,0.177,0.177,0.175,0.175,205250
2019-05-20,0.175,0.18,0.175,0.175,1280000
2019-05-17,0.175,0.18,0.17,0.175,3580000
2019-05-16,0.185,0.185,0.18,0.185,213460
2019-05-15,0.185,0.185,0.18,0.18,707660
2019-05-14,0.185,0.185,0.18,0.185,359630
2019-05-13,0.185,0.185,0.18,0.18,698210
2019-10-05,0.185,0.185,0.18,0.18,407280
2019-09-05,0.18,0.182,0.18,0.18,398260
2019-08-05,0.185,0.185,0.18,0.18,598210
2019-07-05,0.18,0.185,0.18,0.185,378480
2019-06-05,0.185,0.185,0.18,0.18,173560
2019-03-05,0.182,0.185,0.18,0.185,178570
2019-02-05,0.185,0.185,0.182,0.185,68530
2019-01-05,0.185,0.185,0.18,0.185,231060
2019-04-30,0.182,0.187,0.18,0.18,1250000
2019-04-29,0.18,0.185,0.18,0.185,347460
2019-04-26,0.185,0.185,0.182,0.185,119710
2019-04-24,0.18,0.19,0.18,0.185,595680
2019-04-23,0.18,0.185,0.18,0.18,229590
2019-04-18,0.185,0.185,0.18,0.18,231270
2019-04-17,0.18,0.185,0.18,0.185,540990
2019-04-16,0.18,0.185,0.18,0.18,164300
2019-04-15,0.18,0.182,0.18,0.18,280340
2019-12-04,0.185,0.185,0.18,0.18,119200
2019-11-04,0.185,0.185,0.18,0.18,121250
2019-10-04,0.185,0.185,0.18,0.18,154090
2019-09-04,0.18,0.182,0.18,0.18,191010
2019-08-04,0.18,0.185,0.18,0.18,251750
2019-05-04,0.185,0.185,0.182,0.185,137860
2019-04-04,0.19,0.19,0.185,0.185,409890
2019-03-04,0.187,0.19,0.185,0.19,249690
2019-02-04,0.19,0.192,0.185,0.185,310590
2019-01-04,0.19,0.19,0.187,0.19,101030
2019-03-29,0.185,0.19,0.185,0.19,31870
2019-03-28,0.185,0.19,0.185,0.185,123960
2019-03-27,0.185,0.19,0.185,0.185,29450
2019-03-26,0.185,0.195,0.185,0.185,402850
2019-03-25,0.19,0.19,0.185,0.185,226700
2019-03-22,0.19,0.19,0.185,0.185,227230
2019-03-21,0.19,0.19,0.19,0.19,255430
2019-03-20,0.19,0.19,0.19,0.19,16160
2019-03-19,0.19,0.195,0.19,0.19,425130
2019-03-18,0.195,0.195,0.19,0.19,369280
2019-03-15,0.195,0.197,0.195,0.195,314490
2019-03-14,0.2,0.2,0.195,0.195,83230
2019-03-13,0.195,0.2,0.195,0.195,97010
2019-12-03,0.2,0.202,0.2,0.2,921140
2019-11-03,0.2,0.2,0.2,0.2,312570
2019-08-03,0.2,0.202,0.2,0.2,112810
2019-07-03,0.2,0.202,0.2,0.2,81870
2019-06-03,0.2,0.202,0.2,0.2,556110
2019-05-03,0.2,0.202,0.2,0.2,444410
2019-04-03,0.2,0.202,0.2,0.2,513780
2019-01-03,0.2,0.205,0.2,0.2,392030
2019-02-28,0.202,0.202,0.2,0.2,111630
2019-02-27,0.197,0.2,0.197,0.2,706410
2019-02-26,0.195,0.2,0.195,0.195,614380
2019-02-25,0.2,0.2,0.195,0.195,190930
2019-02-22,0.197,0.2,0.195,0.2,396650
2019-02-21,0.195,0.2,0.195,0.2,169720
2019-02-20,0.2,0.2,0.195,0.195,198800
2019-02-19,0.195,0.2,0.195,0.2,490720
2019-02-18,0.195,0.2,0.195,0.2,313730
2019-02-15,0.2,0.2,0.195,0.195,423030
2019-02-14,0.21,0.21,0.197,0.2,1020000
2019-02-13,0.205,0.215,0.2,0.21,12860000
2019-12-02,0.195,0.195,0.192,0.195,1280000
2019-11-02,0.195,0.195,0.19,0.195,325030
2019-08-02,0.19,0.195,0.19,0.195,265040
2019-07-02,0.19,0.192,0.19,0.19,115620
2019-06-02,0.19,0.195,0.187,0.19,1660000
2019-05-02,0.18,0.185,0.18,0.185,587170
2019-04-02,0.185,0.185,0.18,0.185,710770
2019-01-02,0.182,0.185,0.18,0.185,507900
2019-01-31,0.18,0.185,0.18,0.18,317830
2019-01-30,0.185,0.185,0.18,0.18,402070
2019-01-29,0.18,0.185,0.175,0.185,973420
2019-01-25,0.18,0.18,0.177,0.18,353500
2019-01-24,0.175,0.18,0.175,0.175,958560
2019-01-23,0.175,0.18,0.172,0.18,852070
2019-01-22,0.18,0.18,0.17,0.17,3060000
2019-01-21,0.18,0.182,0.175,0.175,1670000
2019-01-18,0.185,0.185,0.18,0.18,447800
2019-01-17,0.175,0.185,0.175,0.18,325290
2019-01-16,0.18,0.18,0.175,0.175,257690
2019-01-15,0.18,0.18,0.175,0.18,453730
2019-01-14,0.185,0.185,0.175,0.175,1610000
2019-11-01,0.185,0.192,0.182,0.185,1340000
2019-10-01,0.195,0.195,0.18,0.18,869300
2019-09-01,0.19,0.19,0.19,0.19,32439
2019-08-01,0.19,0.195,0.185,0.195,179390
2019-07-01,0.185,0.19,0.185,0.185,360210
2019-04-01,0.19,0.19,0.18,0.19,105050
2019-03-01,0.185,0.19,0.185,0.19,57500
2019-02-01,0.185,0.19,0.185,0.185,48660
2018-12-31,0.185,0.19,0.185,0.185,30940
2018-12-28,0.185,0.185,0.18,0.18,8410
2018-12-27,0.185,0.185,0.18,0.185,90040
2018-12-24,0.18,0.185,0.18,0.185,186190
2018-12-21,0.185,0.185,0.18,0.18,130729
2018-12-20,0.18,0.185,0.18,0.185,129360
2018-12-19,0.18,0.185,0.18,0.18,460450
2018-12-18,0.185,0.185,0.18,0.18,168380
2018-12-17,0.185,0.19,0.185,0.185,52500
2018-12-14,0.19,0.19,0.185,0.185,276300
2018-12-13,0.19,0.19,0.18,0.19,400670
2018-12-12,0.185,0.19,0.18,0.185,109310
2018-11-12,0.19,0.19,0.18,0.185,338030
2018-10-12,0.19,0.195,0.185,0.185,175020
2018-07-12,0.185,0.195,0.18,0.195,322390
2018-06-12,0.19,0.19,0.18,0.18,1580000
2018-05-12,0.19,0.19,0.185,0.185,286540
2018-04-12,0.19,0.19,0.185,0.185,346010
2018-03-12,0.195,0.2,0.19,0.19,786740
2018-11-30,0.195,0.2,0.19,0.19,240260
2018-11-29,0.19,0.2,0.185,0.19,828670
2018-11-28,0.185,0.19,0.185,0.19,395930
2018-11-27,0.19,0.19,0.185,0.19,1000000
2018-11-26,0.195,0.2,0.19,0.19,456640
2018-11-23,0.195,0.2,0.195,0.195,706780
2018-11-22,0.205,0.205,0.195,0.195,423480
2018-11-21,0.2,0.2,0.195,0.195,194430
2018-11-20,0.205,0.205,0.195,0.195,39420
2018-11-19,0.2,0.205,0.195,0.205,140690
2018-11-16,0.2,0.2,0.195,0.195,350060
2018-11-15,0.205,0.205,0.195,0.195,1640000
2018-11-14,0.205,0.207,0.2,0.2,785120
2018-11-13,0.21,0.21,0.2,0.2,1510000
2018-12-11,0.215,0.215,0.205,0.205,430860
2018-09-11,0.215,0.215,0.21,0.215,91360
2018-08-11,0.22,0.22,0.21,0.21,171900
2018-07-11,0.2,0.22,0.2,0.22,1440000
2018-06-11,0.205,0.21,0.205,0.21,269680
2018-05-11,0.2,0.205,0.2,0.205,57120
2018-02-11,0.205,0.205,0.2,0.205,64680
2018-01-11,0.205,0.205,0.2,0.205,111260
2018-10-31,0.205,0.205,0.2,0.2,147950
2018-10-30,0.2,0.205,0.2,0.205,148070
2018-10-29,0.205,0.205,0.2,0.2,158840
2018-10-26,0.205,0.21,0.2,0.2,303940
2018-10-25,0.205,0.207,0.2,0.2,296600
2018-10-24,0.21,0.212,0.205,0.205,258180
2018-10-23,0.21,0.215,0.21,0.215,486470
2018-10-22,0.21,0.212,0.205,0.21,960970
2018-10-19,0.2,0.205,0.2,0.205,251600
2018-10-18,0.21,0.21,0.2,0.2,382320
2018-10-17,0.21,0.21,0.205,0.205,102930
2018-10-16,0.21,0.21,0.205,0.21,659720
2018-10-15,0.215,0.22,0.205,0.205,1170000
2018-12-10,0.21,0.22,0.21,0.215,539230
2018-11-10,0.215,0.215,0.21,0.21,937440
2018-10-10,0.22,0.22,0.215,0.215,118130
2018-09-10,0.225,0.225,0.215,0.215,404520
2018-08-10,0.22,0.225,0.22,0.22,303450
2018-05-10,0.23,0.23,0.222,0.225,23260
2018-04-10,0.225,0.23,0.22,0.22,140560
2018-03-10,0.22,0.225,0.22,0.22,246750
2018-02-10,0.22,0.222,0.22,0.22,39690
2018-01-10,0.22,0.225,0.22,0.225,18420
2018-09-28,0.22,0.225,0.22,0.22,626210
2018-09-27,0.23,0.23,0.225,0.23,9450
2018-09-26,0.225,0.23,0.222,0.23,181560
2018-09-25,0.23,0.23,0.222,0.225,40660
2018-09-24,0.23,0.23,0.222,0.23,60230
2018-09-21,0.22,0.23,0.22,0.23,250980
2018-09-20,0.22,0.23,0.22,0.225,652390
2018-09-19,0.225,0.225,0.22,0.22,236480
2018-09-18,0.225,0.225,0.22,0.22,309900
2018-09-17,0.22,0.225,0.22,0.225,79450
2018-09-14,0.22,0.225,0.22,0.22,431640
2018-09-13,0.22,0.22,0.215,0.215,123490
2018-12-09,0.23,0.23,0.215,0.22,193840
2018-11-09,0.225,0.225,0.22,0.225,96170
2018-10-09,0.215,0.225,0.215,0.225,520530
2018-07-09,0.225,0.225,0.215,0.215,739410
2018-06-09,0.225,0.225,0.22,0.225,44530
2018-05-09,0.23,0.23,0.22,0.225,364430
2018-04-09,0.225,0.23,0.22,0.225,425200
2018-03-09,0.23,0.23,0.22,0.23,326030
2018-08-31,0.225,0.225,0.22,0.225,640950
2018-08-30,0.24,0.245,0.225,0.225,1140000
2018-08-29,0.25,0.25,0.237,0.24,654500
2018-08-28,0.24,0.25,0.24,0.25,1090000
2018-08-27,0.245,0.25,0.235,0.24,1350000
2018-08-24,0.24,0.245,0.235,0.245,787230
2018-08-23,0.235,0.24,0.23,0.23,970990
2018-08-22,0.245,0.25,0.23,0.23,1480000
2018-08-21,0.25,0.25,0.245,0.245,1360000
2018-08-20,0.245,0.25,0.242,0.25,1420000
2018-08-17,0.24,0.25,0.235,0.245,895930
2018-08-16,0.23,0.24,0.225,0.24,3100000
2018-08-15,0.235,0.235,0.23,0.235,145280
2018-08-14,0.22,0.235,0.22,0.235,491720
2018-08-13,0.225,0.23,0.222,0.23,174930
2018-10-08,0.225,0.23,0.225,0.23,238870
2018-09-08,0.22,0.225,0.22,0.225,148640
2018-08-08,0.215,0.225,0.215,0.225,501590
2018-07-08,0.225,0.225,0.215,0.22,399080
2018-06-08,0.215,0.225,0.215,0.225,145280
2018-03-08,0.225,0.225,0.215,0.225,215250
2018-02-08,0.225,0.225,0.22,0.22,112110
2018-01-08,0.22,0.225,0.22,0.225,126190
2018-07-31,0.22,0.22,0.215,0.22,41820
2018-07-30,0.22,0.22,0.215,0.215,39580
2018-07-27,0.225,0.225,0.215,0.215,127800
2018-07-26,0.22,0.225,0.215,0.225,227820
2018-07-25,0.215,0.222,0.215,0.215,199880
2018-07-24,0.22,0.225,0.217,0.225,501000
2018-07-23,0.215,0.22,0.215,0.22,472040
2018-07-20,0.215,0.22,0.212,0.22,196380
2018-07-19,0.21,0.215,0.21,0.215,73560
2018-07-18,0.215,0.215,0.21,0.21,498990
2018-07-17,0.21,0.215,0.21,0.21,169810
2018-07-16,0.215,0.215,0.21,0.21,58960
2018-07-13,0.215,0.215,0.21,0.21,358510
2018-12-07,0.215,0.215,0.21,0.215,122680
2018-11-07,0.215,0.215,0.21,0.215,76000
2018-10-07,0.215,0.215,0.21,0.21,66970
2018-09-07,0.21,0.215,0.21,0.21,204350
2018-06-07,0.22,0.22,0.215,0.215,203820
2018-05-07,0.22,0.22,0.215,0.22,45060
2018-04-07,0.22,0.22,0.215,0.215,65560
2018-03-07,0.215,0.22,0.21,0.215,517970
2018-02-07,0.215,0.22,0.215,0.215,246550
2018-06-29,0.22,0.225,0.215,0.22,225650
2018-06-28,0.22,0.225,0.21,0.22,660000
2018-06-27,0.22,0.22,0.215,0.22,114740
2018-06-26,0.22,0.22,0.215,0.22,585430
2018-06-25,0.225,0.225,0.215,0.22,313430
2018-06-22,0.22,0.225,0.215,0.225,602200
2018-06-21,0.22,0.23,0.215,0.23,578600
2018-06-20,0.225,0.225,0.22,0.22,125570
2018-06-19,0.22,0.225,0.22,0.225,212770
2018-06-18,0.22,0.225,0.215,0.225,373790
2018-06-15,0.225,0.225,0.222,0.225,593370
2018-06-14,0.225,0.225,0.22,0.225,350240
2018-06-13,0.225,0.225,0.22,0.225,495690
2018-12-06,0.215,0.222,0.215,0.22,959060
2018-08-06,0.22,0.22,0.215,0.215,210900
2018-07-06,0.215,0.222,0.215,0.22,281750
2018-06-06,0.22,0.22,0.215,0.215,306140
2018-05-06,0.22,0.225,0.22,0.225,234670
2018-04-06,0.22,0.23,0.215,0.23,262350
2018-01-06,0.227,0.23,0.215,0.225,330680
2018-05-31,0.22,0.23,0.22,0.23,301890
2018-05-30,0.22,0.22,0.215,0.22,398980
2018-05-29,0.22,0.22,0.215,0.215,433980
2018-05-28,0.23,0.23,0.215,0.225,1240000
2018-05-25,0.23,0.235,0.23,0.235,78680
2018-05-24,0.232,0.235,0.23,0.23,64190
2018-05-23,0.235,0.235,0.23,0.235,105650
2018-05-22,0.23,0.235,0.225,0.235,288320
2018-05-21,0.235,0.24,0.23,0.23,120220
2018-05-18,0.24,0.24,0.23,0.23,273040
2018-05-17,0.235,0.24,0.235,0.24,87390
2018-05-16,0.24,0.24,0.235,0.235,84900
2018-05-15,0.24,0.242,0.235,0.24,273360
2018-05-14,0.245,0.245,0.24,0.245,192490
2018-11-05,0.24,0.245,0.24,0.245,213870
2018-10-05,0.245,0.245,0.24,0.24,194230
2018-09-05,0.235,0.245,0.235,0.245,413250
2018-08-05,0.24,0.24,0.232,0.235,164590
2018-07-05,0.235,0.24,0.235,0.235,323510
2018-04-05,0.24,0.245,0.235,0.235,225510
2018-03-05,0.235,0.245,0.235,0.24,792390
2018-02-05,0.23,0.235,0.227,0.23,419170
2018-01-05,0.225,0.23,0.22,0.23,122580
2018-04-30,0.23,0.232,0.22,0.22,886190
2018-04-27,0.227,0.227,0.225,0.225,160270
2018-04-26,0.23,0.232,0.225,0.225,661420
2018-04-24,0.225,0.23,0.225,0.23,111720
2018-04-23,0.22,0.23,0.22,0.23,367050
2018-04-20,0.22,0.225,0.22,0.225,118020
2018-04-19,0.22,0.225,0.22,0.223,56310
2018-04-18,0.22,0.225,0.22,0.22,155190
2018-04-17,0.22,0.225,0.217,0.22,203980
2018-04-16,0.22,0.22,0.215,0.22,500820
2018-04-13,0.215,0.22,0.215,0.215,166630
2018-12-04,0.22,0.22,0.215,0.215,343490
2018-11-04,0.225,0.23,0.22,0.23,156270
2018-10-04,0.217,0.225,0.217,0.22,358530
2018-09-04,0.22,0.222,0.215,0.22,122810
2018-06-04,0.215,0.222,0.215,0.22,351820
2018-05-04,0.22,0.225,0.21,0.215,898880
2018-04-04,0.225,0.227,0.22,0.22,355640
2018-03-04,0.22,0.23,0.22,0.23,400280
2018-03-29,0.225,0.225,0.22,0.22,205720
2018-03-28,0.23,0.23,0.225,0.225,126800
2018-03-27,0.23,0.235,0.225,0.225,859540
2018-03-26,0.225,0.23,0.225,0.23,184950
2018-03-23,0.225,0.23,0.225,0.23,800480
2018-03-22,0.23,0.23,0.225,0.225,66260
2018-03-21,0.225,0.23,0.225,0.23,431280
2018-03-20,0.23,0.235,0.225,0.225,863170
2018-03-19,0.235,0.235,0.23,0.23,236620
2018-03-16,0.225,0.235,0.225,0.235,632860
2018-03-15,0.23,0.235,0.225,0.225,607070
2018-03-14,0.225,0.23,0.225,0.23,279780
2018-03-13,0.235,0.235,0.225,0.225,1500000
2018-12-03,0.24,0.242,0.232,0.235,1010000
2018-09-03,0.24,0.242,0.235,0.235,717090
2018-08-03,0.24,0.245,0.24,0.245,112370
2018-07-03,0.24,0.245,0.24,0.245,350120
2018-06-03,0.245,0.245,0.235,0.24,561010
2018-05-03,0.23,0.245,0.23,0.245,796680
2018-02-03,0.245,0.245,0.23,0.23,2290000
2018-01-03,0.245,0.25,0.24,0.24,1970000
2018-02-28,0.26,0.26,0.24,0.25,1320000
2018-02-27,0.245,0.26,0.245,0.26,625470
2018-02-26,0.255,0.255,0.245,0.245,700000
2018-02-23,0.25,0.255,0.25,0.25,325750
2018-02-22,0.245,0.25,0.237,0.25,674070
2018-02-21,0.245,0.245,0.24,0.24,280600
2018-02-20,0.245,0.245,0.24,0.245,189690
2018-02-19,0.245,0.245,0.235,0.235,270020
2018-02-16,0.24,0.245,0.235,0.245,150290
2018-02-15,0.235,0.24,0.23,0.235,342290
2018-02-14,0.245,0.245,0.235,0.235,331030
2018-02-13,0.24,0.245,0.24,0.24,131030
2018-12-02,0.245,0.245,0.24,0.24,414730
2018-09-02,0.24,0.242,0.24,0.24,252240
2018-08-02,0.245,0.245,0.24,0.245,485930
2018-07-02,0.24,0.245,0.235,0.24,790770
2018-06-02,0.25,0.25,0.23,0.23,2029999
2018-05-02,0.245,0.257,0.245,0.25,643040
2018-02-02,0.26,0.26,0.255,0.255,587850
2018-01-02,0.27,0.27,0.25,0.26,988920
2018-01-31,0.265,0.27,0.265,0.27,332690
2018-01-30,0.265,0.27,0.265,0.27,1010000
2018-01-29,0.27,0.27,0.265,0.27,1280000
2018-01-25,0.27,0.27,0.265,0.27,1350000
2018-01-24,0.265,0.27,0.265,0.27,429470
2018-01-23,0.262,0.27,0.262,0.27,656400
2018-01-22,0.26,0.265,0.26,0.265,657080
2018-01-19,0.27,0.27,0.265,0.265,644810
2018-01-18,0.265,0.27,0.262,0.27,1360000
2018-01-17,0.265,0.27,0.265,0.265,344710
2018-01-16,0.27,0.27,0.265,0.27,380920
2018-01-15,0.265,0.27,0.265,0.27,314940
2018-12-01,0.27,0.27,0.26,0.26,780950
2018-11-01,0.27,0.27,0.255,0.27,590110
2018-10-01,0.26,0.27,0.26,0.27,348950
2018-09-01,0.265,0.265,0.26,0.26,517100
2018-08-01,0.265,0.267,0.26,0.26,805550
2018-05-01,0.275,0.275,0.265,0.265,395300
2018-04-01,0.27,0.275,0.27,0.27,504270
2018-03-01,0.27,0.275,0.27,0.27,220090
2018-02-01,0.28,0.28,0.27,0.27,208030
2017-12-29,0.275,0.28,0.275,0.28,357870
2017-12-28,0.27,0.277,0.27,0.275,209040
2017-12-27,0.28,0.28,0.27,0.27,763280
2017-12-22,0.28,0.28,0.275,0.28,343530
2017-12-21,0.27,0.28,0.27,0.28,596970
2017-12-20,0.27,0.272,0.265,0.27,150370
2017-12-19,0.28,0.28,0.27,0.27,383910
2017-12-18,0.265,0.28,0.265,0.28,565210
2017-12-15,0.275,0.275,0.265,0.265,142120
2017-12-14,0.265,0.275,0.265,0.275,381120
2017-12-13,0.265,0.275,0.265,0.265,310980
2017-12-12,0.28,0.285,0.265,0.265,984060
2017-11-12,0.28,0.285,0.275,0.285,1610000
2017-08-12,0.28,0.282,0.277,0.28,1220000
2017-07-12,0.28,0.285,0.28,0.28,785470
2017-06-12,0.29,0.29,0.28,0.28,1430000
2017-05-12,0.29,0.295,0.285,0.29,1470000
2017-04-12,0.285,0.29,0.285,0.29,814780
2017-01-12,0.29,0.29,0.28,0.29,1810000
2017-11-30,0.285,0.29,0.28,0.29,1880000
2017-11-29,0.28,0.285,0.277,0.285,1030000
2017-11-28,0.275,0.285,0.275,0.275,1830000
2017-11-27,0.28,0.28,0.275,0.28,613740
2017-11-24,0.275,0.28,0.275,0.28,1770000
2017-11-23,0.27,0.275,0.265,0.265,1660000
2017-11-22,0.265,0.28,0.265,0.275,1040000
2017-11-21,0.285,0.285,0.26,0.26,2900000
2017-11-20,0.28,0.29,0.27,0.285,8710000
2017-11-17,0.23,0.282,0.23,0.265,9180000
2017-11-16,0.225,0.232,0.225,0.23,543160
2017-11-15,0.23,0.235,0.225,0.23,909810
2017-11-14,0.23,0.235,0.23,0.23,931650
2017-11-13,0.23,0.235,0.23,0.23,1300000
2017-10-11,0.24,0.245,0.23,0.23,3380000
2017-09-11,0.225,0.245,0.225,0.24,7560000
2017-08-11,0.19,0.22,0.19,0.22,6760000
2017-07-11,0.195,0.195,0.192,0.195,1060000
2017-06-11,0.195,0.195,0.192,0.195,271850
2017-03-11,0.19,0.195,0.19,0.195,556970
2017-02-11,0.19,0.195,0.19,0.195,421210
2017-01-11,0.185,0.195,0.185,0.195,290860
2017-10-31,0.19,0.192,0.185,0.185,424980
2017-10-30,0.19,0.195,0.185,0.195,348900
2017-10-27,0.187,0.192,0.187,0.19,2190000
2017-10-26,0.19,0.192,0.185,0.185,7290000
2017-10-25,0.195,0.195,0.19,0.19,1430000
2017-10-24,0.185,0.195,0.185,0.19,1540000
2017-10-23,0.185,0.19,0.185,0.19,550090
2017-10-20,0.185,0.19,0.185,0.19,529400
2017-10-19,0.185,0.19,0.185,0.185,110420
2017-10-18,0.19,0.19,0.185,0.19,198670
2017-10-17,0.185,0.19,0.182,0.19,401060
2017-10-16,0.185,0.19,0.185,0.185,637890
2017-10-13,0.185,0.187,0.18,0.185,501270
2017-12-10,0.18,0.185,0.18,0.185,425220
2017-11-10,0.185,0.187,0.18,0.185,969630
2017-10-10,0.185,0.185,0.18,0.185,453310
2017-09-10,0.18,0.185,0.18,0.185,411940
2017-06-10,0.185,0.185,0.18,0.18,686750
2017-05-10,0.185,0.185,0.18,0.18,640120
2017-04-10,0.18,0.185,0.18,0.18,62900
2017-03-10,0.185,0.185,0.18,0.18,87020
2017-02-10,0.185,0.185,0.18,0.18,946170
2017-09-29,0.18,0.185,0.18,0.185,43100
2017-09-28,0.18,0.185,0.18,0.18,63970
2017-09-27,0.182,0.185,0.18,0.18,71170
2017-09-26,0.18,0.185,0.18,0.18,172570
2017-09-25,0.185,0.185,0.18,0.18,640200
2017-09-22,0.18,0.185,0.18,0.185,165640
2017-09-21,0.185,0.185,0.182,0.185,189680
2017-09-20,0.18,0.185,0.18,0.18,321730
2017-09-19,0.182,0.185,0.18,0.185,203740
2017-09-18,0.18,0.185,0.18,0.185,70740
2017-09-15,0.185,0.187,0.18,0.18,798210
2017-09-14,0.19,0.19,0.185,0.185,141840
2017-09-13,0.182,0.185,0.18,0.185,387900
2017-12-09,0.185,0.185,0.18,0.18,202560
2017-11-09,0.19,0.19,0.18,0.18,116000
2017-08-09,0.185,0.19,0.182,0.185,933760
2017-07-09,0.185,0.19,0.185,0.185,84920
2017-06-09,0.19,0.19,0.185,0.19,64140
2017-05-09,0.19,0.19,0.185,0.19,360330
2017-04-09,0.19,0.19,0.185,0.19,423600
2017-01-09,0.185,0.195,0.185,0.19,275440
2017-08-31,0.187,0.19,0.185,0.185,769950
2017-08-30,0.185,0.195,0.185,0.19,335360
2017-08-29,0.195,0.195,0.185,0.195,667920
2017-08-28,0.2,0.2,0.185,0.185,1350000
2017-08-25,0.195,0.2,0.19,0.195,307590
2017-08-24,0.195,0.2,0.192,0.2,307510
2017-08-23,0.2,0.202,0.192,0.195,980470
2017-08-22,0.202,0.205,0.2,0.205,362760
2017-08-21,0.2,0.205,0.195,0.205,1330000
2017-08-18,0.205,0.205,0.2,0.205,1110000
2017-08-17,0.215,0.215,0.2,0.2,1820000
2017-08-16,0.215,0.215,0.205,0.215,2350000
2017-08-15,0.2,0.21,0.197,0.21,3240000
2017-08-14,0.195,0.2,0.192,0.2,997930
2017-11-08,0.185,0.195,0.182,0.195,1990000
2017-10-08,0.18,0.185,0.18,0.185,3290000
2017-09-08,0.18,0.18,0.175,0.175,189780
2017-08-08,0.175,0.18,0.17,0.18,521309
2017-07-08,0.175,0.175,0.17,0.175,149760
2017-04-08,0.175,0.175,0.17,0.17,157980
2017-03-08,0.17,0.175,0.17,0.175,309180
2017-02-08,0.175,0.175,0.17,0.17,289010
2017-01-08,0.175,0.175,0.17,0.17,286910
2017-07-31,0.175,0.175,0.17,0.175,466730
2017-07-28,0.17,0.172,0.17,0.17,894510
2017-07-27,0.172,0.175,0.167,0.175,1380000
2017-07-26,0.17,0.172,0.17,0.17,274990
2017-07-25,0.17,0.175,0.17,0.17,315410
2017-07-24,0.17,0.175,0.17,0.17,229780
2017-07-21,0.17,0.172,0.17,0.17,187260
2017-07-20,0.17,0.175,0.17,0.17,645700
2017-07-19,0.175,0.175,0.17,0.17,506000
2017-07-18,0.175,0.175,0.17,0.17,604780
2017-07-17,0.17,0.175,0.17,0.17,548740
2017-07-14,0.17,0.175,0.17,0.175,321440
2017-07-13,0.17,0.175,0.17,0.17,1260000
2017-12-07,0.175,0.175,0.17,0.17,103030
2017-11-07,0.17,0.175,0.167,0.175,602210
2017-10-07,0.165,0.172,0.165,0.165,768720
2017-07-07,0.17,0.172,0.16,0.165,1690000
2017-06-07,0.17,0.17,0.167,0.17,711380
2017-05-07,0.165,0.17,0.165,0.165,779290
2017-04-07,0.17,0.172,0.165,0.165,983880
2017-03-07,0.17,0.17,0.165,0.17,1550000
2017-06-30,0.165,0.165,0.16,0.16,2280000
2017-06-29,0.17,0.17,0.162,0.165,1570000
2017-06-28,0.165,0.17,0.16,0.17,1260000
2017-06-27,0.17,0.17,0.165,0.165,1020000
2017-06-26,0.17,0.175,0.165,0.165,3130000
2017-06-23,0.175,0.175,0.17,0.17,1140000
2017-06-22,0.175,0.177,0.17,0.175,996350
2017-06-21,0.175,0.18,0.17,0.175,700060
2017-06-20,0.175,0.18,0.175,0.175,417280
2017-06-19,0.175,0.18,0.175,0.18,211610
2017-06-16,0.175,0.18,0.175,0.175,1070000
2017-06-15,0.185,0.19,0.175,0.175,855210
2017-06-14,0.19,0.197,0.185,0.185,2950000
2017-06-13,0.18,0.19,0.18,0.185,1090000
2017-09-06,0.17,0.185,0.17,0.185,4200000
2017-08-06,0.17,0.175,0.17,0.175,1750000
2017-07-06,0.175,0.175,0.17,0.175,1430000
2017-06-06,0.17,0.175,0.165,0.175,1040000
2017-05-06,0.175,0.175,0.17,0.17,80410
2017-02-06,0.175,0.175,0.17,0.17,553830
2017-01-06,0.17,0.175,0.17,0.17,268040
2017-05-31,0.17,0.175,0.17,0.17,481330
2017-05-30,0.175,0.175,0.17,0.17,506110
2017-05-29,0.18,0.18,0.17,0.175,448000
2017-05-26,0.17,0.18,0.17,0.18,131370
2017-05-25,0.18,0.18,0.17,0.175,2850000
2017-05-24,0.18,0.18,0.175,0.175,87600
2017-05-23,0.182,0.185,0.175,0.175,976080
2017-05-22,0.18,0.182,0.175,0.175,723270
2017-05-19,0.17,0.18,0.17,0.18,672940
2017-05-18,0.175,0.18,0.17,0.17,1350000
2017-05-17,0.175,0.18,0.175,0.18,164100
2017-05-16,0.177,0.18,0.175,0.175,265240
2017-05-15,0.18,0.182,0.177,0.18,262230
2017-12-05,0.18,0.185,0.18,0.18,653740
2017-11-05,0.185,0.185,0.18,0.18,1630000
2017-10-05,0.185,0.185,0.18,0.18,836500
2017-09-05,0.18,0.185,0.18,0.18,387050
2017-08-05,0.185,0.185,0.18,0.18,1020000
2017-05-05,0.185,0.185,0.18,0.18,182580
2017-04-05,0.19,0.19,0.18,0.18,1050000
2017-03-05,0.19,0.19,0.185,0.185,329570
2017-02-05,0.19,0.19,0.185,0.185,237220
2017-01-05,0.185,0.19,0.185,0.185,292690
2017-04-28,0.19,0.195,0.185,0.185,668920
2017-04-27,0.19,0.195,0.182,0.19,4410000
2017-04-26,0.195,0.195,0.19,0.19,720130
2017-04-24,0.19,0.195,0.19,0.19,637300
2017-04-21,0.195,0.195,0.19,0.19,1680000
2017-04-20,0.195,0.195,0.19,0.195,148000
2017-04-19,0.195,0.195,0.19,0.19,265550
2017-04-18,0.195,0.195,0.19,0.19,960680
2017-04-13,0.192,0.195,0.19,0.19,523020
2017-12-04,0.19,0.195,0.19,0.19,117750
2017-11-04,0.195,0.195,0.19,0.19,212790
2017-10-04,0.195,0.195,0.19,0.195,291340
2017-07-04,0.195,0.195,0.19,0.19,504330
2017-06-04,0.195,0.195,0.19,0.195,2089999
2017-05-04,0.195,0.195,0.19,0.19,658690
2017-04-04,0.195,0.2,0.19,0.195,629520
2017-03-04,0.195,0.195,0.19,0.195,737620
2017-03-31,0.195,0.195,0.19,0.19,608090
2017-03-30,0.195,0.195,0.19,0.195,602270
2017-03-29,0.195,0.195,0.19,0.19,1910000
2017-03-28,0.195,0.195,0.19,0.19,325080
2017-03-27,0.19,0.195,0.19,0.19,480260
2017-03-24,0.19,0.195,0.19,0.19,203150
2017-03-23,0.19,0.195,0.19,0.19,455280
2017-03-22,0.195,0.195,0.19,0.19,488580
2017-03-21,0.195,0.2,0.19,0.195,1130000
2017-03-20,0.195,0.195,0.19,0.19,250510
2017-03-17,0.195,0.195,0.192,0.195,436660
2017-03-16,0.192,0.195,0.192,0.195,206830
2017-03-15,0.195,0.195,0.19,0.195,207460
2017-03-14,0.195,0.195,0.19,0.195,347140
2017-03-13,0.195,0.195,0.19,0.195,559900
2017-10-03,0.195,0.195,0.19,0.19,609680
2017-09-03,0.195,0.195,0.19,0.19,506340
2017-08-03,0.195,0.195,0.192,0.195,244740
2017-07-03,0.195,0.195,0.19,0.19,297460
2017-06-03,0.195,0.195,0.19,0.19,175060
2017-03-03,0.195,0.195,0.19,0.195,407340
2017-02-03,0.195,0.195,0.192,0.195,229640
2017-01-03,0.19,0.195,0.19,0.19,607060
2017-02-28,0.195,0.195,0.19,0.19,1470000
2017-02-27,0.19,0.195,0.19,0.19,369650
2017-02-24,0.195,0.195,0.19,0.195,256140
2017-02-23,0.195,0.195,0.19,0.195,451680
2017-02-22,0.195,0.195,0.19,0.19,682940
2017-02-21,0.195,0.195,0.19,0.19,672700
2017-02-20,0.195,0.197,0.19,0.19,708570
2017-02-17,0.2,0.2,0.19,0.19,1450000
2017-02-16,0.2,0.2,0.195,0.195,2910000
2017-02-15,0.195,0.2,0.19,0.2,1710000
2017-02-14,0.195,0.195,0.19,0.195,2940000
2017-02-13,0.195,0.197,0.19,0.19,2069999
2017-10-02,0.195,0.195,0.19,0.19,3010000
2017-09-02,0.195,0.195,0.19,0.19,1620000
2017-08-02,0.2,0.2,0.195,0.195,1900000
2017-07-02,0.2,0.2,0.195,0.195,933170
2017-06-02,0.205,0.207,0.195,0.2,3190000
2017-03-02,0.215,0.215,0.205,0.205,2500000
2017-02-02,0.22,0.222,0.215,0.215,433990
2017-01-02,0.22,0.222,0.22,0.22,319770
2017-01-31,0.222,0.225,0.22,0.22,607030
2017-01-30,0.22,0.222,0.22,0.22,754070
2017-01-27,0.225,0.225,0.22,0.22,853140
2017-01-25,0.225,0.225,0.22,0.22,861820
2017-01-24,0.222,0.225,0.22,0.22,1130000
2017-01-23,0.22,0.225,0.22,0.22,426210
2017-01-20,0.225,0.225,0.22,0.22,765340
2017-01-19,0.225,0.225,0.22,0.22,290330
2017-01-18,0.23,0.23,0.22,0.22,908190
2017-01-17,0.23,0.23,0.225,0.225,465780
2017-01-16,0.225,0.23,0.225,0.225,487010
2017-01-13,0.225,0.23,0.225,0.225,258779
2017-12-01,0.225,0.23,0.225,0.225,295610
2017-11-01,0.225,0.23,0.225,0.225,750920
2017-10-01,0.23,0.23,0.225,0.225,501060
2017-09-01,0.23,0.235,0.23,0.23,401770
2017-06-01,0.23,0.235,0.23,0.23,131030
2017-05-01,0.23,0.235,0.227,0.23,684520
2017-04-01,0.23,0.235,0.23,0.23,381670
2017-03-01,0.235,0.235,0.227,0.23,690780
2016-12-30,0.23,0.235,0.227,0.235,1520000
2016-12-29,0.23,0.23,0.225,0.225,1800000
2016-12-28,0.225,0.23,0.222,0.225,729160
2016-12-23,0.225,0.225,0.22,0.22,1190000
2016-12-22,0.22,0.225,0.22,0.22,285850
2016-12-21,0.22,0.225,0.22,0.22,464130
2016-12-20,0.225,0.225,0.22,0.22,301840
2016-12-19,0.222,0.227,0.22,0.22,649180
2016-12-16,0.225,0.227,0.22,0.22,2280000
2016-12-15,0.22,0.225,0.22,0.22,437920
2016-12-14,0.225,0.225,0.22,0.22,410330
2016-12-13,0.22,0.225,0.22,0.225,373430
2016-12-12,0.225,0.225,0.22,0.225,365950
2016-09-12,0.22,0.225,0.217,0.225,1360000
2016-08-12,0.215,0.225,0.215,0.22,761660
2016-07-12,0.225,0.225,0.215,0.22,1210000
2016-06-12,0.22,0.225,0.22,0.22,1040000
2016-05-12,0.22,0.225,0.22,0.22,588880
2016-02-12,0.225,0.225,0.22,0.22,95120
2016-01-12,0.225,0.225,0.22,0.225,376230
2016-11-30,0.22,0.225,0.22,0.22,779410
2016-11-29,0.22,0.225,0.22,0.22,384080
2016-11-28,0.225,0.225,0.22,0.22,1100000
2016-11-25,0.22,0.225,0.22,0.22,1190000
2016-11-24,0.225,0.227,0.225,0.225,236880
2016-11-23,0.23,0.23,0.225,0.225,261810
2016-11-22,0.225,0.23,0.225,0.225,230250
2016-11-21,0.225,0.23,0.225,0.23,712430
2016-11-18,0.23,0.232,0.225,0.225,621660
2016-11-17,0.225,0.235,0.225,0.235,1630000
2016-11-16,0.225,0.23,0.225,0.225,291450
2016-11-15,0.22,0.225,0.22,0.22,446490
2016-11-14,0.23,0.23,0.225,0.225,302700
2016-11-11,0.225,0.23,0.22,0.23,169640
2016-10-11,0.225,0.23,0.222,0.225,277810
2016-09-11,0.225,0.235,0.22,0.225,2410000
2016-08-11,0.22,0.225,0.215,0.215,424610
2016-07-11,0.225,0.227,0.22,0.22,381360
2016-04-11,0.225,0.23,0.222,0.225,592430
2016-03-11,0.23,0.232,0.22,0.225,2100000
2016-02-11,0.23,0.235,0.23,0.23,1860000
2016-01-11,0.24,0.24,0.235,0.24,137100
2016-10-31,0.235,0.24,0.235,0.235,198670
2016-10-28,0.24,0.242,0.235,0.235,3360000
2016-10-27,0.235,0.235,0.23,0.23,316130
2016-10-26,0.232,0.235,0.23,0.23,283250
2016-10-25,0.235,0.237,0.23,0.23,586220
2016-10-24,0.24,0.24,0.235,0.235,336970
2016-10-21,0.235,0.237,0.235,0.235,256269
2016-10-20,0.235,0.24,0.235,0.235,250190
2016-10-19,0.235,0.24,0.23,0.235,1410000
2016-10-18,0.232,0.235,0.23,0.23,955600
2016-10-17,0.235,0.235,0.23,0.23,196960
2016-10-14,0.232,0.235,0.23,0.235,292710
2016-10-13,0.235,0.235,0.23,0.23,812930
2016-12-10,0.235,0.235,0.23,0.23,1860000
2016-11-10,0.235,0.235,0.23,0.23,759870
2016-10-10,0.235,0.235,0.23,0.23,457930
2016-07-10,0.23,0.235,0.23,0.23,335350
2016-06-10,0.24,0.24,0.23,0.23,294160
2016-05-10,0.235,0.24,0.232,0.235,452730
2016-04-10,0.235,0.237,0.232,0.235,286560
2016-03-10,0.235,0.235,0.23,0.23,150980
2016-09-30,0.24,0.24,0.235,0.235,811780
2016-09-29,0.235,0.24,0.235,0.235,1120000
2016-09-28,0.245,0.245,0.24,0.24,840910
2016-09-27,0.235,0.242,0.235,0.24,2430000
2016-09-26,0.24,0.24,0.235,0.235,1430000
2016-09-23,0.235,0.24,0.23,0.24,846140
2016-09-22,0.235,0.24,0.23,0.235,1200000
2016-09-21,0.23,0.237,0.23,0.235,254210
2016-09-20,0.24,0.24,0.23,0.23,1650000
2016-09-19,0.24,0.24,0.235,0.24,84820
2016-09-16,0.24,0.24,0.23,0.235,14730000
2016-09-15,0.235,0.24,0.235,0.235,524850
2016-09-14,0.24,0.24,0.235,0.235,430790
2016-09-13,0.235,0.24,0.232,0.24,1820000
2016-12-09,0.235,0.24,0.232,0.235,807230
2016-09-09,0.24,0.245,0.235,0.24,1580000
2016-08-09,0.23,0.24,0.23,0.24,759370
2016-07-09,0.23,0.235,0.225,0.23,1970000
2016-06-09,0.23,0.23,0.225,0.225,676530
2016-05-09,0.23,0.23,0.225,0.225,355780
2016-02-09,0.23,0.23,0.225,0.225,1370000
2016-01-09,0.23,0.235,0.225,0.225,1750000
2016-08-31,0.24,0.242,0.23,0.23,1950000
2016-08-30,0.24,0.245,0.235,0.245,745840
2016-08-29,0.24,0.24,0.23,0.24,688180
2016-08-26,0.24,0.24,0.235,0.235,668870
2016-08-25,0.235,0.24,0.227,0.235,740400
2016-08-24,0.23,0.235,0.225,0.235,1290000
2016-08-23,0.23,0.235,0.23,0.23,1630000
2016-08-22,0.245,0.245,0.235,0.235,1250000
2016-08-19,0.245,0.245,0.24,0.24,637630
2016-08-18,0.245,0.245,0.24,0.24,1060000
2016-08-17,0.245,0.245,0.24,0.245,394380
2016-08-16,0.25,0.25,0.24,0.24,831110
2016-08-15,0.25,0.25,0.24,0.25,767980
2016-12-08,0.245,0.245,0.24,0.245,932620
2016-11-08,0.245,0.245,0.24,0.245,965310
2016-10-08,0.245,0.25,0.24,0.245,1200000
2016-09-08,0.25,0.25,0.24,0.24,1690000
2016-08-08,0.25,0.255,0.245,0.245,2470000
2016-05-08,0.24,0.245,0.24,0.245,2360000
2016-04-08,0.25,0.25,0.24,0.24,1310000
2016-03-08,0.25,0.25,0.24,0.245,1030000
2016-02-08,0.245,0.25,0.24,0.25,1940000
2016-01-08,0.24,0.25,0.23,0.24,2950000
2016-07-29,0.215,0.245,0.215,0.24,3500000
2016-07-28,0.21,0.22,0.21,0.215,1530000
2016-07-27,0.215,0.22,0.21,0.215,1360000
2016-07-26,0.22,0.22,0.21,0.215,1680000
2016-07-25,0.215,0.217,0.21,0.215,2260000
2016-07-22,0.215,0.215,0.212,0.215,1100000
2016-07-21,0.21,0.215,0.21,0.21,2820000
2016-07-20,0.21,0.215,0.21,0.21,309130
2016-07-19,0.215,0.215,0.21,0.21,2180000
2016-07-18,0.215,0.215,0.21,0.21,775750
2016-07-15,0.215,0.22,0.21,0.21,1560000
2016-07-14,0.215,0.22,0.21,0.215,1980000
2016-07-13,0.215,0.22,0.21,0.215,1710000
2016-12-07,0.215,0.215,0.21,0.21,455630
2016-11-07,0.21,0.215,0.207,0.215,804670
2016-08-07,0.205,0.21,0.205,0.205,819170
2016-07-07,0.21,0.21,0.205,0.205,1850000
2016-06-07,0.2,0.21,0.2,0.205,2440000
2016-05-07,0.2,0.205,0.195,0.2,2089999
2016-04-07,0.21,0.212,0.2,0.2,5500000
2016-01-07,0.21,0.215,0.21,0.21,1520000
2016-06-30,0.2,0.21,0.195,0.205,4150000
2016-06-29,0.21,0.22,0.2,0.2,9430000
2016-06-28,0.225,0.225,0.21,0.21,5070000
2016-06-27,0.23,0.237,0.22,0.225,1050000
2016-06-24,0.235,0.24,0.22,0.225,2410000
2016-06-23,0.24,0.245,0.235,0.235,1630000
2016-06-22,0.255,0.255,0.235,0.235,3020000
2016-06-21,0.255,0.257,0.25,0.25,1120000
2016-06-20,0.255,0.257,0.25,0.255,1220000
2016-06-17,0.255,0.26,0.25,0.26,5650000
2016-06-16,0.26,0.26,0.25,0.255,3460000
2016-06-15,0.285,0.285,0.252,0.26,5840000
2016-06-14,0.295,0.295,0.29,0.295,883760
2016-10-06,0.295,0.3,0.29,0.29,1760000
2016-09-06,0.29,0.29,0.28,0.28,638070
2016-08-06,0.29,0.29,0.285,0.285,476290
2016-07-06,0.295,0.295,0.29,0.29,881820
2016-06-06,0.295,0.295,0.29,0.29,552260
2016-03-06,0.3,0.3,0.29,0.295,506430
2016-02-06,0.305,0.305,0.29,0.295,928390
2016-01-06,0.31,0.32,0.3,0.305,3860000
2016-05-31,0.295,0.3,0.287,0.3,4320000
2016-05-30,0.27,0.28,0.27,0.28,387370
2016-05-27,0.27,0.272,0.265,0.27,1030000
2016-05-26,0.275,0.277,0.27,0.27,3730000
2016-05-25,0.275,0.275,0.27,0.275,583900
2016-05-24,0.28,0.28,0.27,0.27,733410
2016-05-23,0.28,0.285,0.275,0.275,1090000
2016-05-20,0.285,0.285,0.275,0.28,491750
2016-05-19,0.285,0.285,0.28,0.285,421370
2016-05-18,0.28,0.285,0.275,0.275,797620
2016-05-17,0.28,0.285,0.28,0.28,979820
2016-05-16,0.28,0.285,0.28,0.28,595020
2016-05-13,0.28,0.285,0.275,0.275,764760
2016-12-05,0.285,0.285,0.275,0.275,2660000
2016-11-05,0.295,0.3,0.28,0.28,1660000
2016-10-05,0.28,0.29,0.275,0.285,2360000
2016-09-05,0.29,0.29,0.27,0.275,1930000
2016-06-05,0.295,0.295,0.275,0.275,3800000
2016-05-05,0.305,0.31,0.295,0.295,1980000
2016-04-05,0.32,0.32,0.305,0.305,1900000
2016-03-05,0.33,0.332,0.31,0.32,3050000
2016-02-05,0.355,0.355,0.33,0.33,2990000
2016-04-29,0.35,0.355,0.35,0.35,345180
2016-04-28,0.35,0.355,0.35,0.35,311570
2016-04-27,0.345,0.355,0.345,0.35,926860
2016-04-26,0.35,0.35,0.345,0.345,981890
2016-04-22,0.35,0.35,0.345,0.345,680330
2016-04-21,0.35,0.352,0.345,0.345,2530000
2016-04-20,0.355,0.36,0.35,0.35,1540000
2016-04-19,0.355,0.355,0.35,0.35,563530
2016-04-18,0.355,0.362,0.35,0.35,1770000
2016-04-15,0.365,0.37,0.355,0.355,1130000
2016-04-14,0.36,0.365,0.355,0.365,574260
2016-04-13,0.365,0.367,0.355,0.355,809790
2016-12-04,0.37,0.37,0.357,0.36,788880
2016-11-04,0.365,0.375,0.365,0.365,523909
2016-08-04,0.375,0.38,0.36,0.36,1350000
2016-07-04,0.36,0.37,0.355,0.37,902710
2016-06-04,0.36,0.365,0.355,0.355,605460
2016-05-04,0.37,0.39,0.36,0.36,1550000
2016-04-04,0.36,0.365,0.36,0.36,293970
2016-01-04,0.36,0.362,0.355,0.36,425620
2016-03-31,0.34,0.365,0.34,0.365,1420000
2016-03-30,0.38,0.382,0.34,0.34,3730000
2016-03-29,0.385,0.387,0.375,0.375,368770
2016-03-24,0.385,0.387,0.38,0.38,546820
2016-03-23,0.385,0.39,0.38,0.39,527280
2016-03-22,0.385,0.39,0.38,0.385,1440000
2016-03-21,0.385,0.385,0.37,0.38,4560000
2016-03-18,0.4,0.402,0.35,0.35,5120000
2016-03-17,0.415,0.42,0.4,0.4,1430000
2016-03-16,0.435,0.435,0.405,0.405,1440000
2016-03-15,0.435,0.435,0.43,0.43,475300
2016-03-14,0.435,0.44,0.43,0.43,788830
2016-11-03,0.442,0.445,0.435,0.435,247100
2016-10-03,0.44,0.447,0.44,0.44,1720000
2016-09-03,0.445,0.445,0.44,0.44,224750
2016-08-03,0.445,0.445,0.44,0.44,241630
2016-07-03,0.45,0.45,0.445,0.445,414020
2016-04-03,0.45,0.455,0.445,0.445,216460
2016-03-03,0.447,0.455,0.447,0.455,77570
2016-02-03,0.45,0.455,0.445,0.445,226790
2016-01-03,0.44,0.45,0.44,0.445,197560
2016-02-29,0.442,0.445,0.44,0.445,85370
2016-02-26,0.45,0.46,0.445,0.445,172410
2016-02-25,0.465,0.47,0.45,0.45,370790
2016-02-24,0.465,0.47,0.46,0.47,221750
2016-02-23,0.465,0.47,0.46,0.46,488990
2016-02-22,0.47,0.475,0.465,0.465,162710
2016-02-19,0.46,0.47,0.46,0.47,351580
2016-02-18,0.46,0.465,0.46,0.465,137110
2016-02-17,0.46,0.465,0.455,0.465,237020
2016-02-16,0.47,0.472,0.46,0.465,300490
2016-02-15,0.475,0.475,0.465,0.47,392030
2016-12-02,0.47,0.485,0.47,0.475,286100
2016-11-02,0.49,0.49,0.46,0.46,606530
2016-10-02,0.465,0.49,0.465,0.49,425730
2016-09-02,0.482,0.49,0.465,0.47,452760
2016-08-02,0.485,0.487,0.48,0.485,115820
2016-05-02,0.49,0.49,0.487,0.49,453970
2016-04-02,0.49,0.49,0.48,0.49,1220000
2016-03-02,0.485,0.49,0.48,0.49,571120
2016-02-02,0.485,0.485,0.48,0.48,569970
2016-01-02,0.49,0.49,0.48,0.49,853010
2016-01-29,0.48,0.49,0.48,0.49,575130
2016-01-28,0.485,0.49,0.48,0.49,921800
2016-01-27,0.485,0.49,0.482,0.49,276650
2016-01-25,0.49,0.49,0.485,0.49,243710
2016-01-22,0.48,0.487,0.48,0.48,386670
2016-01-21,0.485,0.49,0.48,0.48,426020
2016-01-20,0.49,0.49,0.482,0.485,812620
2016-01-19,0.49,0.49,0.48,0.49,646100
2016-01-18,0.49,0.49,0.48,0.49,349640
2016-01-17,0.49,0.49,0.487,0.49,54690
2016-01-15,0.49,0.495,0.485,0.495,502540
2016-01-14,0.485,0.495,0.48,0.495,229400
2016-01-13,0.47,0.495,0.47,0.495,1150000
2016-12-01,0.455,0.475,0.455,0.475,383450
2016-11-01,0.467,0.47,0.455,0.455,164600
2016-10-01,0.468,0.468,0.468,0.468,-
2016-08-01,0.455,0.475,0.455,0.475,357480
2016-07-01,0.46,0.465,0.455,0.465,435860
2016-06-01,0.45,0.46,0.45,0.46,70390
2016-05-01,0.45,0.46,0.45,0.46,191040
2016-04-01,0.45,0.46,0.45,0.45,204980
2016-03-01,0.45,0.455,0.45,0.455,41710
2015-12-31,0.45,0.46,0.45,0.455,120350
2015-12-30,0.445,0.46,0.445,0.46,239500
2015-12-29,0.445,0.45,0.442,0.445,205190
2015-12-28,0.445,0.45,0.443,0.45,33480
2015-12-24,0.445,0.45,0.44,0.44,60350
2015-12-23,0.45,0.46,0.445,0.445,489010
2015-12-22,0.46,0.46,0.45,0.45,214580
2015-12-21,0.45,0.46,0.45,0.46,1290000
2015-12-20,0.45,0.455,0.45,0.455,846320
2015-12-18,0.45,0.46,0.445,0.46,800250
2015-12-17,0.46,0.46,0.45,0.46,481500
2015-12-16,0.455,0.46,0.45,0.46,587290
2015-12-15,0.455,0.46,0.45,0.45,300430
2015-12-14,0.44,0.46,0.44,0.46,302570
2015-12-13,0.443,0.45,0.443,0.45,24450
2015-11-12,0.445,0.455,0.445,0.455,593320
2015-10-12,0.44,0.445,0.44,0.445,462140
2015-09-12,0.447,0.45,0.435,0.435,321430
2015-08-12,0.445,0.46,0.442,0.45,776600
2015-07-12,0.445,0.45,0.435,0.445,423580
2015-06-12,0.445,0.445,0.443,0.445,153270
2015-04-12,0.455,0.455,0.44,0.44,277850
2015-03-12,0.44,0.457,0.44,0.45,741690
2015-02-12,0.445,0.46,0.445,0.445,439050
2015-01-12,0.44,0.445,0.44,0.44,63490
2015-11-30,0.45,0.452,0.435,0.435,1350000
2015-11-29,0.453,0.453,0.45,0.45,7720
2015-11-27,0.45,0.455,0.45,0.455,499190
2015-11-26,0.46,0.46,0.445,0.445,738850
2015-11-25,0.46,0.46,0.455,0.46,57460
2015-11-24,0.455,0.46,0.455,0.46,490040
2015-11-23,0.46,0.46,0.455,0.46,129160
2015-11-22,0.458,0.458,0.455,0.455,12700
2015-11-20,0.46,0.46,0.457,0.46,86480
2015-11-19,0.447,0.465,0.447,0.455,1670000
2015-11-18,0.435,0.455,0.435,0.445,505590
2015-11-17,0.43,0.44,0.425,0.44,916990
2015-11-16,0.45,0.45,0.422,0.43,840330
2015-11-15,0.45,0.45,0.445,0.448,9190
2015-11-13,0.445,0.46,0.44,0.46,506760
2015-12-11,0.45,0.455,0.442,0.445,130860
2015-11-11,0.46,0.46,0.45,0.455,383530
2015-10-11,0.467,0.47,0.455,0.455,401520
2015-09-11,0.47,0.47,0.465,0.47,201790
2015-08-11,0.47,0.47,0.465,0.468,36540
2015-06-11,0.472,0.475,0.465,0.475,122870
2015-05-11,0.48,0.48,0.47,0.475,281130
2015-04-11,0.48,0.48,0.475,0.48,151110
2015-03-11,0.485,0.485,0.48,0.485,402650
2015-02-11,0.475,0.485,0.475,0.485,112090
2015-01-11,0.475,0.48,0.475,0.48,9000
2015-10-30,0.465,0.48,0.46,0.48,22180000
2015-10-29,0.467,0.47,0.46,0.465,312460
2015-10-28,0.467,0.47,0.465,0.465,41310
2015-10-27,0.47,0.47,0.462,0.47,287460
2015-10-26,0.47,0.472,0.462,0.47,277860
2015-10-25,0.472,0.472,0.468,0.468,77700
2015-10-23,0.46,0.475,0.46,0.475,724400
2015-10-22,0.465,0.47,0.46,0.46,834000
2015-10-21,0.465,0.47,0.465,0.47,172310
2015-10-20,0.47,0.47,0.465,0.465,125890
2015-10-19,0.47,0.47,0.465,0.465,166110
2015-10-18,0.47,0.47,0.47,0.47,15480
2015-10-16,0.48,0.48,0.465,0.465,543290
2015-10-15,0.47,0.48,0.47,0.475,258269
2015-10-14,0.48,0.482,0.47,0.47,392020
2015-10-13,0.475,0.485,0.475,0.485,1350000
2015-12-10,0.485,0.485,0.48,0.485,291240
2015-11-10,0.485,0.485,0.48,0.48,31940
2015-09-10,0.48,0.485,0.475,0.485,752820
2015-08-10,0.48,0.48,0.475,0.48,500050
2015-07-10,0.48,0.485,0.475,0.48,1540000
2015-06-10,0.48,0.482,0.475,0.48,552640
2015-05-10,0.48,0.485,0.475,0.475,502630
2015-02-10,0.475,0.485,0.475,0.475,249450
2015-01-10,0.48,0.485,0.475,0.48,523820
2015-09-30,0.475,0.485,0.475,0.485,454390
2015-09-29,0.48,0.48,0.47,0.48,452240
2015-09-28,0.47,0.48,0.47,0.48,353830
2015-09-25,0.47,0.47,0.467,0.47,359910
2015-09-24,0.47,0.47,0.465,0.47,364380
2015-09-23,0.465,0.47,0.46,0.47,897370
2015-09-22,0.47,0.47,0.46,0.47,804630
2015-09-21,0.46,0.47,0.457,0.47,215670
2015-09-18,0.455,0.47,0.455,0.455,652670
2015-09-17,0.46,0.465,0.455,0.465,445550
2015-09-16,0.465,0.47,0.46,0.465,146320
2015-09-15,0.47,0.47,0.455,0.47,152050
2015-09-14,0.45,0.465,0.45,0.465,570820
2015-11-09,0.45,0.46,0.445,0.46,645530
2015-10-09,0.45,0.45,0.442,0.445,414360
2015-09-09,0.45,0.45,0.445,0.45,527810
2015-08-09,0.445,0.455,0.445,0.45,231010
2015-07-09,0.46,0.46,0.445,0.455,589250
2015-04-09,0.45,0.46,0.445,0.46,611180
2015-03-09,0.45,0.45,0.445,0.45,373500
2015-02-09,0.455,0.455,0.445,0.455,152780
2015-01-09,0.455,0.455,0.442,0.455,452870
2015-08-31,0.45,0.465,0.45,0.465,529250
2015-08-28,0.46,0.46,0.45,0.46,272920
2015-08-27,0.455,0.46,0.455,0.455,292140
2015-08-26,0.455,0.46,0.45,0.45,631730
2015-08-25,0.45,0.46,0.45,0.46,1140000
2015-08-24,0.455,0.46,0.447,0.46,1490000
2015-08-21,0.45,0.455,0.445,0.455,734750
2015-08-20,0.45,0.45,0.445,0.45,615200
2015-08-19,0.44,0.45,0.44,0.45,292920
2015-08-18,0.445,0.45,0.44,0.45,588890
2015-08-17,0.442,0.445,0.44,0.44,705820
2015-08-14,0.44,0.445,0.44,0.44,442710
2015-08-13,0.44,0.445,0.435,0.435,357440
2015-12-08,0.44,0.445,0.435,0.445,1000000
2015-11-08,0.445,0.445,0.44,0.445,219130
2015-10-08,0.44,0.445,0.435,0.445,663550
2015-07-08,0.44,0.442,0.435,0.435,518240
2015-06-08,0.44,0.44,0.435,0.44,93810
2015-05-08,0.44,0.445,0.435,0.435,910580
2015-04-08,0.45,0.45,0.44,0.44,3110000
2015-03-08,0.44,0.45,0.44,0.45,914900
2015-07-31,0.44,0.44,0.43,0.44,395230
2015-07-30,0.445,0.45,0.435,0.435,686730
2015-07-29,0.445,0.45,0.445,0.45,395420
2015-07-28,0.45,0.455,0.44,0.445,388710
2015-07-27,0.46,0.465,0.45,0.45,231230
2015-07-24,0.47,0.47,0.46,0.46,153570
2015-07-23,0.46,0.47,0.46,0.47,181020
2015-07-22,0.47,0.47,0.465,0.47,699370
2015-07-21,0.465,0.47,0.455,0.455,909520
2015-07-20,0.44,0.47,0.44,0.47,653600
2015-07-17,0.435,0.45,0.43,0.45,1320000
2015-07-16,0.435,0.435,0.43,0.43,1480000
2015-07-15,0.435,0.44,0.43,0.43,1900000
2015-07-14,0.435,0.435,0.43,0.43,205120
2015-07-13,0.44,0.44,0.43,0.435,601250
2015-10-07,0.43,0.44,0.43,0.435,408610
2015-09-07,0.44,0.44,0.425,0.43,708120
2015-08-07,0.445,0.445,0.435,0.435,332650
2015-07-07,0.435,0.45,0.435,0.45,233410
2015-06-07,0.43,0.44,0.43,0.44,238340
2015-03-07,0.435,0.44,0.43,0.435,94750
2015-02-07,0.43,0.44,0.425,0.44,317730
2015-01-07,0.435,0.435,0.425,0.425,493370
2015-06-30,0.44,0.445,0.43,0.43,703470
2015-06-29,0.44,0.46,0.435,0.46,875830
2015-06-26,0.455,0.455,0.435,0.45,277500
2015-06-25,0.44,0.45,0.435,0.45,552670
2015-06-24,0.435,0.45,0.43,0.45,374450
2015-06-23,0.435,0.44,0.43,0.43,940850
2015-06-22,0.435,0.435,0.425,0.435,340200
2015-06-19,0.425,0.44,0.425,0.44,906240
2015-06-18,0.43,0.435,0.425,0.425,514919
2015-06-17,0.435,0.44,0.427,0.43,492870
2015-06-16,0.425,0.435,0.42,0.435,1160000
2015-06-15,0.435,0.437,0.425,0.425,976320
2015-12-06,0.42,0.445,0.415,0.445,2590000
2015-11-06,0.46,0.462,0.445,0.45,1180000
2015-10-06,0.46,0.465,0.46,0.46,1020000
2015-09-06,0.46,0.465,0.46,0.46,195940
2015-05-06,0.46,0.462,0.46,0.46,1120000
2015-04-06,0.465,0.47,0.46,0.46,631900
2015-03-06,0.47,0.47,0.46,0.46,308080
2015-02-06,0.465,0.47,0.46,0.47,551850
2015-01-06,0.47,0.472,0.46,0.46,664300
2015-05-29,0.475,0.48,0.465,0.47,6740000
2015-05-28,0.48,0.485,0.47,0.47,1100000
2015-05-27,0.49,0.495,0.48,0.48,720770
2015-05-26,0.49,0.492,0.49,0.49,444230
2015-05-25,0.495,0.495,0.49,0.49,633650
2015-05-22,0.47,0.5,0.47,0.5,995200
2015-05-21,0.48,0.485,0.47,0.47,738080
2015-05-20,0.49,0.495,0.48,0.48,694800
2015-05-19,0.49,0.495,0.485,0.485,617920
2015-05-18,0.495,0.5,0.49,0.49,448650
2015-05-15,0.495,0.5,0.49,0.5,834710
2015-05-14,0.49,0.5,0.49,0.495,521539
2015-05-13,0.495,0.497,0.49,0.49,1320000
2015-12-05,0.49,0.5,0.49,0.5,735630
2015-11-05,0.5,0.5,0.49,0.49,425860
2015-08-05,0.495,0.502,0.49,0.5,303210
2015-07-05,0.495,0.5,0.49,0.495,907410
2015-06-05,0.49,0.505,0.49,0.505,874650
2015-05-05,0.5,0.505,0.49,0.49,1110000
2015-04-05,0.5,0.505,0.495,0.495,1610000
2015-01-05,0.51,0.51,0.5,0.5,580830
2015-04-30,0.51,0.512,0.502,0.51,419010
2015-04-29,0.525,0.525,0.51,0.51,614880
2015-04-28,0.53,0.53,0.52,0.525,255430
2015-04-27,0.525,0.532,0.525,0.525,133250
2015-04-24,0.525,0.532,0.522,0.525,984080
2015-04-23,0.525,0.53,0.52,0.525,897700
2015-04-22,0.53,0.535,0.525,0.535,354360
2015-04-21,0.525,0.54,0.525,0.535,750930
2015-04-20,0.515,0.53,0.515,0.52,832180
2015-04-17,0.52,0.52,0.515,0.52,1190000
2015-04-16,0.515,0.52,0.51,0.52,1070000
2015-04-15,0.52,0.52,0.505,0.52,522500
2015-04-14,0.515,0.525,0.51,0.52,1060000
2015-04-13,0.54,0.545,0.5,0.505,2240000
2015-10-04,0.55,0.55,0.54,0.54,146880
2015-09-04,0.555,0.56,0.542,0.55,994060
2015-08-04,0.545,0.555,0.54,0.555,1580000
2015-07-04,0.55,0.555,0.54,0.54,932930
2015-02-04,0.54,0.55,0.54,0.55,1010000
2015-01-04,0.515,0.55,0.515,0.55,3020000
2015-03-31,0.51,0.515,0.505,0.515,1220000
2015-03-30,0.5,0.51,0.495,0.51,1050000
2015-03-29,0.5,0.51,0.495,0.51,524590
2015-03-27,0.495,0.495,0.485,0.495,897660
2015-03-26,0.51,0.512,0.495,0.495,1420000
2015-03-25,0.515,0.52,0.51,0.515,619490
2015-03-24,0.51,0.515,0.51,0.51,383900
2015-03-23,0.51,0.515,0.51,0.51,1510000
2015-03-22,0.51,0.515,0.51,0.51,340810
2015-03-20,0.51,0.515,0.505,0.51,3190000
2015-03-19,0.52,0.52,0.505,0.515,823180
2015-03-18,0.51,0.52,0.51,0.515,1160000
2015-03-17,0.495,0.51,0.492,0.51,3370000
2015-03-16,0.49,0.5,0.487,0.495,2280000
2015-03-15,0.49,0.495,0.487,0.495,579620
2015-03-13,0.49,0.49,0.485,0.49,203690
2015-12-03,0.495,0.495,0.485,0.485,1150000
2015-11-03,0.49,0.495,0.48,0.495,1720000
2015-10-03,0.48,0.49,0.48,0.49,716280
2015-09-03,0.485,0.49,0.48,0.48,362290
2015-08-03,0.485,0.487,0.485,0.487,33790
2015-06-03,0.48,0.49,0.48,0.49,593920
2015-05-03,0.49,0.49,0.477,0.485,483190
2015-04-03,0.485,0.49,0.48,0.49,367240
2015-03-03,0.495,0.495,0.48,0.48,1040000
2015-02-03,0.495,0.497,0.49,0.495,807210
2015-01-03,0.495,0.497,0.495,0.495,237560
2015-02-27,0.49,0.5,0.48,0.5,3140000
2015-02-26,0.48,0.49,0.48,0.49,901080
2015-02-25,0.485,0.485,0.48,0.485,294300
2015-02-24,0.48,0.485,0.48,0.485,219650
2015-02-23,0.48,0.49,0.48,0.48,978110
2015-02-22,0.48,0.49,0.48,0.487,134180
2015-02-20,0.48,0.485,0.475,0.485,1430000
2015-02-19,0.47,0.48,0.47,0.48,989140
2015-02-18,0.47,0.475,0.465,0.475,1070000
2015-02-17,0.47,0.475,0.465,0.47,842950
2015-02-16,0.47,0.475,0.465,0.475,1420000
2015-02-15,0.47,0.47,0.465,0.468,183460
2015-02-13,0.46,0.47,0.46,0.47,1310000
2015-12-02,0.47,0.47,0.46,0.46,1490000
2015-11-02,0.47,0.47,0.465,0.47,402460
2015-10-02,0.47,0.47,0.465,0.47,922810
2015-09-02,0.46,0.47,0.455,0.47,1150000
2015-08-02,0.46,0.46,0.455,0.458,326020
2015-06-02,0.455,0.467,0.445,0.455,4350000
2015-05-02,0.435,0.45,0.435,0.445,845360
2015-04-02,0.45,0.45,0.43,0.435,3320000
2015-03-02,0.455,0.46,0.45,0.45,1640000
2015-02-02,0.465,0.47,0.46,0.46,1460000
2015-01-02,0.465,0.468,0.46,0.46,555990
2015-01-30,0.47,0.47,0.465,0.47,2009999
2015-01-29,0.47,0.47,0.465,0.47,1760000
2015-01-28,0.46,0.47,0.46,0.47,1310000
2015-01-27,0.465,0.47,0.46,0.47,1040000
2015-01-26,0.465,0.465,0.46,0.465,50930
2015-01-23,0.47,0.47,0.46,0.465,1480000
2015-01-22,0.465,0.475,0.465,0.47,3580000
2015-01-21,0.45,0.46,0.45,0.46,2600000
2015-01-20,0.44,0.445,0.44,0.445,406920
2015-01-19,0.445,0.445,0.44,0.44,90990
2015-01-18,0.445,0.445,0.44,0.44,5430
2015-01-16,0.44,0.445,0.432,0.445,1850000
2015-01-15,0.44,0.45,0.435,0.445,1260000
2015-01-14,0.445,0.45,0.44,0.44,929760
2015-01-13,0.435,0.45,0.432,0.45,2410000
2015-12-01,0.43,0.435,0.425,0.435,1160000
2015-11-01,0.43,0.43,0.427,0.43,59180
2015-09-01,0.44,0.44,0.43,0.435,430940
2015-08-01,0.435,0.44,0.43,0.435,1620000
2015-07-01,0.43,0.435,0.425,0.435,1750000
2015-06-01,0.415,0.43,0.415,0.43,1010000
2015-05-01,0.41,0.425,0.41,0.425,1270000
2015-04-01,0.41,0.415,0.41,0.415,282900
2015-02-01,0.415,0.42,0.41,0.41,304080
2015-01-01,0.415,0.42,0.415,0.42,33330
2014-12-31,0.42,0.42,0.415,0.42,276520
2014-12-30,0.415,0.42,0.415,0.42,259430
2014-12-29,0.41,0.42,0.405,0.415,355680
2014-12-28,0.41,0.41,0.405,0.41,37530
2014-12-24,0.415,0.42,0.405,0.42,783830
2014-12-23,0.425,0.425,0.415,0.425,640940
2014-12-22,0.43,0.43,0.42,0.42,753310
2014-12-21,0.43,0.43,0.425,0.43,325370
2014-12-19,0.43,0.43,0.425,0.425,374040
2014-12-18,0.425,0.43,0.42,0.43,484440
2014-12-17,0.425,0.43,0.42,0.43,972130
2014-12-16,0.425,0.425,0.417,0.425,737270
2014-12-15,0.425,0.432,0.42,0.42,600650
2014-12-14,0.425,0.433,0.425,0.425,159780
2014-12-12,0.43,0.435,0.43,0.435,1100000
2014-11-12,0.43,0.435,0.43,0.435,1970000
2014-10-12,0.425,0.435,0.42,0.435,1490000
2014-09-12,0.43,0.44,0.42,0.42,2450000
2014-08-12,0.425,0.44,0.425,0.43,3840000
2014-07-12,0.425,0.435,0.425,0.435,1190000
2014-05-12,0.425,0.43,0.415,0.42,812070
2014-04-12,0.42,0.43,0.415,0.43,1920000
2014-03-12,0.42,0.42,0.415,0.42,641120
2014-02-12,0.415,0.415,0.41,0.415,1180000
2014-01-12,0.415,0.435,0.41,0.41,5680000
2014-11-30,0.415,0.433,0.415,0.433,3150000
2014-11-28,0.415,0.42,0.405,0.415,2049999
2014-11-27,0.415,0.415,0.407,0.415,465500
2014-11-26,0.41,0.415,0.41,0.415,198460
2014-11-25,0.415,0.415,0.41,0.41,1020000
2014-11-24,0.4,0.415,0.4,0.415,1390000
2014-11-23,0.4,0.403,0.4,0.403,138280
2014-11-21,0.4,0.41,0.395,0.405,64080000
2014-11-20,0.395,0.405,0.395,0.405,1470000
2014-11-19,0.4,0.405,0.395,0.395,1950000
2014-11-18,0.395,0.4,0.395,0.4,365810
2014-11-17,0.39,0.4,0.39,0.4,1590000
2014-11-16,0.39,0.398,0.39,0.398,865590
2014-11-14,0.38,0.395,0.38,0.39,805060
2014-11-13,0.38,0.385,0.375,0.38,401100
2014-12-11,0.375,0.385,0.375,0.38,205660
2014-11-11,0.385,0.385,0.375,0.375,775760
2014-10-11,0.39,0.395,0.385,0.385,699180
2014-09-11,0.39,0.39,0.385,0.385,189920
2014-07-11,0.385,0.395,0.385,0.385,240220
2014-06-11,0.39,0.395,0.385,0.39,563520
2014-05-11,0.395,0.395,0.39,0.395,758490
2014-04-11,0.395,0.4,0.39,0.395,817620
2014-03-11,0.395,0.405,0.39,0.4,2490000
2014-02-11,0.395,0.4,0.39,0.395,478840
2014-10-31,0.395,0.395,0.385,0.385,317080
2014-10-30,0.395,0.395,0.385,0.39,566430
2014-10-29,0.385,0.395,0.385,0.39,648750
2014-10-28,0.385,0.385,0.38,0.385,1250000
2014-10-27,0.38,0.385,0.375,0.385,686540
2014-10-26,0.38,0.38,0.375,0.375,27670
2014-10-24,0.375,0.38,0.37,0.38,590700
2014-10-23,0.375,0.375,0.37,0.375,162670
2014-10-22,0.375,0.377,0.37,0.375,713410
2014-10-21,0.37,0.375,0.365,0.375,838060
2014-10-20,0.37,0.375,0.365,0.365,665490
2014-10-19,0.37,0.375,0.368,0.37,243690
2014-10-17,0.37,0.375,0.37,0.375,642200
2014-10-16,0.375,0.377,0.37,0.375,148830
2014-10-15,0.375,0.38,0.372,0.38,319400
2014-10-14,0.375,0.38,0.375,0.375,112740
2014-10-13,0.38,0.385,0.38,0.38,440210
2014-12-10,0.38,0.38,0.38,0.38,-
2014-10-10,0.38,0.385,0.38,0.385,234180
2014-09-10,0.375,0.385,0.375,0.38,203470
2014-08-10,0.37,0.375,0.365,0.37,238420
2014-07-10,0.37,0.375,0.365,0.37,301750
2014-06-10,0.36,0.367,0.36,0.365,193510
2014-05-10,0.36,0.365,0.36,0.365,7920
2014-03-10,0.365,0.37,0.36,0.36,353230
2014-02-10,0.375,0.375,0.362,0.37,550010
2014-01-10,0.38,0.385,0.375,0.375,665770
2014-09-30,0.385,0.39,0.38,0.38,675380
2014-09-29,0.395,0.395,0.385,0.385,163640
2014-09-26,0.39,0.395,0.385,0.395,202270
2014-09-25,0.385,0.39,0.385,0.385,109480
2014-09-24,0.385,0.39,0.385,0.39,206690
2014-09-23,0.385,0.39,0.385,0.39,199210
2014-09-22,0.395,0.395,0.385,0.385,292380
2014-09-19,0.395,0.4,0.385,0.39,2500000
2014-09-18,0.395,0.4,0.39,0.39,426510
2014-09-17,0.395,0.4,0.395,0.4,230240
2014-09-16,0.4,0.4,0.395,0.4,250160
2014-09-15,0.39,0.4,0.39,0.4,586390
2014-12-09,0.4,0.405,0.39,0.39,1050000
2014-11-09,0.41,0.415,0.4,0.4,883880
2014-10-09,0.415,0.415,0.41,0.415,349610
2014-09-09,0.41,0.415,0.41,0.41,345420
2014-08-09,0.41,0.415,0.41,0.415,426070
2014-05-09,0.405,0.415,0.405,0.415,676840
2014-04-09,0.415,0.415,0.41,0.415,295420
2014-03-09,0.405,0.415,0.405,0.415,1040000
2014-02-09,0.405,0.41,0.405,0.41,473630
2014-01-09,0.415,0.417,0.405,0.405,775890
2014-08-29,0.405,0.415,0.4,0.415,3140000
2014-08-28,0.395,0.405,0.395,0.405,894830
2014-08-27,0.395,0.4,0.39,0.4,513159
2014-08-26,0.4,0.4,0.39,0.4,1180000
2014-08-25,0.395,0.4,0.39,0.4,786920
2014-08-22,0.395,0.4,0.39,0.395,636090
2014-08-21,0.39,0.397,0.387,0.395,912180
2014-08-20,0.385,0.395,0.385,0.385,435370
2014-08-19,0.38,0.39,0.38,0.39,969300
2014-08-18,0.38,0.385,0.375,0.38,535710
2014-08-15,0.39,0.39,0.38,0.38,1960000
2014-08-14,0.395,0.4,0.39,0.39,1820000
2014-08-13,0.405,0.405,0.395,0.4,1450000
2014-12-08,0.405,0.405,0.395,0.405,601120
2014-11-08,0.405,0.41,0.395,0.395,840810
2014-08-08,0.4,0.41,0.395,0.41,776550
2014-07-08,0.405,0.405,0.395,0.395,453140
2014-06-08,0.4,0.405,0.4,0.405,435490
2014-05-08,0.405,0.41,0.4,0.4,812390
2014-04-08,0.4,0.41,0.4,0.41,452610
2014-01-08,0.4,0.405,0.4,0.405,617930
2014-07-31,0.4,0.405,0.4,0.405,352450
2014-07-30,0.4,0.405,0.395,0.395,945610
2014-07-29,0.395,0.4,0.395,0.4,486270
2014-07-28,0.4,0.405,0.395,0.395,710650
2014-07-25,0.405,0.41,0.395,0.405,2760000
2014-07-24,0.405,0.41,0.405,0.41,448940
2014-07-23,0.405,0.41,0.405,0.405,1340000
2014-07-22,0.405,0.41,0.405,0.41,871280
2014-07-21,0.405,0.41,0.405,0.405,400070
2014-07-18,0.405,0.41,0.4,0.41,1190000
2014-07-17,0.405,0.41,0.4,0.405,2100000
2014-07-16,0.405,0.41,0.405,0.405,445070
2014-07-15,0.41,0.41,0.405,0.41,397060
2014-07-14,0.415,0.415,0.405,0.41,951370
2014-11-07,0.415,0.415,0.41,0.415,500830
2014-10-07,0.42,0.42,0.41,0.415,1990000
2014-09-07,0.42,0.425,0.42,0.42,780470
2014-08-07,0.42,0.425,0.42,0.425,2420000
2014-07-07,0.425,0.43,0.42,0.42,1020000
2014-04-07,0.43,0.43,0.425,0.425,395040
2014-03-07,0.435,0.435,0.425,0.425,581770
2014-02-07,0.435,0.435,0.425,0.43,790940
2014-01-07,0.43,0.435,0.425,0.435,955250
2014-06-30,0.445,0.445,0.43,0.43,2290000
2014-06-27,0.445,0.445,0.44,0.445,667030
2014-06-26,0.44,0.445,0.435,0.445,2490000
2014-06-25,0.435,0.44,0.43,0.44,1270000
2014-06-24,0.43,0.44,0.427,0.43,1990000
2014-06-23,0.425,0.43,0.425,0.43,1300000
2014-06-20,0.42,0.43,0.42,0.43,1150000
2014-06-19,0.425,0.43,0.42,0.42,2040000
2014-06-18,0.42,0.427,0.42,0.425,1510000
2014-06-17,0.425,0.43,0.42,0.43,2089999
2014-06-16,0.42,0.43,0.42,0.43,1560000
2014-06-13,0.4,0.44,0.4,0.43,31110000
2014-12-06,0.405,0.41,0.4,0.405,951590
2014-11-06,0.405,0.41,0.4,0.405,1160000
2014-10-06,0.405,0.41,0.405,0.405,1210000
2014-06-06,0.41,0.415,0.405,0.405,1580000
2014-05-06,0.405,0.41,0.402,0.41,1690000
2014-04-06,0.405,0.41,0.4,0.41,561690
2014-03-06,0.4,0.415,0.4,0.41,2120000
2014-02-06,0.41,0.41,0.4,0.4,1920000
2014-05-30,0.415,0.42,0.41,0.41,12600000
2014-05-29,0.42,0.42,0.41,0.42,2150000
2014-05-28,0.42,0.427,0.415,0.42,3330000
2014-05-27,0.42,0.42,0.41,0.415,2029999
2014-05-26,0.42,0.425,0.415,0.42,2040000
2014-05-23,0.41,0.42,0.405,0.42,5290000
2014-05-22,0.395,0.41,0.395,0.41,2820000
2014-05-21,0.385,0.395,0.385,0.395,825310
2014-05-20,0.395,0.4,0.382,0.39,2240000
2014-05-19,0.4,0.41,0.395,0.395,1080000
2014-05-16,0.38,0.407,0.38,0.405,2910000
2014-05-15,0.4,0.405,0.385,0.385,2790000
2014-05-14,0.405,0.41,0.4,0.405,474940
2014-05-13,0.405,0.41,0.4,0.4,598320
2014-12-05,0.4,0.41,0.395,0.41,1400000
2014-09-05,0.385,0.407,0.382,0.405,7410000
2014-08-05,0.37,0.38,0.365,0.38,2460000
2014-07-05,0.365,0.37,0.36,0.37,577080
2014-06-05,0.365,0.365,0.36,0.36,1120000
2014-05-05,0.365,0.365,0.36,0.36,741080
2014-02-05,0.37,0.372,0.365,0.365,1840000
2014-01-05,0.37,0.375,0.37,0.37,1300000
2014-04-30,0.38,0.38,0.37,0.37,1230000
2014-04-29,0.38,0.385,0.375,0.38,424940
2014-04-28,0.38,0.382,0.38,0.38,462820
2014-04-24,0.385,0.39,0.38,0.385,2370000
2014-04-23,0.385,0.385,0.38,0.385,936460
2014-04-22,0.385,0.385,0.38,0.38,556730
2014-04-17,0.385,0.385,0.38,0.385,4410000
2014-04-16,0.385,0.385,0.38,0.38,1120000
2014-04-15,0.385,0.39,0.38,0.38,998390
2014-04-14,0.38,0.39,0.375,0.39,2820000
2014-11-04,0.38,0.385,0.38,0.385,825580
2014-10-04,0.385,0.39,0.38,0.385,1600000
2014-09-04,0.385,0.39,0.38,0.385,663200
2014-08-04,0.39,0.39,0.38,0.385,1990000
2014-07-04,0.385,0.39,0.385,0.39,2170000
2014-04-04,0.385,0.39,0.38,0.39,1850000
2014-03-04,0.385,0.387,0.38,0.385,1890000
2014-02-04,0.38,0.39,0.375,0.39,3070000
2014-01-04,0.375,0.38,0.37,0.38,984220
2014-03-31,0.38,0.382,0.37,0.37,1460000
2014-03-30,0.38,0.382,0.38,0.38,72850
2014-03-28,0.365,0.385,0.36,0.385,5970000
2014-03-27,0.36,0.37,0.35,0.37,2069999
2014-03-26,0.37,0.37,0.36,0.36,3230000
2014-03-25,0.37,0.38,0.36,0.375,5140000
2014-03-24,0.365,0.37,0.355,0.37,6280000
2014-03-23,0.365,0.365,0.357,0.357,2300000
2014-03-21,0.36,0.365,0.34,0.36,69370000
2014-03-20,0.36,0.365,0.355,0.36,10930000
2014-03-19,0.355,0.36,0.35,0.36,5770000
2014-03-18,0.35,0.355,0.35,0.355,4400000
2014-03-17,0.35,0.355,0.345,0.35,2930000
2014-03-16,0.35,0.352,0.35,0.35,216890
2014-03-14,0.35,0.355,0.345,0.35,3010000
2014-03-13,0.355,0.36,0.35,0.36,1820000
2014-12-03,0.35,0.355,0.35,0.355,6670000
2014-11-03,0.355,0.357,0.35,0.35,2470000
2014-10-03,0.355,0.36,0.35,0.355,2600000
2014-09-03,0.355,0.357,0.355,0.357,83090
2014-07-03,0.36,0.36,0.352,0.36,2020000
2014-06-03,0.36,0.365,0.355,0.36,4080000
2014-05-03,0.36,0.367,0.355,0.36,3940000
2014-04-03,0.35,0.36,0.35,0.36,2660000
2014-03-03,0.345,0.355,0.345,0.355,1420000
2014-02-03,0.345,0.35,0.345,0.345,106440
2014-02-28,0.345,0.35,0.34,0.35,8150000
2014-02-27,0.35,0.35,0.345,0.35,1540000
2014-02-26,0.35,0.35,0.345,0.35,1240000
2014-02-25,0.35,0.35,0.345,0.35,2780000
2014-02-24,0.35,0.35,0.345,0.35,1700000
2014-02-23,0.35,0.35,0.345,0.347,91130
2014-02-21,0.35,0.35,0.345,0.35,2730000
2014-02-20,0.345,0.35,0.34,0.345,4000000
2014-02-19,0.345,0.345,0.335,0.34,4150000
2014-02-18,0.345,0.347,0.34,0.345,1190000
2014-02-17,0.345,0.35,0.34,0.35,2069999
2014-02-16,0.345,0.345,0.34,0.342,99210
2014-02-14,0.34,0.345,0.34,0.345,1310000
2014-02-13,0.34,0.345,0.335,0.345,1310000
2014-12-02,0.34,0.35,0.337,0.345,2880000
2014-11-02,0.335,0.34,0.332,0.34,1060000
2014-10-02,0.33,0.335,0.33,0.335,1210000
2014-09-02,0.33,0.335,0.33,0.33,155970
2014-07-02,0.34,0.34,0.325,0.33,2270000
2014-06-02,0.315,0.34,0.315,0.34,5540000
2014-05-02,0.33,0.335,0.28,0.315,9420000
2014-04-02,0.335,0.342,0.335,0.335,3370000
2014-03-02,0.345,0.35,0.335,0.35,5040000
2014-02-02,0.34,0.342,0.335,0.337,1170000
2014-01-31,0.345,0.35,0.34,0.345,5540000
2014-01-30,0.345,0.35,0.34,0.34,3800000
2014-01-29,0.355,0.365,0.34,0.345,3220000
2014-01-28,0.37,0.375,0.35,0.35,4170000
2014-01-27,0.37,0.372,0.37,0.372,250950
2014-01-24,0.37,0.375,0.37,0.37,1300000
2014-01-23,0.37,0.375,0.37,0.37,1010000
2014-01-22,0.375,0.38,0.37,0.375,811660
2014-01-21,0.38,0.38,0.372,0.38,3860000
2014-01-20,0.38,0.385,0.38,0.38,906830
2014-01-19,0.38,0.385,0.38,0.382,122350
2014-01-17,0.38,0.385,0.38,0.38,1580000
2014-01-16,0.385,0.385,0.38,0.38,1790000
2014-01-15,0.38,0.385,0.38,0.38,732450
2014-01-14,0.385,0.39,0.375,0.375,2760000
2014-01-13,0.39,0.39,0.385,0.385,1060000
2014-12-01,0.39,0.39,0.385,0.387,321630
2014-10-01,0.39,0.39,0.385,0.39,1840000
2014-09-01,0.385,0.39,0.385,0.39,1590000
2014-08-01,0.385,0.387,0.38,0.385,1610000
2014-07-01,0.385,0.385,0.38,0.38,971000
2014-06-01,0.385,0.39,0.38,0.38,1480000
2014-05-01,0.385,0.39,0.38,0.38,874290
2014-03-01,0.385,0.39,0.385,0.385,469560
2014-02-01,0.39,0.39,0.385,0.39,487680
2014-01-01,0.39,0.39,0.385,0.39,9250
2013-12-31,0.385,0.39,0.38,0.38,673690
2013-12-30,0.38,0.39,0.38,0.39,2620000
2013-12-29,0.38,0.387,0.38,0.385,2140000
2013-12-27,0.385,0.385,0.38,0.38,266070
2013-12-26,0.385,0.385,0.38,0.385,51910
2013-12-24,0.385,0.387,0.38,0.385,926700
2013-12-23,0.38,0.39,0.38,0.39,1760000
2013-12-22,0.38,0.387,0.38,0.382,150650
2013-12-20,0.375,0.39,0.375,0.385,5180000
2013-12-19,0.375,0.38,0.37,0.38,3910000
2013-12-18,0.375,0.38,0.375,0.375,2650000
2013-12-17,0.38,0.385,0.377,0.38,1680000
2013-12-16,0.375,0.385,0.375,0.385,1910000
2013-12-15,0.375,0.375,0.375,0.375,-
2013-12-13,0.375,0.385,0.375,0.385,1670000
2013-12-12,0.37,0.38,0.37,0.38,2650000
2013-11-12,0.37,0.38,0.37,0.37,2460000
2013-10-12,0.38,0.385,0.37,0.37,5260000
2013-09-12,0.385,0.39,0.375,0.385,3090000
2013-08-12,0.385,0.385,0.38,0.38,183020
2013-06-12,0.385,0.39,0.38,0.385,5860000
2013-05-12,0.39,0.39,0.375,0.38,22130000
2013-04-12,0.39,0.392,0.385,0.39,2520000
2013-03-12,0.38,0.4,0.38,0.395,6520000
2013-02-12,0.39,0.39,0.385,0.385,2380000
2013-01-12,0.39,0.39,0.39,0.39,-
2013-11-29,0.385,0.39,0.385,0.39,1510000
2013-11-28,0.39,0.395,0.385,0.39,1130000
2013-11-27,0.39,0.4,0.385,0.39,3110000
2013-11-26,0.38,0.39,0.38,0.39,7100000
2013-11-25,0.38,0.385,0.38,0.385,1450000
2013-11-24,0.38,0.38,0.38,0.38,-
2013-11-22,0.385,0.385,0.38,0.38,2790000
2013-11-21,0.385,0.387,0.38,0.38,2190000
2013-11-20,0.39,0.39,0.38,0.38,2990000
2013-11-19,0.39,0.395,0.39,0.39,2190000
2013-11-18,0.405,0.407,0.39,0.39,1550000
2013-11-17,0.405,0.405,0.405,0.405,-
2013-11-15,0.375,0.41,0.37,0.405,5710000
2013-11-14,0.375,0.395,0.375,0.395,2440000
2013-11-13,0.403,0.405,0.398,0.398,3000000
2013-12-11,0.403,0.408,0.403,0.403,1870000
2013-11-11,0.413,0.413,0.403,0.403,2470000
2013-10-11,0.42,0.42,0.415,0.42,330750
2013-08-11,0.418,0.418,0.413,0.413,914970
2013-07-11,0.408,0.418,0.408,0.413,4210000
2013-06-11,0.408,0.413,0.408,0.408,1690000
2013-05-11,0.408,0.413,0.408,0.413,495310
2013-04-11,0.408,0.413,0.408,0.408,1260000
2013-03-11,0.415,0.415,0.415,0.415,-
2013-01-11,0.408,0.41,0.403,0.408,5840000
2013-10-31,0.408,0.408,0.403,0.408,499420
2013-10-30,0.403,0.408,0.4,0.403,2009999
2013-10-29,0.403,0.413,0.403,0.403,2570000
2013-10-28,0.408,0.408,0.398,0.398,5330000
2013-10-27,0.415,0.415,0.415,0.415,-
2013-10-25,0.408,0.418,0.408,0.408,2740000
2013-10-24,0.408,0.413,0.403,0.408,1000000
2013-10-23,0.398,0.408,0.398,0.403,1350000
2013-10-22,0.403,0.408,0.398,0.403,2780000
2013-10-21,0.413,0.413,0.403,0.408,2360000
2013-10-20,0.42,0.42,0.415,0.415,62470
2013-10-18,0.413,0.418,0.408,0.413,3390000
2013-10-17,0.418,0.418,0.408,0.413,1620000
2013-10-16,0.408,0.413,0.408,0.413,1690000
2013-10-15,0.413,0.418,0.408,0.413,3250000
2013-10-14,0.403,0.413,0.403,0.408,961610
2013-11-10,0.408,0.41,0.403,0.403,1970000
2013-10-10,0.413,0.413,0.408,0.408,4450000
2013-09-10,0.413,0.423,0.413,0.418,2029999
2013-08-10,0.413,0.418,0.413,0.413,65160000
2013-07-10,0.418,0.423,0.413,0.413,2620000
2013-04-10,0.418,0.423,0.418,0.423,424040
2013-03-10,0.423,0.428,0.418,0.418,1300000
2013-02-10,0.423,0.43,0.423,0.428,1540000
2013-01-10,0.423,0.423,0.418,0.418,694820
2013-09-30,0.423,0.423,0.418,0.423,825320
2013-09-27,0.418,0.428,0.418,0.428,850180
2013-09-26,0.428,0.428,0.413,0.418,2130000
2013-09-25,0.428,0.433,0.428,0.428,2049999
2013-09-24,0.438,0.438,0.415,0.423,8830000
2013-09-23,0.443,0.443,0.438,0.438,2470000
2013-09-20,0.462,0.462,0.433,0.443,17680000
2013-09-19,0.453,0.462,0.448,0.462,87470000
2013-09-18,0.448,0.453,0.438,0.443,6340000
2013-09-17,0.443,0.45,0.443,0.448,4460000
2013-09-16,0.443,0.448,0.44,0.443,1880000
2013-09-13,0.438,0.443,0.433,0.443,31820000
2013-12-09,0.433,0.445,0.433,0.438,7440000
2013-11-09,0.433,0.438,0.428,0.433,2140000
2013-10-09,0.428,0.433,0.423,0.433,4710000
2013-09-09,0.413,0.428,0.413,0.428,19650000
2013-06-09,0.413,0.413,0.403,0.413,8720000
2013-05-09,0.418,0.418,0.408,0.408,2000000
2013-04-09,0.418,0.418,0.413,0.413,4040000
2013-03-09,0.398,0.418,0.394,0.413,14300000
2013-02-09,0.384,0.398,0.384,0.398,42400000
2013-08-30,0.398,0.4,0.384,0.384,3500000
2013-08-29,0.389,0.398,0.384,0.398,4280000
2013-08-28,0.389,0.389,0.384,0.384,2230000
2013-08-27,0.398,0.398,0.384,0.389,4470000
2013-08-26,0.394,0.4,0.394,0.398,2510000
2013-08-23,0.394,0.403,0.394,0.394,6040000
2013-08-22,0.398,0.403,0.394,0.394,1640000
2013-08-21,0.408,0.408,0.398,0.398,2049999
2013-08-20,0.42,0.42,0.41,0.41,1880000
2013-08-19,0.42,0.42,0.41,0.42,1170000
2013-08-16,0.41,0.41,0.41,0.41,2580000
2013-08-15,0.42,0.42,0.41,0.41,1710000
2013-08-14,0.42,0.42,0.41,0.42,4390000
2013-08-13,0.42,0.42,0.41,0.42,2380000
2013-12-08,0.41,0.42,0.4,0.42,5200000
2013-09-08,0.41,0.42,0.41,0.41,2320000
2013-08-08,0.41,0.42,0.41,0.42,2700000
2013-07-08,0.41,0.41,0.4,0.41,8740000
2013-06-08,0.43,0.43,0.41,0.41,7320000
2013-05-08,0.45,0.45,0.43,0.43,3820000
2013-02-08,0.45,0.46,0.45,0.46,1800000
2013-01-08,0.46,0.46,0.45,0.46,614840
2013-07-31,0.46,0.46,0.45,0.46,2580000
2013-07-30,0.44,0.45,0.43,0.45,1980000
2013-07-29,0.43,0.43,0.43,0.43,967960
2013-07-26,0.45,0.45,0.43,0.43,3950000
2013-07-25,0.45,0.45,0.43,0.44,2170000
2013-07-24,0.45,0.46,0.45,0.45,4300000
2013-07-23,0.46,0.46,0.45,0.46,900380
2013-07-22,0.47,0.47,0.45,0.45,659710
2013-07-19,0.46,0.47,0.45,0.47,2640000
2013-07-18,0.46,0.46,0.45,0.46,4930000
2013-07-17,0.45,0.46,0.45,0.46,2470000
2013-07-16,0.45,0.45,0.44,0.45,16990000
2013-07-15,0.45,0.45,0.45,0.45,1180000
2013-12-07,0.46,0.46,0.45,0.45,6930000
2013-11-07,0.45,0.46,0.45,0.45,2270000
2013-10-07,0.45,0.46,0.45,0.46,5850000
2013-09-07,0.45,0.45,0.44,0.45,2120000
2013-08-07,0.43,0.45,0.41,0.45,3850000
2013-05-07,0.45,0.45,0.43,0.43,1560000
2013-04-07,0.45,0.45,0.44,0.45,368890
2013-03-07,0.45,0.45,0.44,0.45,3030000
2013-02-07,0.44,0.45,0.44,0.45,3120000
2013-01-07,0.43,0.44,0.42,0.43,2069999
2013-06-28,0.42,0.43,0.41,0.42,4360000
2013-06-27,0.41,0.41,0.4,0.41,937960
2013-06-26,0.4,0.41,0.4,0.41,2460000
2013-06-25,0.4,0.4,0.4,0.4,2910000
2013-06-24,0.42,0.42,0.4,0.41,1870000
2013-06-21,0.44,0.44,0.42,0.42,3090000
2013-06-20,0.44,0.45,0.43,0.43,6050000
2013-06-19,0.45,0.46,0.44,0.44,4560000
2013-06-18,0.43,0.46,0.43,0.45,3220000
2013-06-17,0.43,0.44,0.43,0.43,2800000
2013-06-14,0.43,0.45,0.43,0.45,1910000
2013-06-13,0.43,0.45,0.43,0.43,4860000
2013-12-06,0.45,0.46,0.44,0.44,3810000
2013-11-06,0.45,0.46,0.45,0.45,2100000
2013-07-06,0.44,0.47,0.43,0.47,3790000
2013-06-06,0.46,0.46,0.45,0.45,3960000
2013-05-06,0.46,0.47,0.46,0.46,11270000
2013-04-06,0.47,0.47,0.46,0.47,2940000
2013-03-06,0.47,0.47,0.46,0.47,4010000
2013-05-31,0.46,0.47,0.45,0.47,39470000
2013-05-30,0.43,0.46,0.43,0.46,5950000
2013-05-29,0.43,0.44,0.42,0.43,4630000
2013-05-28,0.43,0.43,0.42,0.43,4750000
2013-05-27,0.44,0.44,0.43,0.43,3470000
2013-05-24,0.44,0.44,0.42,0.44,4139999
2013-05-23,0.42,0.44,0.42,0.44,4660000
2013-05-22,0.42,0.42,0.41,0.42,2190000
2013-05-21,0.42,0.42,0.41,0.42,1630000
2013-05-20,0.41,0.43,0.41,0.42,6250000
2013-05-17,0.41,0.42,0.4,0.42,8460000
2013-05-16,0.45,0.45,0.38,0.38,23270000
2013-05-15,0.46,0.46,0.45,0.46,3350000
2013-05-14,0.46,0.46,0.45,0.46,2420000
2013-05-13,0.46,0.46,0.45,0.46,4190000
2013-10-05,0.47,0.47,0.45,0.46,17810000
2013-09-05,0.47,0.47,0.47,0.47,9990000
2013-08-05,0.47,0.48,0.47,0.47,14370000
2013-07-05,0.47,0.48,0.47,0.47,2920000
2013-06-05,0.47,0.48,0.47,0.47,3550000
2013-03-05,0.47,0.48,0.47,0.48,8260000
2013-02-05,0.46,0.47,0.46,0.47,5880000
2013-01-05,0.45,0.46,0.45,0.46,2270000
2013-04-30,0.46,0.46,0.45,0.46,2330000
2013-04-29,0.45,0.46,0.45,0.46,3070000
2013-04-26,0.46,0.47,0.45,0.46,3270000
2013-04-24,0.46,0.47,0.46,0.46,7990000
2013-04-23,0.45,0.46,0.45,0.46,7950000
2013-04-22,0.43,0.44,0.43,0.43,1250000
2013-04-19,0.45,0.45,0.43,0.43,3180000
2013-04-18,0.44,0.46,0.44,0.45,9400000
2013-04-17,0.43,0.45,0.43,0.45,4310000
2013-04-16,0.43,0.45,0.43,0.43,9400000
2013-04-15,0.43,0.45,0.43,0.43,4830000
2013-12-04,0.42,0.45,0.42,0.44,7440000
2013-11-04,0.42,0.43,0.42,0.42,4620000
2013-10-04,0.41,0.42,0.41,0.42,3140000
2013-09-04,0.41,0.42,0.41,0.41,3940000
2013-08-04,0.41,0.41,0.4,0.41,4910000
2013-05-04,0.42,0.42,0.41,0.41,3210000
2013-04-04,0.43,0.43,0.42,0.42,2810000
2013-03-04,0.42,0.44,0.41,0.43,8820000
2013-02-04,0.41,0.42,0.41,0.41,2690000
2013-01-04,0.42,0.42,0.42,0.42,-
2013-03-28,0.41,0.41,0.41,0.41,4220000
2013-03-27,0.4,0.41,0.4,0.41,3670000
2013-03-26,0.4,0.41,0.4,0.4,1890000
2013-03-25,0.4,0.41,0.4,0.4,1690000
2013-03-22,0.4,0.41,0.39,0.4,2970000
2013-03-21,0.4,0.4,0.39,0.39,4940000
2013-03-20,0.39,0.4,0.39,0.4,3320000
2013-03-19,0.41,0.41,0.38,0.39,4300000
2013-03-18,0.41,0.41,0.4,0.4,2780000
2013-03-17,0.4,0.4,0.4,0.4,-
2013-03-15,0.41,0.41,0.41,0.41,8790000
2013-03-14,0.41,0.41,0.41,0.41,3380000
2013-03-13,0.41,0.41,0.41,0.41,1640000
2013-12-03,0.41,0.41,0.41,0.41,2250000
2013-11-03,0.41,0.41,0.41,0.41,2410000
2013-08-03,0.41,0.41,0.41,0.41,3900000
2013-07-03,0.41,0.41,0.41,0.41,12640000
2013-06-03,0.41,0.41,0.41,0.41,4240000
2013-05-03,0.41,0.41,0.41,0.41,2820000
2013-04-03,0.41,0.42,0.41,0.41,1670000
2013-03-03,0.42,0.42,0.41,0.41,-
2013-01-03,0.41,0.41,0.41,0.41,1600000
2013-02-28,0.41,0.42,0.41,0.41,4080000
2013-02-27,0.41,0.41,0.4,0.41,5520000
2013-02-26,0.43,0.43,0.41,0.41,7170000
2013-02-25,0.44,0.44,0.43,0.43,1950000
2013-02-22,0.44,0.45,0.43,0.44,2520000
2013-02-21,0.45,0.45,0.43,0.44,4070000
2013-02-20,0.45,0.45,0.45,0.45,936610
2013-02-19,0.45,0.45,0.44,0.45,1210000
2013-02-18,0.45,0.46,0.45,0.45,1700000
2013-02-17,0.45,0.45,0.45,0.45,-
2013-02-15,0.44,0.45,0.44,0.45,4059999
2013-02-14,0.44,0.45,0.43,0.44,3250000
2013-02-13,0.43,0.45,0.43,0.45,2470000
2013-12-02,0.44,0.44,0.43,0.43,1850000
2013-11-02,0.43,0.44,0.43,0.43,2670000
2013-10-02,0.44,0.44,0.44,0.44,-
2013-08-02,0.43,0.44,0.43,0.43,1200000
2013-07-02,0.45,0.45,0.43,0.43,3850000
2013-06-02,0.43,0.46,0.43,0.45,9570000
2013-05-02,0.42,0.43,0.42,0.43,3170000
2013-04-02,0.42,0.43,0.42,0.42,3330000
2013-01-02,0.43,0.43,0.42,0.42,1320000
2013-01-31,0.42,0.43,0.42,0.43,3860000
2013-01-30,0.42,0.43,0.42,0.42,2520000
2013-01-29,0.42,0.42,0.42,0.42,1980000
2013-01-25,0.42,0.42,0.42,0.42,2370000
2013-01-24,0.42,0.42,0.42,0.42,1850000
2013-01-23,0.42,0.42,0.42,0.42,1630000
2013-01-22,0.43,0.43,0.42,0.42,1250000
2013-01-21,0.42,0.43,0.42,0.43,626250
2013-01-18,0.43,0.43,0.42,0.42,2440000
2013-01-17,0.43,0.43,0.43,0.43,1680000
2013-01-16,0.43,0.44,0.43,0.43,1500000
2013-01-15,0.43,0.44,0.43,0.43,1500000
2013-01-14,0.42,0.44,0.42,0.44,2440000
2013-11-01,0.43,0.43,0.42,0.42,2410000
2013-10-01,0.43,0.43,0.43,0.43,1980000
2013-09-01,0.44,0.44,0.43,0.43,1970000
2013-08-01,0.43,0.44,0.43,0.43,2150000
2013-07-01,0.43,0.44,0.43,0.43,1950000
2013-06-01,0.44,0.44,0.43,0.43,-
2013-04-01,0.44,0.44,0.43,0.43,2410000
2013-03-01,0.43,0.45,0.43,0.44,3920000
2013-02-01,0.42,0.43,0.42,0.43,3910000
2013-01-01,0.42,0.42,0.42,0.42,-
2012-12-31,0.42,0.42,0.42,0.42,808750
2012-12-30,0.42,0.42,0.42,0.42,-
2012-12-28,0.42,0.43,0.42,0.42,3870000
2012-12-27,0.41,0.42,0.41,0.42,2330000
2012-12-26,0.41,0.41,0.41,0.41,-
2012-12-24,0.41,0.42,0.41,0.41,1510000
2012-12-21,0.41,0.41,0.41,0.41,5760000
2012-12-20,0.41,0.41,0.4,0.41,7880000
2012-12-19,0.41,0.41,0.41,0.41,3760000
2012-12-18,0.42,0.42,0.41,0.41,3500000
2012-12-17,0.42,0.42,0.41,0.41,708400
2012-12-16,0.42,0.42,0.42,0.42,-
2012-12-14,0.43,0.43,0.42,0.42,5600000
2012-12-13,0.43,0.43,0.42,0.42,6980000
2012-12-12,0.42,0.43,0.42,0.43,2980000
2012-11-12,0.43,0.43,0.42,0.42,2740000
2012-10-12,0.45,0.45,0.43,0.43,2270000
2012-09-12,0.44,0.44,0.44,0.44,-
2012-07-12,0.43,0.44,0.43,0.44,1550000
2012-06-12,0.44,0.45,0.42,0.43,3870000
2012-05-12,0.45,0.45,0.43,0.44,2340000
2012-04-12,0.44,0.45,0.43,0.44,5450000
2012-03-12,0.44,0.45,0.43,0.44,2780000
2012-11-30,0.43,0.44,0.43,0.44,3080000
2012-11-29,0.42,0.44,0.42,0.43,4010000
2012-11-28,0.44,0.45,0.43,0.43,6370000
2012-11-27,0.45,0.46,0.44,0.44,2370000
2012-11-26,0.45,0.46,0.45,0.46,1920000
2012-11-23,0.45,0.45,0.44,0.45,2310000
2012-11-22,0.45,0.46,0.45,0.46,5600000
2012-11-21,0.47,0.48,0.45,0.46,5610000
2012-11-20,0.49,0.49,0.48,0.48,3920000
2012-11-19,0.48,0.5,0.48,0.49,102320000
2012-11-16,0.48,0.49,0.48,0.48,8170000
2012-11-15,0.51,0.51,0.48,0.49,4900000
2012-11-14,0.5,0.51,0.5,0.51,2490000
2012-11-13,0.51,0.52,0.5,0.51,3130000
2012-12-11,0.51,0.52,0.5,0.51,2720000
2012-09-11,0.51,0.51,0.5,0.51,15000000
2012-08-11,0.5,0.51,0.49,0.51,14680000
2012-07-11,0.51,0.52,0.5,0.51,19170000
2012-06-11,0.48,0.5,0.48,0.49,9280000
2012-05-11,0.48,0.49,0.47,0.48,7160000
2012-02-11,0.48,0.49,0.47,0.48,13560000
2012-01-11,0.48,0.48,0.47,0.48,9530000
2012-10-31,0.49,0.49,0.48,0.49,6210000
2012-10-30,0.47,0.49,0.47,0.48,16990000
2012-10-29,0.47,0.47,0.46,0.46,1090000
2012-10-26,0.46,0.47,0.45,0.46,2450000
2012-10-25,0.47,0.47,0.46,0.46,2930000
2012-10-24,0.45,0.47,0.45,0.47,5350000
2012-10-23,0.45,0.46,0.45,0.45,3910000
2012-10-22,0.44,0.46,0.44,0.45,4070000
2012-10-19,0.44,0.46,0.43,0.45,8119999
2012-10-18,0.43,0.45,0.42,0.45,4760000
2012-10-17,0.43,0.43,0.42,0.42,3070000
2012-10-16,0.42,0.43,0.42,0.43,1850000
2012-10-15,0.43,0.43,0.42,0.42,4850000
2012-12-10,0.43,0.43,0.42,0.43,3790000
2012-11-10,0.41,0.42,0.41,0.42,2300000
2012-10-10,0.41,0.42,0.41,0.41,1460000
2012-09-10,0.41,0.43,0.41,0.41,4840000
2012-08-10,0.41,0.43,0.41,0.42,4070000
2012-05-10,0.41,0.41,0.41,0.41,728350
2012-04-10,0.41,0.41,0.41,0.41,1050000
2012-03-10,0.41,0.41,0.41,0.41,391960
2012-02-10,0.4,0.41,0.4,0.41,1180000
2012-01-10,0.41,0.41,0.4,0.41,1420000
2012-09-28,0.41,0.41,0.4,0.41,3260000
2012-09-27,0.41,0.41,0.41,0.41,3200000
2012-09-26,0.41,0.41,0.41,0.41,2100000
2012-09-25,0.41,0.42,0.41,0.41,2740000
2012-09-24,0.42,0.43,0.41,0.41,4059999
2012-09-21,0.43,0.43,0.42,0.42,21320000
2012-09-20,0.42,0.43,0.42,0.43,5410000
2012-09-19,0.42,0.42,0.42,0.42,3950000
2012-09-18,0.42,0.42,0.42,0.42,1590000
2012-09-17,0.42,0.43,0.42,0.42,2920000
2012-09-14,0.42,0.43,0.42,0.43,2190000
2012-09-13,0.43,0.43,0.42,0.42,904080
2012-12-09,0.42,0.43,0.42,0.43,3600000
2012-11-09,0.41,0.43,0.41,0.42,3200000
2012-10-09,0.42,0.43,0.41,0.41,4620000
2012-07-09,0.45,0.45,0.42,0.42,6590000
2012-06-09,0.46,0.46,0.43,0.44,7970000
2012-05-09,0.45,0.45,0.43,0.45,5200000
2012-04-09,0.43,0.45,0.43,0.45,6590000
2012-03-09,0.45,0.45,0.42,0.42,10600000
2012-08-31,0.48,0.48,0.45,0.45,21090000
2012-08-30,0.49,0.5,0.48,0.48,32799999
2012-08-29,0.48,0.51,0.47,0.51,33229999
2012-08-28,0.47,0.48,0.46,0.48,20670000
2012-08-27,0.47,0.48,0.47,0.48,8670000
2012-08-24,0.46,0.47,0.46,0.47,5130000
2012-08-23,0.46,0.47,0.46,0.46,4500000
2012-08-22,0.46,0.46,0.45,0.46,3330000
2012-08-21,0.46,0.46,0.46,0.46,4980000
2012-08-20,0.46,0.46,0.45,0.46,6360000
2012-08-17,0.46,0.46,0.45,0.46,8400000
2012-08-16,0.45,0.46,0.45,0.46,3310000
2012-08-15,0.45,0.46,0.45,0.45,9110000
2012-08-14,0.44,0.46,0.44,0.46,10910000
2012-08-13,0.43,0.44,0.43,0.44,5220000
2012-10-08,0.43,0.43,0.42,0.42,3160000
2012-09-08,0.43,0.44,0.42,0.43,6480000
2012-08-08,0.42,0.42,0.41,0.42,4460000
2012-07-08,0.41,0.42,0.41,0.42,1640000
2012-06-08,0.41,0.41,0.41,0.41,699770
2012-03-08,0.41,0.41,0.41,0.41,4160000
2012-02-08,0.41,0.41,0.41,0.41,4670000
2012-01-08,0.41,0.41,0.4,0.41,4590000
2012-07-31,0.41,0.41,0.4,0.41,2340000
2012-07-30,0.41,0.41,0.41,0.41,2240000
2012-07-27,0.41,0.41,0.4,0.41,1450000
2012-07-26,0.39,0.41,0.39,0.4,4270000
2012-07-25,0.39,0.39,0.39,0.39,830510
2012-07-24,0.38,0.39,0.38,0.39,4700000
2012-07-23,0.39,0.39,0.38,0.38,4520000
2012-07-20,0.4,0.4,0.39,0.4,5060000
2012-07-19,0.39,0.4,0.37,0.39,11180000
2012-07-18,0.38,0.38,0.38,0.38,393690
2012-07-17,0.39,0.39,0.38,0.38,1110000
2012-07-16,0.39,0.39,0.38,0.39,1260000
2012-07-13,0.39,0.39,0.38,0.38,1550000
2012-12-07,0.39,0.39,0.38,0.38,2200000
2012-11-07,0.38,0.39,0.38,0.39,1650000
2012-10-07,0.39,0.39,0.38,0.39,2420000
2012-09-07,0.38,0.39,0.38,0.38,1750000
2012-06-07,0.39,0.39,0.38,0.39,3070000
2012-05-07,0.39,0.39,0.38,0.39,1290000
2012-04-07,0.38,0.38,0.38,0.38,2910000
2012-03-07,0.39,0.39,0.38,0.38,2160000
2012-02-07,0.39,0.4,0.39,0.39,3770000
2012-06-29,0.4,0.4,0.39,0.39,1820000
2012-06-28,0.38,0.4,0.38,0.4,4460000
2012-06-27,0.38,0.38,0.36,0.38,3790000
2012-06-26,0.37,0.38,0.36,0.37,2080000
2012-06-25,0.38,0.38,0.37,0.37,1710000
2012-06-22,0.39,0.39,0.38,0.38,3300000
2012-06-21,0.39,0.4,0.39,0.39,9690000
2012-06-20,0.39,0.39,0.39,0.39,4890000
2012-06-19,0.39,0.39,0.39,0.39,2009999
2012-06-18,0.39,0.39,0.38,0.39,3020000
2012-06-15,0.38,0.39,0.38,0.38,3640000
2012-06-14,0.38,0.39,0.38,0.38,3240000
2012-06-13,0.39,0.39,0.38,0.39,2800000
2012-12-06,0.4,0.4,0.38,0.39,5820000
2012-08-06,0.41,0.41,0.4,0.4,2290000
2012-07-06,0.41,0.41,0.41,0.41,1650000
2012-06-06,0.42,0.42,0.41,0.41,3960000
2012-05-06,0.41,0.42,0.41,0.42,28120000
2012-04-06,0.41,0.41,0.41,0.41,3820000
2012-01-06,0.42,0.42,0.41,0.42,3660000
2012-05-31,0.41,0.42,0.41,0.42,39360000
2012-05-30,0.41,0.42,0.41,0.42,16110000
2012-05-29,0.42,0.42,0.41,0.42,57870000
2012-05-28,0.41,0.42,0.41,0.42,2910000
2012-05-25,0.41,0.42,0.41,0.41,7700000
2012-05-24,0.42,0.42,0.41,0.41,5390000
2012-05-23,0.42,0.42,0.41,0.42,6610000
2012-05-22,0.42,0.42,0.41,0.42,6060000
2012-05-21,0.42,0.42,0.41,0.42,5760000
2012-05-18,0.41,0.42,0.41,0.42,9430000
2012-05-17,0.43,0.43,0.41,0.42,9050000
2012-05-16,0.42,0.43,0.42,0.42,17230000
2012-05-15,0.43,0.43,0.42,0.43,4019999
2012-05-14,0.42,0.43,0.41,0.43,8050000
2012-11-05,0.41,0.42,0.41,0.42,2610000
2012-10-05,0.41,0.41,0.41,0.41,2920000
2012-09-05,0.41,0.41,0.41,0.41,6430000
2012-08-05,0.41,0.41,0.41,0.41,3000000
2012-07-05,0.4,0.41,0.4,0.4,2150000
2012-04-05,0.41,0.41,0.4,0.41,6940000
2012-03-05,0.39,0.41,0.39,0.41,8580000
2012-02-05,0.39,0.39,0.39,0.39,2240000
2012-01-05,0.4,0.4,0.39,0.39,12490000
2012-04-30,0.39,0.4,0.39,0.4,3230000
2012-04-27,0.38,0.39,0.37,0.38,6380000
2012-04-26,0.39,0.39,0.38,0.38,3810000
2012-04-24,0.41,0.41,0.39,0.39,7610000
2012-04-23,0.41,0.41,0.41,0.41,1250000
2012-04-20,0.41,0.41,0.41,0.41,1850000
2012-04-19,0.41,0.41,0.41,0.41,3140000
2012-04-18,0.41,0.42,0.41,0.41,2410000
2012-04-17,0.41,0.41,0.41,0.41,3490000
2012-04-16,0.41,0.41,0.41,0.41,1690000
2012-04-13,0.42,0.42,0.41,0.41,5090000
2012-12-04,0.42,0.43,0.41,0.42,7750000
2012-11-04,0.41,0.42,0.41,0.42,3630000
2012-10-04,0.41,0.42,0.41,0.42,5930000
2012-05-04,0.42,0.42,0.41,0.42,3230000
2012-04-04,0.42,0.43,0.41,0.42,11470000
2012-03-04,0.45,0.46,0.41,0.42,24030000
2012-02-04,0.46,0.46,0.45,0.45,5360000
2012-03-30,0.46,0.47,0.45,0.46,5460000
2012-03-29,0.46,0.47,0.45,0.47,9540000
2012-03-28,0.46,0.46,0.46,0.46,2069999
2012-03-27,0.46,0.47,0.46,0.46,3360000
2012-03-26,0.46,0.47,0.46,0.46,2069999
2012-03-23,0.47,0.47,0.46,0.47,2230000
2012-03-22,0.47,0.47,0.46,0.46,1150000
2012-03-21,0.46,0.47,0.45,0.47,5430000
2012-03-20,0.46,0.47,0.46,0.46,5180000
2012-03-19,0.46,0.46,0.45,0.46,4220000
2012-03-16,0.47,0.48,0.45,0.46,13990000
2012-03-15,0.47,0.47,0.46,0.46,10270000
2012-03-14,0.45,0.46,0.45,0.46,6030000
2012-03-13,0.44,0.45,0.44,0.45,5210000
2012-12-03,0.44,0.44,0.43,0.44,3240000
2012-09-03,0.44,0.45,0.44,0.44,5900000
2012-08-03,0.43,0.44,0.43,0.44,4950000
2012-07-03,0.43,0.44,0.42,0.43,7440000
2012-06-03,0.44,0.44,0.43,0.43,12980000
2012-05-03,0.45,0.45,0.44,0.45,7630000
2012-02-03,0.44,0.45,0.44,0.45,10260000
2012-01-03,0.42,0.45,0.42,0.44,18040000
2012-02-29,0.43,0.43,0.42,0.42,10440000
2012-02-28,0.42,0.43,0.42,0.43,10120000
2012-02-27,0.41,0.42,0.4,0.42,14940000
2012-02-24,0.41,0.42,0.4,0.41,21240000
2012-02-23,0.38,0.4,0.38,0.39,34240000
2012-02-22,0.36,0.36,0.35,0.36,2830000
2012-02-21,0.36,0.36,0.35,0.36,1090000
2012-02-20,0.36,0.36,0.35,0.35,1390000
2012-02-17,0.35,0.35,0.34,0.35,3790000
2012-02-16,0.36,0.36,0.35,0.35,2650000
2012-02-15,0.35,0.36,0.35,0.35,696990
2012-02-14,0.36,0.37,0.35,0.35,4740000
2012-02-13,0.35,0.36,0.35,0.36,3440000
2012-10-02,0.35,0.35,0.34,0.35,4580000
2012-09-02,0.35,0.36,0.35,0.35,2440000
2012-08-02,0.35,0.36,0.35,0.35,9510000
2012-07-02,0.34,0.35,0.34,0.35,5740000
2012-06-02,0.34,0.35,0.34,0.34,4400000
2012-03-02,0.33,0.34,0.33,0.34,5550000
2012-02-02,0.32,0.34,0.32,0.34,6330000
2012-01-02,0.32,0.32,0.31,0.32,3080000
2012-01-31,0.31,0.32,0.31,0.32,1120000
2012-01-30,0.32,0.32,0.31,0.31,2690000
2012-01-27,0.31,0.32,0.31,0.32,3330000
2012-01-26,0.32,0.32,0.32,0.32,-
2012-01-25,0.31,0.31,0.31,0.31,3970000
2012-01-24,0.31,0.31,0.3,0.3,716380
2012-01-23,0.3,0.31,0.3,0.3,6090000
2012-01-20,0.3,0.31,0.3,0.3,1390000
2012-01-19,0.31,0.31,0.3,0.31,2780000
2012-01-18,0.3,0.31,0.3,0.3,2009999
2012-01-17,0.31,0.31,0.3,0.3,2190000
2012-01-16,0.31,0.31,0.3,0.3,1480000
2012-01-13,0.31,0.31,0.31,0.31,1730000
2012-12-01,0.3,0.31,0.3,0.31,5050000
2012-11-01,0.3,0.3,0.3,0.3,2840000
2012-10-01,0.3,0.3,0.29,0.3,2830000
2012-09-01,0.3,0.3,0.29,0.29,1280000
2012-06-01,0.29,0.3,0.29,0.3,1540000
2012-05-01,0.3,0.3,0.29,0.29,2410000
2012-04-01,0.29,0.3,0.29,0.3,6410000
2012-03-01,0.28,0.3,0.28,0.29,1300000
2011-12-30,0.29,0.29,0.28,0.28,837040
2011-12-29,0.29,0.29,0.29,0.29,1840000
2011-12-28,0.3,0.3,0.29,0.29,624090
2011-12-23,0.29,0.3,0.29,0.3,1150000
2011-12-22,0.29,0.29,0.29,0.29,2800000
2011-12-21,0.3,0.31,0.29,0.29,3960000
2011-12-20,0.3,0.31,0.29,0.3,5210000
2011-12-19,0.32,0.32,0.3,0.3,8910000
2011-12-16,0.32,0.33,0.31,0.32,5710000
2011-12-15,0.33,0.33,0.32,0.32,8740000
2011-12-14,0.33,0.34,0.33,0.33,1610000
2011-12-13,0.34,0.34,0.33,0.33,2020000
2011-12-12,0.34,0.35,0.34,0.35,1180000
2011-09-12,0.34,0.34,0.33,0.33,1910000
2011-08-12,0.35,0.35,0.34,0.34,3260000
2011-07-12,0.35,0.35,0.34,0.35,1910000
2011-06-12,0.35,0.35,0.35,0.35,3950000
2011-05-12,0.35,0.35,0.35,0.35,3970000
2011-02-12,0.35,0.35,0.35,0.35,2660000
2011-01-12,0.35,0.36,0.35,0.35,13880000
2011-11-30,0.33,0.34,0.33,0.34,8140000
2011-11-29,0.33,0.34,0.33,0.33,4720000
2011-11-28,0.34,0.34,0.33,0.33,6140000
2011-11-25,0.34,0.34,0.33,0.34,7030000
2011-11-24,0.36,0.36,0.33,0.34,24080000
2011-11-23,0.36,0.37,0.36,0.36,16780000
2011-11-22,0.37,0.37,0.36,0.37,9550000
2011-11-21,0.37,0.38,0.37,0.37,4940000
2011-11-18,0.37,0.38,0.37,0.37,4910000
2011-11-17,0.38,0.38,0.37,0.37,7260000
2011-11-16,0.38,0.39,0.38,0.38,5490000
2011-11-15,0.39,0.39,0.39,0.39,3630000
2011-11-14,0.39,0.39,0.39,0.39,3650000
2011-11-11,0.38,0.39,0.38,0.39,20080000
2011-10-11,0.37,0.38,0.37,0.38,5040000
2011-09-11,0.38,0.39,0.38,0.38,15920000
2011-08-11,0.38,0.38,0.37,0.38,5250000
2011-07-11,0.38,0.38,0.38,0.38,2560000
2011-04-11,0.38,0.38,0.38,0.38,6400000
2011-03-11,0.37,0.38,0.37,0.37,11250000
2011-02-11,0.37,0.37,0.36,0.37,16190000
2011-01-11,0.37,0.38,0.37,0.37,9380000
2011-10-31,0.38,0.39,0.37,0.37,24750000
2011-10-28,0.36,0.37,0.36,0.36,10790000
2011-10-27,0.36,0.37,0.36,0.36,4179999
2011-10-26,0.35,0.36,0.35,0.36,8530000
2011-10-25,0.36,0.36,0.35,0.35,3920000
2011-10-24,0.36,0.36,0.35,0.35,14030000
2011-10-21,0.35,0.36,0.35,0.35,11140000
2011-10-20,0.35,0.35,0.35,0.35,1680000
2011-10-19,0.35,0.36,0.35,0.35,6090000
2011-10-18,0.35,0.35,0.34,0.34,10340000
2011-10-17,0.35,0.36,0.34,0.35,13040000
2011-10-14,0.33,0.34,0.32,0.34,14390000
2011-10-13,0.32,0.33,0.32,0.32,7240000
2011-12-10,0.32,0.33,0.31,0.31,12110000
2011-11-10,0.32,0.32,0.32,0.32,6110000
2011-10-10,0.31,0.32,0.31,0.31,4880000
2011-07-10,0.31,0.32,0.31,0.31,4810000
2011-06-10,0.31,0.31,0.31,0.31,3130000
2011-05-10,0.31,0.31,0.3,0.3,6520000
2011-04-10,0.3,0.31,0.3,0.31,8450000
2011-03-10,0.31,0.31,0.3,0.31,6180000
2011-09-30,0.31,0.32,0.31,0.32,6620000
2011-09-29,0.31,0.32,0.31,0.31,3340000
2011-09-28,0.32,0.32,0.31,0.31,9460000
2011-09-27,0.32,0.32,0.31,0.32,12650000
2011-09-26,0.3,0.31,0.3,0.31,31120000
2011-09-23,0.29,0.3,0.28,0.3,13520000
2011-09-22,0.3,0.3,0.29,0.3,13890000
2011-09-21,0.3,0.31,0.3,0.31,16360000
