Date,EUR_ILS
2020-10-21,4.0111
2020-10-20,3.9901
2020-10-19,3.9811
2020-10-16,3.9617
2020-10-15,3.9774
2020-10-14,3.9717
2020-10-13,3.993
2020-12-10,3.9893
2020-09-10,3.986
2020-08-10,3.9928
2020-07-10,4.0053
2020-06-10,4.0152
2020-05-10,4.0215
2020-02-10,4.0203
2020-01-10,4.0242
2020-09-30,4.0258
2020-09-29,4.0519
2020-09-25,4.0488
2020-09-24,4.0479
2020-09-23,4.0351
2020-09-22,4.0455
2020-09-21,4.0576
2020-09-17,4.0359
2020-09-16,4.0516
2020-09-15,4.0705
2020-09-14,4.0799
2020-11-09,4.069
2020-10-09,4.0401
2020-09-09,4.0058
2020-08-09,3.9994
2020-07-09,3.9944
2020-04-09,3.9938
2020-03-09,3.981
2020-02-09,3.9893
2020-01-09,4.0191
2020-08-31,4.0126
2020-08-28,4.0043
2020-08-27,3.975
2020-08-26,4.0156
2020-08-25,4.0173
2020-08-24,4.0291
2020-08-21,4.0321
2020-08-20,4.0302
2020-08-19,4.0603
2020-08-18,4.0482
2020-08-17,4.0391
2020-08-14,4.0221
2020-08-13,4.0363
2020-12-08,4.009
2020-11-08,4.0129
2020-10-08,4.0112
2020-07-08,4.0327
2020-06-08,4.0379
2020-05-08,4.0378
2020-04-08,4.0298
2020-03-08,4.0059
2020-07-31,4.0388
2020-07-29,3.9999
2020-07-28,4.0066
2020-07-27,4.0
2020-07-24,3.9737
2020-07-23,3.9613
2020-07-22,3.9586
2020-07-21,3.918
2020-07-20,3.9286
2020-07-17,3.9274
2020-07-16,3.9068
2020-07-15,3.9251
2020-07-14,3.9086
2020-07-13,3.8993
2020-10-07,3.9031
2020-09-07,3.8996
2020-08-07,3.8977
2020-07-07,3.8951
2020-06-07,3.8965
2020-03-07,3.8584
2020-02-07,3.891
2020-01-07,3.8696
2020-06-30,3.8828
2020-06-29,3.8747
2020-06-26,3.8588
2020-06-25,3.8622
2020-06-24,3.8724
2020-06-23,3.877
2020-06-22,3.8653
2020-06-19,3.863
2020-06-18,3.8841
2020-06-17,3.8857
2020-06-16,3.9242
2020-06-15,3.9315
2020-12-06,3.9234
2020-11-06,3.9191
2020-10-06,3.9173
2020-09-06,3.8934
2020-08-06,3.9012
2020-05-06,3.9215
2020-04-06,3.8987
2020-03-06,3.8821
2020-02-06,3.8914
2020-01-06,3.8996
2020-05-28,3.8534
2020-05-27,3.8569
2020-05-26,3.8501
2020-05-22,3.8462
2020-05-21,3.8634
2020-05-20,3.8391
2020-05-19,3.8635
2020-05-18,3.8292
2020-05-15,3.8207
2020-05-14,3.8229
2020-05-13,3.8183
2020-12-05,3.8041
2020-11-05,3.806
2020-07-05,3.7955
2020-06-05,3.7942
2020-05-05,3.8187
2020-04-05,3.8554
2020-01-05,3.8308
2020-04-30,3.8066
2020-04-28,3.7885
2020-04-27,3.8111
2020-04-24,3.7827
2020-04-23,3.8328
2020-04-22,3.8462
2020-04-21,3.8456
2020-04-20,3.8897
2020-04-17,3.8897
2020-04-16,3.9087
2020-04-14,3.9075
2020-07-04,3.9195
2020-06-04,3.9206
2020-03-04,3.927
2020-02-04,3.9675
2020-01-04,3.8899
2020-03-31,3.9003
2020-03-30,3.965
2020-03-27,3.965
2020-03-26,3.9685
2020-03-25,3.9372
2020-03-24,3.9692
2020-03-23,3.9505
2020-03-20,3.8708
2020-03-19,3.9766
2020-03-18,4.1948
2020-03-17,4.2469
2020-03-16,4.1639
2020-03-13,4.0778
2020-12-03,4.0861
2020-09-03,4.0053
2020-06-03,3.9324
2020-05-03,3.8783
2020-04-03,3.8486
2020-03-03,3.844
2020-02-28,3.8196
2020-02-27,3.759
2020-02-26,3.7411
2020-02-25,3.715
2020-02-24,3.7207
2020-02-21,3.7026
2020-02-20,3.7034
2020-02-19,3.6952
2020-02-18,3.6999
2020-02-17,3.7155
2020-02-14,3.7248
2020-02-13,3.7289
2020-12-02,3.7346
2020-11-02,3.7322
2020-10-02,3.7464
2020-07-02,3.7575
2020-06-02,3.7817
2020-05-02,3.8027
2020-04-02,3.8093
2020-03-02,3.8115
2020-01-31,3.8023
2020-01-30,3.8034
2020-01-29,3.8041
2020-01-28,3.8023
2020-01-27,3.8112
2020-01-24,3.8187
2020-01-23,3.8361
2020-01-22,3.8249
2020-01-21,3.8364
2020-01-20,3.8309
2020-01-17,3.8461
2020-01-16,3.8592
2020-01-15,3.8556
2020-01-14,3.8608
2020-01-13,3.8593
2020-10-01,3.8528
2020-09-01,3.8553
2020-08-01,3.8558
2020-07-01,3.8763
2020-06-01,3.8914
2020-03-01,3.8605
2020-02-01,3.8655
2019-12-31,3.8782
2019-12-30,3.8758
2019-12-27,3.8616
2019-12-26,3.8515
2019-12-24,3.8385
2019-12-23,3.8457
2019-12-20,3.8663
2019-12-19,3.8827
2019-12-18,3.8942
2019-12-17,3.8992
2019-12-16,3.896
2019-12-13,3.8857
2019-12-12,3.8745
2019-11-12,3.8531
2019-10-12,3.838
2019-09-12,3.843
2019-06-12,3.8434
2019-05-12,3.8464
2019-04-12,3.8468
2019-03-12,3.8558
2019-02-12,3.8269
2019-11-29,3.8241
2019-11-28,3.8203
2019-11-27,3.8196
2019-11-26,3.8146
2019-11-25,3.8121
2019-11-22,3.832
2019-11-21,3.8292
2019-11-20,3.8384
2019-11-19,3.8291
2019-11-18,3.8293
2019-11-15,3.8323
2019-11-14,3.8337
2019-11-13,3.8483
2019-12-11,3.8681
2019-11-11,3.8597
2019-08-11,3.8616
2019-07-11,3.8621
2019-06-11,3.8703
2019-05-11,3.8901
2019-04-11,3.9329
2019-01-11,3.9267
2019-10-31,3.9365
2019-10-30,3.9209
2019-10-29,3.9133
2019-10-28,3.9169
2019-10-25,3.9339
2019-10-24,3.9192
2019-10-23,3.9303
2019-10-22,3.9423
2019-10-18,3.9325
2019-10-17,3.9268
2019-10-16,3.9002
2019-10-15,3.872
2019-11-10,3.864
2019-10-10,3.8647
2019-07-10,3.8335
2019-04-10,3.8198
2019-03-10,3.8316
2019-02-10,3.8049
2019-09-27,3.805
2019-09-26,3.8438
2019-09-25,3.8485
2019-09-24,3.8566
2019-09-23,3.8644
2019-09-20,3.8842
2019-09-19,3.8963
2019-09-18,3.9111
2019-09-16,3.9039
2019-09-13,3.9109
2019-12-09,3.9032
2019-11-09,3.8985
2019-10-09,3.9046
2019-09-09,3.8927
2019-06-09,3.8835
2019-05-09,3.8851
2019-04-09,3.8867
2019-03-09,3.8812
2019-02-09,3.8815
2019-08-30,3.9029
2019-08-29,3.9001
2019-08-28,3.9099
2019-08-27,3.9099
2019-08-26,3.9116
2019-08-23,3.8854
2019-08-22,3.9018
2019-08-21,3.9167
2019-08-20,3.9045
2019-08-19,3.9345
2019-08-16,3.9248
2019-08-15,3.9231
2019-08-14,3.9015
2019-08-13,3.9202
2019-12-08,3.9008
2019-09-08,3.8929
2019-08-08,3.9032
2019-07-08,3.8988
2019-06-08,3.9075
2019-05-08,3.9001
2019-02-08,3.8908
2019-01-08,3.8885
2019-07-31,3.8997
2019-07-30,3.9015
2019-07-29,3.9224
2019-07-26,3.9258
2019-07-25,3.9259
2019-07-24,3.9229
2019-07-23,3.9544
2019-07-22,3.967
2019-07-19,3.9801
2019-07-18,3.9752
2019-07-17,3.9732
2019-07-16,3.9756
2019-07-15,3.9904
2019-12-07,4.0
2019-11-07,3.9974
2019-10-07,4.0092
2019-09-07,3.997
2019-08-07,4.0088
2019-05-07,4.0134
2019-04-07,4.0264
2019-03-07,4.0327
2019-02-07,4.0393
2019-01-07,4.0514
2019-06-28,4.0616
2019-06-27,4.0752
2019-06-26,4.0788
2019-06-25,4.0991
2019-06-24,4.1051
2019-06-21,4.0655
2019-06-20,4.0456
2019-06-19,4.0439
2019-06-18,4.0413
2019-06-17,4.0548
2019-06-14,4.0584
2019-06-13,4.0558
2019-12-06,4.0546
2019-11-06,4.0513
2019-10-06,4.0519
2019-07-06,4.0563
2019-06-06,4.0463
2019-05-06,4.064
2019-04-06,4.0646
2019-03-06,4.0615
2019-05-31,4.0489
2019-05-30,4.0316
2019-05-29,4.0343
2019-05-28,4.044
2019-05-24,4.0344
2019-05-23,4.0261
2019-05-22,4.0323
2019-05-21,4.0116
2019-05-20,3.9871
2019-05-17,3.9956
2019-05-16,3.9964
2019-05-15,3.9936
2019-05-14,4.018
2019-05-13,4.0089
2019-10-05,4.0062
2019-08-05,4.0142
2019-07-05,4.0149
2019-06-05,4.0206
2019-03-05,4.0185
2019-02-05,4.0324
2019-01-05,4.0298
2019-04-30,4.0438
2019-04-29,4.0356
2019-04-25,4.0473
2019-04-24,4.0537
2019-04-23,4.0404
2019-04-18,4.0396
2019-04-17,4.0436
2019-04-16,4.0203
2019-04-15,4.0277
2019-12-04,4.0397
2019-11-04,4.0414
2019-10-04,4.0359
2019-08-04,4.0255
2019-05-04,4.0276
2019-04-04,4.0467
2019-03-04,4.0488
2019-02-04,4.0594
2019-01-04,4.0734
2019-03-29,4.0782
2019-03-28,4.0875
2019-03-27,4.0969
2019-03-26,4.0947
2019-03-25,4.1018
2019-03-20,4.0993
2019-03-19,4.0927
2019-03-18,4.089
2019-03-15,4.0821
2019-03-14,4.0706
2019-03-13,4.0847
2019-12-03,4.0809
2019-11-03,4.0723
2019-08-03,4.0683
2019-07-03,4.0794
2019-06-03,4.0877
2019-05-03,4.0991
2019-04-03,4.1092
2019-01-03,4.1155
2019-02-28,4.1142
2019-02-27,4.1263
2019-02-26,4.1181
2019-02-25,4.097
2019-02-22,4.0986
2019-02-21,4.1057
2019-02-20,4.1027
2019-02-19,4.0954
2019-02-18,4.1006
2019-02-15,4.106
2019-02-14,4.127
2019-02-13,4.1152
2019-12-02,4.1146
2019-11-02,4.1207
2019-08-02,4.1168
2019-07-02,4.1113
2019-06-02,4.1213
2019-05-02,4.1249
2019-04-02,4.1531
2019-01-02,4.1588
2019-01-31,4.1856
2019-01-30,4.1968
2019-01-29,4.2057
2019-01-28,4.2017
2019-01-25,4.1745
2019-01-24,4.1802
2019-01-23,4.1868
2019-01-22,4.1932
2019-01-21,4.2033
2019-01-18,4.2079
2019-01-17,4.2051
2019-01-16,4.1894
2019-01-15,4.1953
2019-01-14,4.1922
2019-11-01,4.2318
2019-10-01,4.2273
2019-09-01,4.2156
2019-08-01,4.2345
2019-07-01,4.2274
2019-04-01,4.2422
2019-03-01,4.2496
2019-02-01,4.2846
2018-12-31,4.2916
2018-12-28,4.314
2018-12-27,4.3071
2018-12-26,4.2935
2018-12-24,4.3019
2018-12-21,4.3226
2018-12-20,4.3045
2018-12-19,4.284
2018-12-18,4.2846
2018-12-17,4.2843
2018-12-14,4.2586
2018-12-13,4.2696
2018-12-12,4.2477
2018-11-12,4.2672
2018-10-12,4.2551
2018-07-12,4.2511
2018-06-12,4.2316
2018-05-12,4.2289
2018-04-12,4.2518
2018-03-12,4.2116
2018-11-30,4.2109
2018-11-29,4.2243
2018-11-28,4.2132
2018-11-27,4.2191
2018-11-26,4.2375
2018-11-23,4.2495
2018-11-22,4.2559
2018-11-21,4.2643
2018-11-20,4.2489
2018-11-19,4.2359
2018-11-16,4.2169
2018-11-15,4.1783
2018-11-14,4.1694
2018-11-13,4.1505
2018-12-11,4.1427
2018-09-11,4.1755
2018-08-11,4.1948
2018-07-11,4.2172
2018-06-11,4.2066
2018-05-11,4.2056
2018-02-11,4.2229
2018-01-11,4.2173
2018-10-31,4.2114
2018-10-29,4.2158
2018-10-26,4.2103
2018-10-25,4.2132
2018-10-24,4.1915
2018-10-23,4.213
2018-10-22,4.2022
2018-10-19,4.193
2018-10-18,4.2037
2018-10-17,4.214
2018-10-16,4.2227
2018-10-15,4.2021
2018-12-10,4.2036
2018-11-10,4.2069
2018-10-10,4.1678
2018-09-10,4.1695
2018-08-10,4.154
2018-05-10,4.1816
2018-04-10,4.188
2018-03-10,4.2076
2018-02-10,4.2015
2018-09-28,4.2156
2018-09-27,4.2154
2018-09-26,4.2124
2018-09-25,4.21
2018-09-21,4.2109
2018-09-20,4.197
2018-09-17,4.1772
2018-09-14,4.171
2018-09-13,4.1574
2018-12-09,4.1595
2018-07-09,4.1685
2018-06-09,4.1788
2018-05-09,4.1953
2018-04-09,4.1898
2018-03-09,4.1987
2018-08-31,4.2119
2018-08-30,4.2225
2018-08-29,4.2526
2018-08-28,4.24
2018-08-27,4.2272
2018-08-24,4.2095
2018-08-23,4.2105
2018-08-22,4.2228
2018-08-21,4.207
2018-08-20,4.1804
2018-08-17,4.1791
2018-08-16,4.1918
2018-08-15,4.181
2018-08-14,4.2136
2018-08-13,4.2246
2018-10-08,4.2364
2018-09-08,4.2713
2018-08-08,4.2726
2018-07-08,4.2838
2018-06-08,4.2773
2018-03-08,4.2795
2018-02-08,4.2841
2018-01-08,4.2961
2018-07-31,4.3004
2018-07-30,4.285
2018-07-27,4.2644
2018-07-26,4.2601
2018-07-25,4.2572
2018-07-24,4.2705
2018-07-23,4.2535
2018-07-20,4.2454
2018-07-19,4.2359
2018-07-18,4.2323
2018-07-17,4.252
2018-07-16,4.2658
2018-07-13,4.2379
2018-12-07,4.2565
2018-11-07,4.2578
2018-10-07,4.2607
2018-09-07,4.2656
2018-06-07,4.2589
2018-05-07,4.2454
2018-04-07,4.2544
2018-03-07,4.2609
2018-02-07,4.2626
2018-06-29,4.2551
2018-06-28,4.2258
2018-06-27,4.236
2018-06-26,4.2381
2018-06-25,4.2244
2018-06-22,4.2163
2018-06-21,4.174
2018-06-20,4.2062
2018-06-19,4.2094
2018-06-18,4.212
2018-06-15,4.1789
2018-06-14,4.2505
2018-06-13,4.2187
2018-12-06,4.2171
2018-11-06,4.2097
2018-08-06,4.2043
2018-07-06,4.2218
2018-06-06,4.1961
2018-05-06,4.1762
2018-04-06,4.1798
2018-01-06,4.1645
2018-05-31,4.165
2018-05-30,4.1616
2018-05-29,4.1525
2018-05-25,4.1756
2018-05-24,4.1804
2018-05-23,4.1882
2018-05-22,4.2116
2018-05-21,4.2102
2018-05-18,4.2409
2018-05-17,4.2259
2018-05-16,4.2353
2018-05-15,4.2895
2018-05-14,4.2849
2018-11-05,4.255
2018-10-05,4.2564
2018-09-05,4.2751
2018-08-05,4.2775
2018-07-05,4.3148
2018-04-05,4.3364
2018-03-05,4.3474
2018-02-05,4.3312
2018-01-05,4.349
2018-04-30,4.3387
2018-04-27,4.3432
2018-04-26,4.3578
2018-04-25,4.3754
2018-04-24,4.3501
2018-04-23,4.3342
2018-04-20,4.3503
2018-04-18,4.3486
2018-04-17,4.3623
2018-04-16,4.3296
2018-04-13,4.3261
2018-12-04,4.3362
2018-11-04,4.3539
2018-10-04,4.3346
2018-09-04,4.3352
2018-05-04,4.3375
2018-04-04,4.3365
2018-03-04,4.3354
2018-03-29,4.3288
2018-03-28,4.3365
2018-03-27,4.3258
2018-03-26,4.3329
2018-03-23,4.3025
2018-03-22,4.2885
2018-03-21,4.2916
2018-03-20,4.2803
2018-03-19,4.268
2018-03-16,4.2543
2018-03-15,4.2423
2018-03-14,4.2455
2018-03-13,4.2507
2018-12-03,4.2291
2018-09-03,4.2521
2018-08-03,4.2789
2018-07-03,4.3014
2018-06-03,4.292
2018-05-03,4.2509
2018-02-28,4.2586
2018-02-27,4.2801
2018-02-26,4.3106
2018-02-23,4.2931
2018-02-22,4.298
2018-02-21,4.3132
2018-02-20,4.3199
2018-02-19,4.371
2018-02-16,4.4274
2018-02-15,4.4009
2018-02-14,4.3643
2018-02-13,4.3526
2018-12-02,4.3226
2018-09-02,4.3158
2018-08-02,4.2826
2018-07-02,4.3015
2018-06-02,4.3039
2018-05-02,4.2819
2018-02-02,4.2843
2018-01-02,4.2629
2018-01-31,4.2413
2018-01-30,4.2215
2018-01-29,4.2265
2018-01-26,4.2171
2018-01-25,4.2218
2018-01-24,4.2032
2018-01-23,4.1887
2018-01-22,4.1901
2018-01-19,4.1796
2018-01-18,4.1986
2018-01-17,4.2136
2018-01-16,4.1706
2018-01-15,4.1737
2018-12-01,4.1198
2018-11-01,4.1125
2018-10-01,4.1139
2018-09-01,4.1087
2018-08-01,4.1242
2018-05-01,4.1524
2018-04-01,4.1598
2018-03-01,4.1578
2018-02-01,4.1702
2017-12-29,4.1526
2017-12-28,4.144
2017-12-27,4.1377
2017-12-26,4.1339
2017-12-22,4.1308
2017-12-21,4.1378
2017-12-20,4.1445
2017-12-19,4.1317
2017-12-18,4.1413
2017-12-15,4.1549
2017-12-14,4.1758
2017-12-13,4.1671
2017-12-12,4.1669
2017-11-12,4.1504
2017-08-12,4.1335
2017-07-12,4.1437
2017-06-12,4.1527
2017-05-12,4.142
2017-04-12,4.1362
2017-01-12,4.1521
2017-11-30,4.1429
2017-11-29,4.1448
2017-11-28,4.1634
2017-11-27,4.18
2017-11-24,4.1642
2017-11-23,4.161
2017-11-22,4.1416
2017-11-21,4.1373
2017-11-20,4.1408
2017-11-17,4.1506
2017-11-16,4.1462
2017-11-15,4.1824
2017-11-14,4.1616
2017-11-13,4.1287
2017-10-11,4.1069
2017-09-11,4.0866
2017-08-11,4.07
2017-07-11,4.0664
2017-06-11,4.0707
2017-03-11,4.0908
2017-02-11,4.0862
2017-01-11,4.0813
2017-10-31,4.0956
2017-10-30,4.1035
2017-10-27,4.1119
2017-10-26,4.1456
2017-10-25,4.1349
2017-10-24,4.1155
2017-10-23,4.1002
2017-10-20,4.121
2017-10-19,4.1402
2017-10-18,4.1277
2017-10-17,4.1285
2017-10-16,4.1257
2017-10-13,4.141
2017-11-10,4.1457
2017-10-10,4.1274
2017-09-10,4.12
2017-06-10,4.1155
2017-04-10,4.1414
2017-03-10,4.1463
2017-02-10,4.1553
2017-09-28,4.1569
2017-09-27,4.1622
2017-09-26,4.1567
2017-09-25,4.1704
2017-09-19,4.2131
2017-09-18,4.2062
2017-09-15,4.1971
2017-09-14,4.2033
2017-09-13,4.2362
2017-12-09,4.2298
2017-11-09,4.2302
2017-08-09,4.2268
2017-07-09,4.2274
2017-06-09,4.2469
2017-05-09,4.242
2017-04-09,4.2647
2017-01-09,4.2582
2017-08-31,4.2607
2017-08-30,4.2713
2017-08-29,4.3049
2017-08-28,4.2709
2017-08-25,4.2415
2017-08-24,4.2443
2017-08-23,4.2677
2017-08-22,4.2575
2017-08-21,4.261
2017-08-18,4.2514
2017-08-17,4.2403
2017-08-16,4.2465
2017-08-15,4.2152
2017-08-14,4.2266
2017-11-08,4.217
2017-10-08,4.2157
2017-09-08,4.2253
2017-08-08,4.2597
2017-07-08,4.2734
2017-04-08,4.2869
2017-03-08,4.25
2017-02-08,4.2346
2017-07-31,4.1745
2017-07-28,4.1636
2017-07-27,4.1675
2017-07-26,4.1572
2017-07-25,4.1579
2017-07-24,4.1801
2017-07-21,4.14
2017-07-20,4.1052
2017-07-19,4.1385
2017-07-18,4.1178
2017-07-17,4.0638
2017-07-14,4.0368
2017-07-13,4.0277
2017-12-07,4.0698
2017-11-07,4.0753
2017-10-07,4.0418
2017-07-07,4.0282
2017-06-07,4.0165
2017-05-07,3.9919
2017-04-07,3.9889
2017-03-07,3.974
2017-06-30,3.9859
2017-06-29,3.9825
2017-06-28,4.0022
2017-06-27,3.9593
2017-06-26,3.9521
2017-06-23,3.9565
2017-06-22,3.9553
2017-06-21,3.9502
2017-06-20,3.9408
2017-06-19,3.9462
2017-06-16,3.9393
2017-06-15,3.9305
2017-06-14,3.9536
2017-06-13,3.9594
2017-12-06,3.9656
2017-09-06,3.9541
2017-08-06,3.975
2017-07-06,3.9767
2017-06-06,3.9864
2017-05-06,3.9877
2017-02-06,3.994
2017-01-06,3.9814
2017-05-30,3.9684
2017-05-26,4.0065
2017-05-25,4.0099
2017-05-24,4.0192
2017-05-23,4.0357
2017-05-22,4.0252
2017-05-19,4.0015
2017-05-18,4.0114
2017-05-17,4.0024
2017-05-16,3.9853
2017-05-15,3.9447
2017-12-05,3.9216
2017-11-05,3.9252
2017-10-05,3.9167
2017-09-05,3.925
2017-08-05,3.9478
2017-05-05,3.9635
2017-04-05,3.9538
2017-03-05,3.9415
2017-04-28,3.9395
2017-04-27,3.97
2017-04-26,3.9598
2017-04-25,3.9683
2017-04-24,3.9622
2017-04-21,3.9469
2017-04-20,3.9363
2017-04-19,3.9329
2017-04-18,3.9148
2017-04-13,3.884
2017-12-04,3.8807
2017-07-04,3.8828
2017-06-04,3.8912
2017-05-04,3.9007
2017-04-04,3.882
2017-03-04,3.867
2017-03-31,3.8822
2017-03-30,3.882
2017-03-29,3.9115
2017-03-28,3.9243
2017-03-27,3.9327
2017-03-24,3.9366
2017-03-23,3.9316
2017-03-22,3.9438
2017-03-21,3.9068
2017-03-20,3.8905
2017-03-17,3.9095
2017-03-16,3.8916
2017-03-15,3.8874
2017-03-14,3.893
2017-10-03,3.9012
2017-09-03,3.8929
2017-08-03,3.8883
2017-07-03,3.8866
2017-06-03,3.897
2017-03-03,3.8836
2017-02-03,3.8809
2017-01-03,3.8246
2017-02-28,3.8782
2017-02-27,3.8942
2017-02-24,3.9183
2017-02-23,3.9131
2017-02-22,3.8954
2017-02-21,3.9066
2017-02-20,3.9397
2017-02-17,3.957
2017-02-16,3.9509
2017-02-15,3.9542
2017-02-14,3.9817
2017-02-13,3.9868
2017-10-02,3.9882
2017-09-02,4.0063
2017-08-02,3.9947
2017-07-02,4.0072
2017-06-02,4.0225
2017-03-02,4.0399
2017-02-02,4.0658
2017-01-02,4.0676
2017-01-31,4.0546
2017-01-30,4.0242
2017-01-27,4.0544
2017-01-26,4.0577
2017-01-25,4.0702
2017-01-24,4.0688
2017-01-23,4.0763
2017-01-20,4.0563
2017-01-19,4.0623
2017-01-18,4.0702
2017-01-17,4.0893
2017-01-16,4.0533
2017-01-13,4.0641
2017-12-01,4.0733
2017-11-01,4.0482
2017-10-01,4.0677
2017-09-01,4.0521
2017-06-01,4.0742
2017-05-01,4.0484
2017-04-01,4.024
2017-03-01,4.0085
2016-12-30,4.0438
2016-12-29,4.0201
2016-12-28,4.0069
2016-12-27,4.0202
2016-12-23,3.9874
2016-12-22,3.9894
2016-12-21,3.9941
2016-12-20,4.0023
2016-12-19,4.0307
2016-12-16,4.0186
2016-12-15,4.0084
2016-12-14,4.0481
2016-12-13,4.0415
2016-12-12,4.0554
2016-09-12,4.0521
2016-08-12,4.0878
2016-07-12,4.0805
2016-06-12,4.0877
2016-05-12,4.0934
2016-02-12,4.0822
2016-01-12,4.0755
2016-11-30,4.0807
2016-11-29,4.0762
2016-11-28,4.089
2016-11-25,4.1003
2016-11-24,4.0942
2016-11-23,4.1083
2016-11-22,4.1059
2016-11-21,4.1127
2016-11-18,4.105
2016-11-17,4.132
2016-11-16,4.1274
2016-11-15,4.1404
2016-11-14,4.1478
2016-11-11,4.1794
2016-10-11,4.1828
2016-09-11,4.2185
2016-08-11,4.2126
2016-07-11,4.2165
2016-04-11,4.2246
2016-03-11,4.2262
2016-02-11,4.2245
2016-01-11,4.2145
2016-10-31,4.2131
2016-10-28,4.2116
2016-10-27,4.1969
2016-10-26,4.1944
2016-10-25,4.1878
2016-10-21,4.1875
2016-10-20,4.2068
2016-10-19,4.1993
2016-10-18,4.204
2016-10-14,4.2025
2016-10-13,4.2028
2016-10-10,4.2315
2016-07-10,4.215
2016-06-10,4.2263
2016-05-10,4.2405
2016-09-30,4.203
2016-09-29,4.2144
2016-09-28,4.2117
2016-09-27,4.2083
2016-09-26,4.2335
2016-09-23,4.2155
2016-09-22,4.2236
2016-09-21,4.2106
2016-09-20,4.2233
2016-09-19,4.2148
2016-09-16,4.2251
2016-09-15,4.2478
2016-09-14,4.2495
2016-09-13,4.2373
2016-12-09,4.232
2016-09-09,4.2327
2016-08-09,4.2361
2016-07-09,4.2339
2016-06-09,4.2057
2016-05-09,4.2042
2016-02-09,4.2172
2016-01-09,4.209
2016-08-31,4.2197
2016-08-30,4.2237
2016-08-29,4.2373
2016-08-26,4.2386
2016-08-25,4.2549
2016-08-24,4.2508
2016-08-23,4.2702
2016-08-22,4.2715
2016-08-19,4.2725
2016-08-18,4.2781
2016-08-17,4.2723
2016-08-16,4.2536
2016-08-15,4.2553
2016-12-08,4.2512
2016-11-08,4.2494
2016-10-08,4.2632
2016-09-08,4.2355
2016-08-08,4.2464
2016-05-08,4.2551
2016-04-08,4.258
2016-03-08,4.2819
2016-02-08,4.2712
2016-01-08,4.2489
2016-07-29,4.246
2016-07-28,4.2442
2016-07-27,4.2219
2016-07-26,4.229
2016-07-25,4.2263
2016-07-22,4.2353
2016-07-21,4.2486
2016-07-20,4.2496
2016-07-19,4.2648
2016-07-18,4.2652
2016-07-15,4.2842
2016-07-14,4.279
2016-07-13,4.2868
2016-12-07,4.304
2016-11-07,4.2894
2016-08-07,4.299
2016-07-07,4.2971
2016-06-07,4.3065
2016-05-07,4.3109
2016-04-07,4.2908
2016-01-07,4.2703
2016-06-30,4.2839
2016-06-29,4.2811
2016-06-28,4.3011
2016-06-27,4.2912
2016-06-24,4.3187
2016-06-23,4.3533
2016-06-22,4.3472
2016-06-21,4.3701
2016-06-20,4.3627
2016-06-17,4.3382
2016-06-16,4.3311
2016-06-15,4.3509
2016-06-14,4.335
2016-06-13,4.3669
2016-10-06,4.3479
2016-09-06,4.3603
2016-08-06,4.3533
2016-07-06,4.3302
2016-06-06,4.3467
2016-03-06,4.3149
2016-02-06,4.3117
2016-01-06,4.3
2016-05-31,4.2951
2016-05-27,4.2994
2016-05-26,4.289
2016-05-25,4.2951
2016-05-24,4.3215
2016-05-23,4.3455
2016-05-20,4.3432
2016-05-19,4.3228
2016-05-18,4.3234
2016-05-17,4.3219
2016-05-16,4.3145
2016-05-13,4.2788
2016-11-05,4.2963
2016-10-05,4.3034
2016-09-05,4.3038
2016-06-05,4.3249
2016-05-05,4.3213
2016-04-05,4.336
2016-03-05,4.3356
2016-02-05,4.3018
2016-04-28,4.2717
2016-04-27,4.267
2016-04-26,4.2498
2016-04-25,4.2492
2016-04-21,4.2619
2016-04-20,4.2751
2016-04-19,4.2676
2016-04-18,4.2643
2016-04-15,4.265
2016-04-14,4.266
2016-04-13,4.2631
2016-12-04,4.2941
2016-11-04,4.308
2016-08-04,4.3131
2016-07-04,4.3115
2016-06-04,4.3294
2016-05-04,4.3201
2016-04-04,4.3041
2016-01-04,4.3145
2016-03-31,4.2856
2016-03-30,4.2898
2016-03-29,4.284
2016-03-28,4.2827
2016-03-23,4.2932
2016-03-22,4.3222
2016-03-21,4.3446
2016-03-18,4.347
2016-03-17,4.3521
2016-03-16,4.3247
2016-03-15,4.3255
2016-03-14,4.3092
2016-11-03,4.3115
2016-10-03,4.2451
2016-09-03,4.288
2016-08-03,4.311
2016-07-03,4.2812
2016-04-03,4.2573
2016-03-03,4.2305
2016-02-03,4.2173
2016-01-03,4.2373
2016-02-29,4.2547
2016-02-26,4.2994
2016-02-25,4.3104
2016-02-24,4.3056
2016-02-23,4.2992
2016-02-22,4.3198
2016-02-19,4.3489
2016-02-18,4.3367
2016-02-17,4.3516
2016-02-16,4.3678
2016-02-15,4.3483
2016-12-02,4.3751
2016-11-02,4.4002
2016-10-02,4.3587
2016-09-02,4.364
2016-08-02,4.3273
2016-05-02,4.3457
2016-04-02,4.3696
2016-03-02,4.3316
2016-02-02,4.317
2016-01-02,4.2971
2016-01-29,4.3097
2016-01-28,4.3202
2016-01-27,4.3217
2016-01-26,4.3075
2016-01-25,4.3081
2016-01-22,4.304
2016-01-21,4.3302
2016-01-20,4.3469
2016-01-19,4.2955
2016-01-18,4.3104
2016-01-15,4.3026
2016-01-14,4.3119
2016-01-13,4.2618
2016-12-01,4.2735
2016-11-01,4.2812
2016-08-01,4.2676
2016-07-01,4.2728
2016-06-01,4.2378
2016-05-01,4.2293
2016-04-01,4.2689
2015-12-31,4.2468
2015-12-30,4.2569
2015-12-29,4.2595
2015-12-28,4.2697
2015-12-24,4.2635
2015-12-23,4.2568
2015-12-22,4.2703
2015-12-21,4.2374
2015-12-18,4.2138
2015-12-17,4.2244
2015-12-16,4.2356
2015-12-15,4.2414
2015-12-14,4.2318
2015-11-12,4.2282
2015-10-12,4.2357
2015-09-12,4.252
2015-08-12,4.2123
2015-07-12,4.166
2015-04-12,4.195
2015-03-12,4.1005
2015-02-12,4.11
2015-01-12,4.1105
2015-11-30,4.0995
2015-11-27,4.1285
2015-11-26,4.1189
2015-11-25,4.1056
2015-11-24,4.1219
2015-11-23,4.1383
2015-11-20,4.1447
2015-11-19,4.1627
2015-11-18,4.1627
2015-11-17,4.1635
2015-11-16,4.1776
2015-11-13,4.1823
2015-12-11,4.1748
2015-11-11,4.1912
2015-10-11,4.2075
2015-09-11,4.2204
2015-06-11,4.2281
2015-05-11,4.2218
2015-04-11,4.2395
2015-03-11,4.256
2015-02-11,4.261
2015-10-30,4.2529
2015-10-29,4.2592
2015-10-28,4.2922
2015-10-27,4.276
2015-10-26,4.2941
2015-10-23,4.3056
2015-10-22,4.3623
2015-10-21,4.3837
2015-10-20,4.3921
2015-10-19,4.349
2015-10-16,4.3358
2015-10-15,4.3689
2015-10-14,4.3909
2015-10-13,4.3964
2015-12-10,4.3609
2015-09-10,4.3483
2015-08-10,4.346
2015-07-10,4.333
2015-06-10,4.3465
2015-02-10,4.3811
2015-01-10,4.3692
2015-09-30,4.4038
2015-09-29,4.429
2015-09-25,4.4008
2015-09-24,4.4318
2015-09-21,4.4145
2015-09-18,4.4246
2015-09-17,4.3839
2015-09-16,4.3628
2015-11-09,4.369
2015-10-09,4.3712
2015-09-09,4.3256
2015-08-09,4.3773
2015-07-09,4.385
2015-04-09,4.3758
2015-03-09,4.416
2015-02-09,4.4268
2015-01-09,4.4202
2015-08-31,4.4035
2015-08-28,4.4284
2015-08-27,4.4327
2015-08-26,4.4749
2015-08-25,4.4504
2015-08-24,4.4582
2015-08-21,4.3559
2015-08-20,4.3426
2015-08-19,4.2804
2015-08-18,4.2366
2015-08-17,4.2225
2015-08-14,4.2159
2015-08-13,4.2281
2015-12-08,4.2511
2015-11-08,4.2144
2015-10-08,4.1682
2015-07-08,4.163
2015-06-08,4.158
2015-05-08,4.1349
2015-04-08,4.1524
2015-03-08,4.1345
2015-07-31,4.1368
2015-07-30,4.1426
2015-07-29,4.1844
2015-07-28,4.1643
2015-07-27,4.215
2015-07-24,4.1809
2015-07-23,4.1993
2015-07-22,4.1648
2015-07-21,4.1386
2015-07-20,4.1437
2015-07-17,4.1274
2015-07-16,4.1267
2015-07-15,4.1422
2015-07-14,4.1639
2015-07-13,4.183
2015-10-07,4.1979
2015-09-07,4.1851
2015-08-07,4.1812
2015-07-07,4.145
2015-06-07,4.1638
2015-03-07,4.1864
2015-02-07,4.1853
2015-01-07,4.1952
2015-06-30,4.2194
2015-06-29,4.2267
2015-06-26,4.2508
2015-06-25,4.2232
2015-06-24,4.2179
2015-06-23,4.2368
2015-06-22,4.3504
2015-06-19,4.3348
2015-06-18,4.3484
2015-06-17,4.3301
2015-06-16,4.3157
2015-06-15,4.3077
2015-12-06,4.3119
2015-11-06,4.3145
2015-10-06,4.3218
2015-09-06,4.3156
2015-08-06,4.3099
2015-05-06,4.3287
2015-04-06,4.356
2015-03-06,4.2988
2015-02-06,4.2571
2015-01-06,4.2306
2015-05-29,4.2502
2015-05-28,4.2413
2015-05-27,4.2156
2015-05-26,4.232
2015-05-22,4.3229
2015-05-21,4.3026
2015-05-20,4.3043
2015-05-19,4.3169
2015-05-18,4.3608
2015-05-15,4.3457
2015-05-14,4.3615
2015-05-13,4.3273
2015-12-05,4.3472
2015-11-05,4.3143
2015-08-05,4.3438
2015-07-05,4.3673
2015-06-05,4.3427
2015-05-05,4.316
2015-04-05,4.3302
2015-01-05,4.3432
2015-04-30,4.3175
2015-04-29,4.2624
2015-04-28,4.2543
2015-04-27,4.2597
2015-04-24,4.2687
2015-04-22,4.2492
2015-04-21,4.216
2015-04-20,4.2167
2015-04-17,4.2426
2015-04-16,4.219
2015-04-15,4.2187
2015-04-14,4.2117
2015-04-13,4.2259
2015-09-04,4.2349
2015-08-04,4.2753
2015-07-04,4.2774
2015-02-04,4.2775
2015-01-04,4.2784
2015-03-31,4.2735
2015-03-30,4.3024
2015-03-27,4.3194
2015-03-26,4.3408
2015-03-25,4.3355
2015-03-24,4.3141
2015-03-23,4.3737
2015-03-20,4.3287
2015-03-19,4.2671
2015-03-18,4.2669
2015-03-16,4.238
2015-03-13,4.2622
2015-12-03,4.2723
2015-11-03,4.2896
2015-10-03,4.341
2015-09-03,4.3697
2015-04-03,4.4308
2015-03-03,4.4519
2015-02-03,4.4779
2015-02-27,4.4473
2015-02-26,4.4654
2015-02-25,4.4673
2015-02-24,4.4776
2015-02-23,4.3608
2015-02-20,4.3751
2015-02-19,4.3718
2015-02-18,4.3797
2015-02-17,4.4151
2015-02-16,4.4409
2015-02-13,4.4375
2015-12-02,4.4152
2015-11-02,4.3714
2015-10-02,4.3772
2015-09-02,4.3858
2015-06-02,4.4335
2015-05-02,4.4247
2015-04-02,4.4535
2015-03-02,4.4606
2015-02-02,4.461
2015-01-30,4.4527
2015-01-29,4.4403
2015-01-28,4.483
2015-01-27,4.5024
2015-01-26,4.4903
2015-01-23,4.4638
2015-01-22,4.5767
2015-01-21,4.5542
2015-01-20,4.5475
2015-01-19,4.558
2015-01-16,4.5491
2015-01-15,4.5678
2015-01-14,4.6301
2015-01-13,4.6471
2015-12-01,4.6636
2015-09-01,4.6727
2015-08-01,4.6759
2015-07-01,4.6848
2015-06-01,4.7253
2015-05-01,4.7137
2015-02-01,4.719
2014-12-31,4.7246
2014-12-30,4.7514
2014-12-29,4.7931
2014-12-24,4.7747
2014-12-23,4.7857
2014-12-22,4.8122
2014-12-19,4.8266
2014-12-18,4.8501
2014-12-17,4.8832
2014-12-16,4.923
2014-12-15,4.8702
2014-12-12,4.8556
2014-11-12,4.8816
2014-10-12,4.8881
2014-09-12,4.8727
2014-08-12,4.8926
2014-05-12,4.8969
2014-04-12,4.9072
2014-03-12,4.9259
2014-02-12,4.9257
2014-01-12,4.876
2014-11-28,4.8366
2014-11-27,4.849
2014-11-26,4.8187
2014-11-25,4.8037
2014-11-24,4.7936
2014-11-21,4.8084
2014-11-20,4.8231
2014-11-19,4.813
2014-11-18,4.8035
2014-11-17,4.7796
2014-11-14,4.7542
2014-11-13,4.7492
2014-12-11,4.7596
2014-11-11,4.7375
2014-10-11,4.7229
2014-07-11,4.7205
2014-06-11,4.7385
2014-05-11,4.7402
2014-04-11,4.7505
2014-03-11,4.7348
2014-10-31,4.7562
2014-10-30,4.7535
2014-10-29,4.7818
2014-10-28,4.7809
2014-10-27,4.8058
2014-10-24,4.7931
2014-10-23,4.7725
2014-10-22,4.7519
2014-10-21,4.7577
2014-10-20,4.7841
2014-10-17,4.7434
2014-10-15,4.7163
2014-10-14,4.7498
2014-10-13,4.7335
2014-10-10,4.7194
2014-08-10,4.7272
2014-07-10,4.67
2014-06-10,4.6063
2014-02-10,4.6065
2014-01-10,4.6241
2014-09-30,4.6486
2014-09-29,4.6818
2014-09-23,4.7126
2014-09-22,4.6974
2014-09-19,4.6972
2014-09-18,4.7014
2014-09-17,4.7275
2014-09-16,4.7132
2014-09-15,4.6862
2014-12-09,4.7006
2014-11-09,4.6886
2014-10-09,4.6802
2014-09-09,4.6536
2014-08-09,4.6615
2014-05-09,4.6645
2014-04-09,4.6707
2014-03-09,4.7052
2014-02-09,4.6917
2014-01-09,4.7018
2014-08-29,4.7054
2014-08-28,4.6939
2014-08-27,4.7092
2014-08-26,4.7157
2014-08-25,4.6765
2014-08-22,4.6764
2014-08-21,4.6903
2014-08-20,4.6927
2014-08-19,4.7017
2014-08-18,4.6903
2014-08-15,4.6364
2014-08-14,4.6422
2014-08-13,4.6674
2014-12-08,4.6462
2014-11-08,4.6493
2014-08-08,4.6498
2014-07-08,4.616
2014-06-08,4.5725
2014-04-08,4.5875
2014-01-08,4.57
2014-07-31,4.5899
2014-07-30,4.5956
2014-07-29,4.6029
2014-07-28,4.6043
2014-07-25,4.6137
2014-07-24,4.5837
2014-07-23,4.5944
2014-07-22,4.6095
2014-07-21,4.6232
2014-07-18,4.6298
2014-07-17,4.613
2014-07-16,4.6128
2014-07-15,4.6298
2014-07-14,4.6658
2014-11-07,4.6643
2014-10-07,4.6696
2014-09-07,4.677
2014-08-07,4.6624
2014-07-07,4.6535
2014-04-07,4.6454
2014-03-07,4.6747
2014-02-07,4.6816
2014-01-07,4.6924
2014-06-30,4.6939
2014-06-27,4.6785
2014-06-26,4.6734
2014-06-25,4.6819
2014-06-24,4.6765
2014-06-23,4.6934
2014-06-20,4.686
2014-06-19,4.6941
2014-06-18,4.6905
2014-06-17,4.6845
2014-06-16,4.6825
2014-06-13,4.6862
2014-12-06,4.6819
2014-11-06,4.6899
2014-10-06,4.6888
2014-09-06,4.7114
2014-06-06,4.7277
2014-05-06,4.7253
2014-03-06,4.7261
2014-02-06,4.734
2014-05-30,4.7283
2014-05-29,4.7333
2014-05-28,4.7464
2014-05-27,4.745
2014-05-23,4.7533
2014-05-22,4.766
2014-05-21,4.7692
2014-05-20,4.7526
2014-05-19,4.7389
2014-05-16,4.7479
2014-05-15,4.7182
2014-05-14,4.7409
2014-05-13,4.7399
2014-12-05,4.754
2014-09-05,4.7713
2014-08-05,4.804
2014-07-05,4.8047
2014-05-05,4.7983
2014-02-05,4.7908
2014-01-05,4.793
2014-04-30,4.8025
2014-04-29,4.806
2014-04-28,4.8313
2014-04-25,4.8014
2014-04-24,4.8071
2014-04-23,4.8289
2014-04-22,4.8134
2014-04-17,4.8104
2014-04-16,4.7978
2014-11-04,4.81
2014-10-04,4.8071
2014-09-04,4.8066
2014-08-04,4.7937
2014-07-04,4.7954
2014-04-04,4.764
2014-03-04,4.775
2014-02-04,4.7916
2014-01-04,4.7953
2014-03-31,4.8124
2014-03-28,4.8088
2014-03-27,4.822
2014-03-26,4.8147
2014-03-25,4.8185
2014-03-24,4.8011
2014-03-21,4.7961
2014-03-20,4.7982
2014-03-19,4.8172
2014-03-18,4.8131
2014-03-14,4.8176
2014-03-13,4.8348
2014-12-03,4.8139
2014-11-03,4.8126
2014-10-03,4.8217
2014-07-03,4.801
2014-06-03,4.7789
2014-05-03,4.7895
2014-04-03,4.7998
2014-03-03,4.8078
2014-02-28,4.7979
2014-02-27,4.8031
2014-02-26,4.8333
2014-02-25,4.836
2014-02-24,4.8173
2014-02-21,4.8108
2014-02-20,4.8203
2014-02-19,4.8258
2014-02-18,4.8226
2014-02-17,4.8085
2014-02-14,4.8013
2014-02-13,4.8022
2014-12-02,4.798
2014-11-02,4.8069
2014-10-02,4.8048
2014-07-02,4.7937
2014-06-02,4.7955
2014-05-02,4.7837
2014-04-02,4.7756
2014-03-02,4.75
2014-01-31,4.7385
2014-01-30,4.7492
2014-01-29,4.7589
2014-01-28,4.7661
2014-01-27,4.7705
2014-01-24,4.7658
2014-01-23,4.7553
2014-01-22,4.7323
2014-01-21,4.7325
2014-01-20,4.7317
2014-01-17,4.7448
2014-01-16,4.7516
2014-01-15,4.7407
2014-01-14,4.7695
2014-01-13,4.7674
2014-10-01,4.7582
2014-09-01,4.7634
2014-08-01,4.7665
2014-07-01,4.7769
2014-06-01,4.7685
2014-03-01,4.7775
2014-02-01,4.773
2013-12-31,4.7819
2013-12-30,4.788
2013-12-27,4.8174
2013-12-26,4.782
2013-12-24,4.77
2013-12-23,4.7968
2013-12-20,4.796
2013-12-19,4.8075
2013-12-18,4.8193
2013-12-17,4.8326
2013-12-16,4.8339
2013-12-13,4.8225
2013-12-12,4.83
2013-11-12,4.8224
2013-10-12,4.805
2013-09-12,4.8063
2013-06-12,4.8031
2013-05-12,4.7897
2013-04-12,4.7857
2013-03-12,4.7818
2013-02-12,4.7781
2013-11-29,4.7969
2013-11-28,4.8041
2013-11-27,4.8163
2013-11-26,4.7987
2013-11-25,4.8156
2013-11-22,4.8029
2013-11-21,4.8063
2013-11-20,4.7958
2013-11-19,4.7541
2013-11-18,4.7606
2013-11-15,4.7339
2013-11-14,4.7458
2013-11-13,4.7399
2013-12-11,4.7337
2013-11-11,4.7351
2013-08-11,4.7421
2013-07-11,4.7792
2013-06-11,4.7705
2013-05-11,4.7667
2013-04-11,4.7726
2013-01-11,4.7666
2013-10-31,4.803
2013-10-30,4.8429
2013-10-29,4.8516
2013-10-28,4.8727
2013-10-25,4.8709
2013-10-24,4.8741
2013-10-23,4.8401
2013-10-22,4.8242
2013-10-21,4.836
2013-10-18,4.8325
2013-10-17,4.823
2013-10-16,4.8122
2013-10-15,4.7852
2013-10-14,4.7972
2013-11-10,4.8114
2013-10-10,4.8118
2013-09-10,4.8253
2013-08-10,4.8324
2013-07-10,4.8081
2013-04-10,4.8304
2013-03-10,4.8124
2013-02-10,4.7766
2013-01-10,4.7845
2013-09-30,4.7734
2013-09-27,4.82
2013-09-25,4.8045
2013-09-24,4.7649
2013-09-23,4.7495
2013-09-20,4.7433
2013-09-18,4.7222
2013-09-17,4.7249
2013-09-16,4.7164
2013-12-09,4.7379
2013-11-09,4.726
2013-10-09,4.7738
2013-09-09,4.7821
2013-03-09,4.7814
2013-02-09,4.7805
2013-08-30,4.7838
2013-08-29,4.8133
2013-08-28,4.9019
2013-08-27,4.8807
2013-08-26,4.8183
2013-08-23,4.7893
2013-08-22,4.7729
2013-08-21,4.7768
2013-08-20,4.7738
2013-08-19,4.7694
2013-08-16,4.7511
2013-08-15,4.7452
2013-08-14,4.7342
2013-08-13,4.7194
2013-12-08,4.7131
2013-09-08,4.7234
2013-08-08,4.7283
2013-07-08,4.7307
2013-06-08,4.7154
2013-05-08,4.7256
2013-02-08,4.7287
2013-01-08,4.7133
2013-07-31,4.7269
2013-07-30,4.7379
2013-07-29,4.7724
2013-07-26,4.754
2013-07-25,4.7466
2013-07-24,4.7368
2013-07-23,4.7057
2013-07-22,4.7019
2013-07-19,4.6976
2013-07-18,4.7197
2013-07-17,4.7021
2013-07-15,4.6849
2013-12-07,4.7046
2013-11-07,4.7237
2013-10-07,4.6736
2013-09-07,4.6966
2013-08-07,4.7038
2013-05-07,4.6967
2013-04-07,4.7249
2013-03-07,4.7338
2013-02-07,4.7284
2013-01-07,4.7448
2013-06-28,4.7197
2013-06-27,4.7488
2013-06-26,4.7122
2013-06-25,4.7313
2013-06-24,4.7623
2013-06-21,4.7929
2013-06-20,4.7904
2013-06-19,4.8145
2013-06-18,4.8077
2013-06-17,4.8058
2013-06-14,4.8009
2013-06-13,4.8146
2013-12-06,4.8138
2013-11-06,4.8388
2013-10-06,4.7978
2013-07-06,4.8039
2013-06-06,4.7854
2013-05-06,4.7964
2013-04-06,4.8093
2013-03-06,4.7945
2013-05-31,4.7988
2013-05-30,4.7805
2013-05-29,4.7813
2013-05-28,4.7963
2013-05-24,4.7983
2013-05-23,4.7678
2013-05-22,4.7451
2013-05-21,4.7255
2013-05-20,4.7084
2013-05-17,4.687
2013-05-16,4.697
2013-05-14,4.7294
2013-05-13,4.6359
2013-10-05,4.6367
2013-09-05,4.6726
2013-08-05,4.6786
2013-07-05,4.6731
2013-06-05,4.6768
2013-03-05,4.6736
2013-02-05,4.7071
2013-01-05,4.7312
2013-04-30,4.6956
2013-04-29,4.7002
2013-04-26,4.6989
2013-04-25,4.7144
2013-04-24,4.708
2013-04-23,4.7096
2013-04-22,4.7339
2013-04-19,4.7424
2013-04-18,4.7337
2013-04-17,4.7592
2013-04-15,4.7388
2013-12-04,4.743
2013-11-04,4.755
2013-10-04,4.7584
2013-09-04,4.7324
2013-08-04,4.7101
2013-05-04,4.6859
2013-04-04,4.6497
2013-03-04,4.6388
2013-02-04,4.6483
2013-03-28,4.6612
2013-03-27,4.6651
2013-03-22,4.743
2013-03-21,4.7522
2013-03-20,4.7502
2013-03-19,4.7665
2013-03-18,4.7755
2013-03-15,4.8048
2013-03-14,4.7846
2013-03-13,4.792
2013-12-03,4.7897
2013-11-03,4.7967
2013-08-03,4.8383
2013-07-03,4.85
2013-06-03,4.86
2013-05-03,4.8636
2013-04-03,4.8567
2013-01-03,4.8693
2013-02-28,4.8629
2013-02-27,4.8862
2013-02-26,4.8868
2013-02-22,4.8984
2013-02-21,4.8422
2013-02-20,4.9007
2013-02-19,4.9142
2013-02-18,4.9137
2013-02-15,4.9101
2013-02-14,4.9076
2013-02-13,4.9727
2013-12-02,4.9721
2013-11-02,4.953
2013-08-02,4.9572
2013-07-02,5.0029
2013-06-02,4.9998
2013-05-02,5.0002
2013-04-02,4.9978
2013-01-02,5.0271
2013-01-31,5.0534
2013-01-30,5.0464
2013-01-29,5.0096
2013-01-28,5.0124
2013-01-25,4.9903
2013-01-24,4.9571
2013-01-23,4.9645
2013-01-21,4.9764
2013-01-18,4.9708
2013-01-17,4.9775
2013-01-16,4.9637
2013-01-15,4.9829
2013-01-14,4.9885
2013-11-01,4.9655
2013-10-01,4.9486
2013-09-01,4.9414
2013-08-01,4.9412
2013-07-01,4.938
2013-04-01,4.9125
2013-03-01,4.897
2013-02-01,4.9276
2012-12-31,4.9206
2012-12-28,4.9184
2012-12-27,4.9428
2012-12-26,4.9525
2012-12-24,4.9544
2012-12-21,4.9486
2012-12-20,4.9701
2012-12-19,4.98
2012-12-18,4.969
2012-12-17,4.969
2012-12-14,4.9698
2012-12-13,4.9365
2012-12-12,4.9305
2012-11-12,4.9413
2012-10-12,4.9508
2012-07-12,4.9609
2012-06-12,4.9819
2012-05-12,4.9728
2012-04-12,4.9943
2012-03-12,4.9589
2012-11-30,4.955
2012-11-29,4.9755
2012-11-28,4.9861
2012-11-27,4.9978
2012-11-26,5.015
2012-11-23,4.9943
2012-11-22,4.9833
2012-11-21,5.0155
2012-11-20,5.0273
2012-11-19,5.0305
2012-11-16,5.0405
2012-11-15,5.0431
2012-11-14,4.9897
2012-11-13,4.9825
2012-12-11,4.9936
2012-09-11,4.9644
2012-08-11,4.9751
2012-07-11,4.9734
2012-06-11,4.9848
2012-05-11,4.987
2012-02-11,5.0013
2012-01-11,5.0192
2012-10-31,5.0415
2012-10-30,5.0466
2012-10-29,5.0156
2012-10-26,5.0096
2012-10-25,5.0085
2012-10-24,4.9946
2012-10-23,4.9828
2012-10-22,4.9852
2012-10-19,4.9904
2012-10-18,4.9913
2012-10-17,4.978
2012-10-16,4.9617
2012-10-15,4.9521
2012-12-10,4.9816
2012-11-10,4.98
2012-10-10,4.9744
2012-09-10,4.9984
2012-05-10,5.0172
2012-04-10,5.0193
2012-03-10,5.0183
2012-02-10,5.0212
2012-09-28,5.0649
2012-09-27,5.0531
2012-09-24,5.0519
2012-09-21,5.0649
2012-09-20,5.0733
2012-09-19,5.0878
2012-09-14,5.1086
2012-09-13,5.1188
2012-12-09,5.0942
2012-11-09,5.0671
2012-10-09,5.0864
2012-07-09,5.0681
2012-06-09,5.0856
2012-05-09,5.058
2012-04-09,5.0624
2012-03-09,5.0519
2012-08-31,5.0402
2012-08-30,5.0697
2012-08-29,5.0542
2012-08-28,5.0358
2012-08-27,5.0425
2012-08-24,5.0438
2012-08-23,5.0251
2012-08-22,5.0172
2012-08-21,4.9984
2012-08-20,4.9615
2012-08-17,4.9769
2012-08-16,4.9614
2012-08-15,4.9538
2012-08-14,4.9824
2012-08-13,4.992
2012-10-08,4.9153
2012-09-08,4.9062
2012-08-08,4.9401
2012-07-08,4.9624
2012-06-08,4.9163
2012-03-08,4.8941
2012-02-08,4.8818
2012-01-08,4.8904
2012-07-31,4.9066
2012-07-30,4.9511
2012-07-27,5.0169
2012-07-26,4.9827
2012-07-25,4.9325
2012-07-24,4.9198
2012-07-23,4.8928
2012-07-20,4.9036
2012-07-19,4.9641
2012-07-18,4.9058
2012-07-17,4.8926
2012-07-16,4.8563
2012-07-13,4.8434
2012-12-07,4.8532
2012-11-07,4.8589
2012-10-07,4.8684
2012-09-07,4.8756
2012-06-07,4.8698
2012-05-07,4.8971
2012-04-07,4.9238
2012-03-07,4.94
2012-02-07,4.9412
2012-06-29,4.9319
2012-06-28,4.9003
2012-06-27,4.929
2012-06-26,4.9184
2012-06-25,4.8887
2012-06-22,4.8941
2012-06-21,4.9189
2012-06-20,4.9133
2012-06-19,4.8677
2012-06-18,4.872
2012-06-15,4.8819
2012-06-14,4.8763
2012-06-13,4.8638
2012-12-06,4.8646
2012-11-06,4.8485
2012-08-06,4.835
2012-07-06,4.8689
2012-06-06,4.863
2012-05-06,4.841
2012-04-06,4.8394
2012-01-06,4.8293
2012-05-31,4.8173
2012-05-30,4.8329
2012-05-29,4.857
2012-05-28,4.8493
2012-05-25,4.8395
2012-05-24,4.8359
2012-05-23,4.8785
2012-05-22,4.8675
2012-05-21,4.8866
2012-05-18,4.8682
2012-05-17,4.8526
2012-05-16,4.876
2012-05-15,4.9164
2012-05-14,4.9296
2012-11-05,4.9408
2012-10-05,4.9466
2012-09-05,4.9486
2012-08-05,4.9531
2012-07-05,4.9583
2012-04-05,4.9654
2012-03-05,4.9613
2012-02-05,4.9771
2012-01-05,4.9945
2012-04-30,4.9581
2012-04-27,4.9596
2012-04-25,4.9558
2012-04-24,4.9482
2012-04-23,4.9427
2012-04-20,4.9346
2012-04-19,4.9346
2012-04-18,4.9306
2012-04-17,4.9337
2012-04-16,4.8932
2012-12-04,4.9322
2012-11-04,4.9301
2012-10-04,4.897
2012-05-04,4.8973
2012-04-04,4.9243
2012-03-04,4.968
2012-02-04,4.9611
2012-03-30,4.953
2012-03-29,4.9578
2012-03-28,4.9635
2012-03-27,4.9605
2012-03-26,4.9483
2012-03-23,4.9532
2012-03-22,4.9414
2012-03-21,4.9557
2012-03-20,4.9506
2012-03-19,4.951
2012-03-16,4.9236
2012-03-15,4.9417
2012-03-14,4.9417
2012-03-13,4.9434
2012-12-03,4.9625
2012-07-03,5.0037
2012-06-03,5.0091
2012-05-03,5.02
2012-02-03,5.0307
2012-01-03,5.0371
2012-02-29,5.0623
2012-02-28,5.0901
2012-02-27,5.0941
2012-02-24,5.0297
2012-02-23,4.9958
2012-02-22,4.9663
2012-02-21,4.937
2012-02-20,4.9438
2012-02-17,4.9247
2012-02-16,4.8978
2012-02-15,4.9111
2012-02-14,4.9295
2012-02-13,4.9234
2012-10-02,4.9279
2012-09-02,4.929
2012-08-02,4.9127
2012-07-02,4.8966
2012-06-02,4.8524
2012-03-02,4.8873
2012-02-02,4.8952
2012-01-02,4.9069
2012-01-31,4.9225
2012-01-30,4.9408
2012-01-27,4.9406
2012-01-26,4.9466
2012-01-25,4.9039
2012-01-24,4.925
2012-01-23,4.91
2012-01-20,4.8982
2012-01-19,4.8872
2012-01-18,4.8845
2012-01-17,4.9079
2012-01-16,4.8779
2012-01-13,4.9225
2012-12-01,4.8871
2012-11-01,4.8903
2012-10-01,4.8938
2012-09-01,4.8991
2012-06-01,4.9183
2012-05-01,4.9462
2012-04-01,4.9971
2012-03-01,4.9687
2011-12-30,4.9381
2011-12-29,4.9142
2011-12-28,4.9619
2011-12-27,4.9298
2011-12-23,4.9455
2011-12-22,4.941
2011-12-21,4.9313
2011-12-20,4.9446
2011-12-19,4.9372
2011-12-16,4.941
2011-12-15,4.9389
2011-12-14,4.9459
2011-12-13,4.9783
2011-12-12,4.9863
2011-09-12,5.0201
2011-08-12,5.0079
2011-07-12,5.0047
2011-06-12,5.0094
2011-05-12,5.0096
2011-02-12,5.0311
2011-01-12,5.0432
2011-11-30,5.0475
2011-11-29,5.049
2011-11-28,5.0785
2011-11-25,5.0371
2011-11-24,5.0472
2011-11-23,5.0347
2011-11-22,5.0565
2011-11-21,5.0298
2011-11-18,5.0458
2011-11-17,5.0181
2011-11-16,5.0273
2011-11-15,5.0472
2011-11-14,5.0802
2011-11-11,5.0816
2011-10-11,5.053
2011-09-11,5.06
2011-08-11,5.0681
2011-07-11,5.0637
2011-04-11,5.0753
2011-03-11,5.0548
2011-02-11,5.0327
2011-01-11,5.0051
2011-10-31,5.0442
2011-10-28,5.1102
2011-10-27,5.1031
2011-10-26,5.0824
2011-10-25,5.0683
2011-10-24,5.048
2011-10-21,5.0191
2011-10-19,5.028
2011-10-18,4.996
2011-10-17,5.0385
2011-10-14,5.051
2011-12-10,5.051
2011-11-10,5.0194
2011-10-10,4.9949
2011-06-10,4.9434
2011-05-10,4.9757
2011-04-10,4.9625
2011-03-10,5.0033
2011-09-27,5.0437
2011-09-26,5.0314
2011-09-23,5.0183
2011-09-22,5.0049
2011-09-21,5.0371
2011-09-20,5.0453
2011-09-19,5.0529
2011-09-16,5.0449
2011-09-15,5.0865
2011-09-14,5.0965
2011-09-13,5.0873
2011-12-09,5.0759
2011-09-09,5.1289
2011-08-09,5.172
2011-07-09,5.1635
2011-06-09,5.1895
2011-05-09,5.1327
2011-02-09,5.0986
2011-01-09,5.1053
2011-08-31,5.1402
2011-08-30,5.1435
2011-08-29,5.2274
2011-08-26,5.235
2011-08-25,5.2119
2011-08-24,5.2157
2011-08-23,5.1775
2011-08-22,5.1598
2011-08-19,5.1303
2011-08-18,5.1102
2011-08-17,5.0823
2011-08-16,5.0811
2011-08-15,5.0359
2011-12-08,5.039
2011-11-08,5.0323
2011-10-08,5.0486
2011-08-08,5.0698
2011-05-08,4.9789
2011-04-08,4.9734
2011-03-08,4.9627
2011-02-08,4.8929
2011-01-08,4.9223
2011-07-29,4.8951
2011-07-28,4.9018
2011-07-27,4.9147
2011-07-26,4.921
2011-07-25,4.8961
2011-07-22,4.8881
2011-07-21,4.8522
2011-07-20,4.8627
2011-07-19,4.8756
2011-07-18,4.8506
2011-07-15,4.8612
2011-07-14,4.8636
2011-07-13,4.839
2011-12-07,4.8436
2011-11-07,4.8366
2011-08-07,4.8668
2011-07-07,4.8542
2011-06-07,4.9022
2011-05-07,4.9403
2011-04-07,4.9196
2011-01-07,4.9316
2011-06-30,4.9441
2011-06-29,4.9459
2011-06-28,4.9396
2011-06-27,4.9084
2011-06-24,4.9015
2011-06-23,4.9059
2011-06-22,4.9153
2011-06-21,4.903
2011-06-20,4.9273
2011-06-17,4.9064
2011-06-16,4.9114
2011-06-15,4.8924
2011-06-14,4.9009
2011-06-13,4.9302
2011-10-06,4.9141
2011-09-06,4.9308
2011-07-06,4.9339
2011-06-06,4.9415
2011-03-06,4.9081
2011-02-06,4.9302
2011-01-06,4.9298
2011-05-31,4.9508
2011-05-27,4.9486
2011-05-26,4.9177
2011-05-25,4.9222
2011-05-24,4.9224
2011-05-23,4.9326
2011-05-20,4.9755
2011-05-19,4.9811
2011-05-18,5.0219
2011-05-17,5.0028
2011-05-16,4.9951
2011-05-13,4.99
2011-12-05,4.9643
2011-11-05,4.9835
2011-09-05,4.9696
2011-06-05,5.0063
2011-05-05,5.0528
2011-04-05,5.0386
2011-03-05,5.0165
2011-02-05,5.0101
2011-04-29,5.037
2011-04-28,5.049
2011-04-27,5.0209
2011-04-26,4.9855
2011-04-21,4.9837
2011-04-20,4.9422
2011-04-15,4.9484
2011-04-14,4.9362
2011-04-13,4.9589
2011-12-04,4.9808
2011-11-04,4.9771
2011-08-04,4.9545
2011-07-04,4.9254
2011-06-04,4.9494
2011-05-04,4.9119
2011-04-04,4.9262
2011-01-04,4.919
2011-03-31,4.9495
2011-03-30,4.9488
2011-03-29,4.9609
2011-03-28,4.967
2011-03-25,5.0399
2011-03-24,5.0093
2011-03-23,5.0061
2011-03-22,5.0124
2011-03-18,4.9944
2011-03-17,4.9879
2011-03-16,4.963
2011-03-15,4.9406
2011-03-14,4.9596
2011-11-03,4.9419
2011-10-03,4.9323
2011-09-03,4.968
2011-08-03,4.9906
2011-07-03,5.0475
2011-04-03,5.0404
2011-03-03,5.0039
2011-02-03,5.0239
2011-01-03,5.0059
2011-02-28,5.0092
2011-02-25,5.044
2011-02-24,5.0349
2011-02-23,4.9922
2011-02-22,4.9702
2011-02-21,4.9229
2011-02-18,4.9228
2011-02-17,4.8956
2011-02-16,4.883
2011-02-15,4.9348
2011-02-14,4.9319
2011-11-02,5.0035
2011-10-02,5.0321
2011-09-02,4.9963
2011-08-02,5.021
2011-07-02,4.978
2011-04-02,5.064
2011-03-02,5.0682
2011-02-02,5.0693
2011-01-02,5.0823
2011-01-31,5.0816
2011-01-28,5.0482
2011-01-27,5.018
2011-01-26,4.9306
2011-01-25,4.9283
2011-01-24,4.916
2011-01-21,4.915
2011-01-20,4.8587
2011-01-19,4.7715
2011-01-18,4.7313
2011-01-17,4.7282
2011-01-14,4.7563
2011-01-13,4.7052
2011-12-01,4.5855
2011-11-01,4.5993
2011-10-01,4.6227
2011-07-01,4.6425
2011-06-01,4.6624
2011-05-01,4.6799
2011-04-01,4.7222
2011-03-01,4.73
2010-12-31,4.7379
2010-12-30,4.719
2010-12-29,4.6948
2010-12-28,4.7358
2010-12-27,4.7082
2010-12-24,4.7192
2010-12-23,4.7073
2010-12-22,4.7147
2010-12-21,4.7342
2010-12-20,4.7475
2010-12-17,4.7851
2010-12-16,4.7636
2010-12-15,4.7916
2010-12-14,4.8384
2010-12-13,4.7923
2010-10-12,4.7852
2010-09-12,4.7931
2010-08-12,4.8107
2010-07-12,4.8392
2010-06-12,4.828
2010-03-12,4.8111
2010-02-12,4.8086
2010-01-12,4.8044
2010-11-30,4.7892
2010-11-29,4.8376
2010-11-26,4.8745
2010-11-25,4.8624
2010-11-24,4.8753
2010-11-23,4.9344
2010-11-22,4.9614
2010-11-19,4.9884
2010-11-18,4.9873
2010-11-17,4.9708
2010-11-16,4.9932
2010-11-15,5.007
2010-12-11,5.0199
2010-11-11,5.0096
2010-10-11,5.0125
2010-09-11,5.0507
2010-08-11,5.0291
2010-05-11,5.0741
2010-04-11,5.1042
2010-03-11,5.0699
2010-02-11,5.0565
2010-01-11,5.0631
2010-10-29,5.0246
2010-10-28,5.047
2010-10-27,5.0236
2010-10-26,5.0567
2010-10-25,5.0465
2010-10-22,5.0606
2010-10-21,5.0643
2010-10-20,5.0096
2010-10-19,4.9744
2010-10-18,4.9796
2010-10-15,5.0294
2010-10-14,5.0444
2010-10-13,5.016
2010-12-10,5.0061
2010-11-10,5.0163
2010-08-10,5.0081
2010-07-10,5.0238
2010-06-10,4.9782
2010-05-10,4.9842
2010-04-10,4.9747
2010-01-10,4.9986
2010-09-29,4.9873
2010-09-28,4.9584
2010-09-27,4.9486
2010-09-24,4.9429
2010-09-22,4.9413
2010-09-21,4.8769
2010-09-20,4.8617
2010-09-16,4.8749
2010-09-15,4.8725
2010-09-14,4.8491
2010-09-13,4.8337
2010-07-09,4.8221
2010-06-09,4.857
2010-03-09,4.8515
2010-02-09,4.8598
2010-01-09,4.8622
2010-08-31,4.847
2010-08-30,4.8517
2010-08-27,4.8724
2010-08-26,4.85
2010-08-25,4.8236
2010-08-24,4.8176
2010-08-23,4.8304
2010-08-20,4.843
2010-08-19,4.8586
2010-08-18,4.867
2010-08-17,4.8624
2010-08-16,4.873
2010-08-13,4.8683
2010-12-08,4.8735
2010-11-08,4.9334
2010-10-08,4.9619
2010-09-08,4.9831
2010-06-08,4.98
2010-05-08,4.9651
2010-04-08,4.9864
2010-03-08,4.9725
2010-02-08,4.9259
2010-07-30,4.9237
2010-07-29,4.9577
2010-07-28,4.9471
2010-07-27,4.9599
2010-07-26,4.9824
2010-07-23,4.9814
2010-07-22,4.9751
2010-07-21,4.942
2010-07-19,5.0007
2010-07-16,5.0059
2010-07-15,4.9457
2010-07-14,4.9007
2010-07-13,4.8543
2010-12-07,4.8594
2010-09-07,4.9065
2010-08-07,4.8926
2010-07-07,4.9068
2010-06-07,4.8905
2010-05-07,4.8655
2010-02-07,4.8662
2010-01-07,4.7875
2010-06-30,4.7575
2010-06-29,4.7389
2010-06-28,4.8019
2010-06-25,4.7628
2010-06-24,4.7473
2010-06-23,4.7401
2010-06-22,4.7089
2010-06-21,4.7284
2010-06-18,4.7273
2010-06-17,4.7244
2010-06-16,4.6872
2010-06-15,4.6792
2010-06-14,4.6831
2010-11-06,4.667
2010-10-06,4.6363
2010-09-06,4.6511
2010-08-06,4.6158
2010-07-06,4.6411
2010-04-06,4.703
2010-03-06,4.713
2010-02-06,4.7082
2010-01-06,4.7083
2010-05-28,4.7564
2010-05-27,4.7122
2010-05-26,4.7294
2010-05-25,4.7212
2010-05-24,4.711
2010-05-21,4.7829
2010-05-20,4.7098
2010-05-18,4.6583
2010-05-17,4.6517
2010-05-14,4.7132
2010-05-13,4.7312
2010-12-05,4.7515
2010-11-05,4.7627
2010-10-05,4.8748
2010-07-05,4.8292
2010-06-05,4.8118
2010-05-05,4.8503
2010-04-05,4.9057
2010-03-05,4.9352
2010-04-30,4.9451
2010-04-29,4.9424
2010-04-28,4.9492
2010-04-27,4.972
2010-04-26,4.9552
2010-04-23,4.961
2010-04-22,4.9891
2010-04-21,4.9855
2010-04-19,5.0121
2010-04-16,5.0113
2010-04-15,5.0132
2010-04-14,5.0468
2010-04-13,5.0086
2010-12-04,5.0084
2010-09-04,4.9502
2010-08-04,4.9247
2010-07-04,4.9577
2010-06-04,4.9597
2010-01-04,4.9889
2010-03-31,4.9905
2010-03-26,5.0042
2010-03-25,5.0074
2010-03-24,4.9991
2010-03-23,5.0475
2010-03-22,5.0531
2010-03-19,5.0857
2010-03-18,5.0964
2010-03-17,5.1186
2010-03-16,5.1062
2010-03-15,5.0933
2010-12-03,5.1037
2010-11-03,5.096
2010-10-03,5.1005
2010-09-03,5.1088
2010-08-03,5.1399
2010-05-03,5.1246
2010-04-03,5.1687
2010-03-03,5.1405
2010-02-03,5.1352
2010-02-26,5.1519
2010-02-25,5.105
2010-02-24,5.1114
2010-02-23,5.1122
2010-02-22,5.1208
2010-02-19,5.0752
2010-02-18,5.0863
2010-02-17,5.1323
2010-02-16,5.1055
2010-02-15,5.1106
2010-12-02,5.0708
2010-11-02,5.1282
2010-10-02,5.1528
2010-09-02,5.1092
2010-08-02,5.0964
2010-05-02,5.1313
2010-04-02,5.1542
2010-03-02,5.1886
2010-02-02,5.1735
2010-01-02,5.1913
2010-01-29,5.2062
2010-01-28,5.2274
2010-01-27,5.2469
2010-01-26,5.2589
2010-01-25,5.2726
2010-01-22,5.2698
2010-01-21,5.2281
2010-01-20,5.2371
2010-01-19,5.2809
2010-01-18,5.3012
2010-01-15,5.305
2010-01-14,5.3363
2010-01-13,5.3439
2010-12-01,5.3523
2010-11-01,5.3486
2010-08-01,5.3272
2010-07-01,5.343
2010-06-01,5.3663
2010-05-01,5.3896
2010-04-01,5.4214
2009-12-31,5.4417
2009-12-30,5.4349
2009-12-29,5.465
2009-12-28,5.4634
2009-12-24,5.4675
2009-12-23,5.4274
2009-12-22,5.4254
2009-12-21,5.4563
2009-12-18,5.4574
2009-12-17,5.4603
2009-12-16,5.5105
2009-12-15,5.5031
2009-12-14,5.5315
2009-11-12,5.5644
2009-10-12,5.5721
2009-09-12,5.6089
2009-08-12,5.6167
2009-07-12,5.6437
2009-04-12,5.6869
2009-03-12,5.7023
2009-02-12,5.6984
2009-01-12,5.6895
2009-11-30,5.6977
2009-11-27,5.6898
2009-11-26,5.6901
2009-11-25,5.662
2009-11-24,5.6523
2009-11-23,5.6931
2009-11-20,5.6765
2009-11-19,5.6354
2009-11-18,5.6399
2009-11-17,5.6179
2009-11-16,5.6186
2009-11-13,5.6202
2009-12-11,5.6311
2009-11-11,5.6366
2009-10-11,5.6293
2009-09-11,5.6113
2009-06-11,5.6162
2009-05-11,5.6296
2009-04-11,5.5945
2009-03-11,5.5785
2009-02-11,5.5795
2009-10-30,5.5499
2009-10-29,5.55
2009-10-28,5.5287
2009-10-27,5.5186
2009-10-26,5.5483
2009-10-23,5.5552
2009-10-22,5.5455
2009-10-21,5.5275
2009-10-20,5.5389
2009-10-19,5.5342
2009-10-16,5.5353
2009-10-15,5.5279
2009-10-14,5.5233
2009-10-13,5.5222
2009-12-10,5.5046
2009-09-10,5.5033
2009-08-10,5.5151
2009-07-10,5.4985
2009-06-10,5.4974
2009-05-10,5.5033
2009-02-10,5.4831
2009-01-10,5.4937
2009-09-30,5.5098
2009-09-29,5.4968
2009-09-25,5.5325
2009-09-24,5.5146
2009-09-23,5.5178
2009-09-22,5.5178
2009-09-21,5.4867
2009-09-17,5.5204
2009-09-16,5.4886
2009-09-15,5.4911
2009-09-14,5.4964
2009-11-09,5.523
2009-10-09,5.5072
2009-09-09,5.4887
2009-08-09,5.4784
2009-07-09,5.3907
2009-04-09,5.3688
2009-03-09,5.429
2009-02-09,5.4132
2009-01-09,5.4317
2009-08-31,5.4419
2009-08-28,5.4798
2009-08-27,5.4168
2009-08-26,5.4196
2009-08-25,5.44
2009-08-24,5.4401
2009-08-21,5.4576
2009-08-20,5.4253
2009-08-19,5.4096
2009-08-18,5.3991
2009-08-17,5.36
2009-08-14,5.4114
2009-08-13,5.4481
2009-12-08,5.4584
2009-11-08,5.4795
2009-10-08,5.5022
2009-07-08,5.6206
2009-06-08,5.6518
2009-05-08,5.6112
2009-04-08,5.5622
2009-03-08,5.3557
2009-07-31,5.3471
2009-07-29,5.3761
2009-07-28,5.3996
2009-07-27,5.4457
2009-07-24,5.4964
2009-07-23,5.5205
2009-07-22,5.5164
2009-07-21,5.5283
2009-07-20,5.5547
2009-07-17,5.5041
2009-07-16,5.5182
2009-07-15,5.5113
2009-07-14,5.5363
2009-07-13,5.5716
2009-10-07,5.5193
2009-09-07,5.5208
2009-08-07,5.5177
2009-07-07,5.4822
2009-06-07,5.443
2009-03-07,5.4376
2009-02-07,5.4331
2009-01-07,5.4736
2009-06-30,5.5346
2009-06-29,5.5277
2009-06-26,5.5747
2009-06-25,5.5242
2009-06-24,5.5174
2009-06-23,5.5397
2009-06-22,5.4727
2009-06-19,5.5145
2009-06-18,5.5182
2009-06-17,5.4731
2009-06-16,5.4645
2009-06-15,5.4911
2009-12-06,5.5137
2009-11-06,5.498
2009-10-06,5.514
2009-09-06,5.5064
2009-08-06,5.5383
2009-05-06,5.5779
2009-04-06,5.5905
2009-03-06,5.5943
2009-02-06,5.5787
2009-01-06,5.5306
2009-05-28,5.4767
2009-05-27,5.5469
2009-05-26,5.5518
2009-05-22,5.5222
2009-05-21,5.5308
2009-05-20,5.5918
2009-05-19,5.6134
2009-05-18,5.6129
2009-05-15,5.6266
2009-05-14,5.6374
2009-05-13,5.6069
2009-12-05,5.6035
2009-11-05,5.5737
2009-08-05,5.4982
2009-07-05,5.5232
2009-06-05,5.5069
2009-05-05,5.5256
2009-04-05,5.5181
2009-01-05,5.5192
2009-04-30,5.5253
2009-04-28,5.5477
2009-04-27,5.5624
2009-04-24,5.6322
2009-04-23,5.5186
2009-04-22,5.4476
2009-04-21,5.455
2009-04-20,5.4533
2009-04-17,5.4776
2009-04-16,5.5154
2009-04-14,5.5416
2009-07-04,5.5285
2009-06-04,5.5733
2009-03-04,5.6111
2009-02-04,5.5818
2009-01-04,5.5866
2009-03-31,5.5736
2009-03-30,5.5673
2009-03-27,5.6921
2009-03-26,5.6402
2009-03-25,5.5288
2009-03-24,5.5066
2009-03-23,5.5042
2009-03-20,5.5032
2009-03-19,5.5108
2009-03-18,5.4057
2009-03-17,5.3652
2009-03-16,5.3879
2009-03-13,5.4019
2009-12-03,5.3838
2009-09-03,5.3413
2009-06-03,5.3662
2009-05-03,5.3145
2009-04-03,5.2804
2009-03-03,5.3002
2009-02-03,5.2987
2009-02-27,5.2739
2009-02-26,5.3354
2009-02-25,5.3534
2009-02-24,5.3203
2009-02-23,5.3235
2009-02-20,5.2376
2009-02-19,5.2234
2009-02-18,5.2216
2009-02-17,5.2231
2009-02-16,5.1978
2009-02-13,5.2237
2009-12-02,5.2017
2009-11-02,5.2566
2009-09-02,5.2281
2009-06-02,5.1297
2009-05-02,5.2165
2009-04-02,5.2286
2009-03-02,5.2377
2009-02-02,5.1949
2009-01-30,5.2349
2009-01-29,5.2777
2009-01-28,5.3426
2009-01-27,5.252
2009-01-26,5.1851
2009-01-23,5.1042
2009-01-22,5.1244
2009-01-21,5.0536
2009-01-20,5.0441
2009-01-19,5.0861
2009-01-16,5.0975
2009-01-15,5.0837
2009-01-14,5.1413
2009-01-13,5.2085
2009-12-01,5.2316
2009-09-01,5.2734
2009-08-01,5.2762
2009-07-01,5.2602
2009-06-01,5.1504
2009-05-01,5.2337
2009-02-01,5.2646
2008-12-31,5.2973
2008-12-30,5.3354
2008-12-29,5.5038
2008-12-24,5.4199
2008-12-23,5.3661
2008-12-22,5.3631
2008-12-19,5.2762
2008-12-18,5.3572
2008-12-17,5.276
2008-12-16,5.2324
2008-12-15,5.206
2008-12-12,5.2071
2008-11-12,5.1688
2008-10-12,5.0551
2008-09-12,5.0596
2008-08-12,5.063
2008-05-12,5.0819
2008-04-12,5.0065
2008-03-12,5.0344
2008-02-12,5.0092
2008-01-12,5.0298
2008-11-28,5.0433
2008-11-27,5.0313
2008-11-26,5.027
2008-11-25,5.0946
2008-11-24,5.0919
2008-11-21,5.0416
2008-11-20,5.0081
2008-11-19,5.0097
2008-11-18,5.0006
2008-11-17,4.9505
2008-11-14,4.9337
2008-11-13,4.9204
2008-12-11,4.8869
2008-11-11,4.8329
2008-10-11,4.872
2008-07-11,4.8976
2008-06-11,4.9117
2008-05-11,4.942
2008-04-11,4.8222
2008-03-11,4.8168
2008-10-31,4.8262
2008-10-30,4.8508
2008-10-29,4.8274
2008-10-28,4.75
2008-10-27,4.7655
2008-10-24,4.8567
2008-10-23,4.9244
2008-10-22,4.9426
2008-10-20,5.055
2008-10-17,5.0248
2008-10-16,4.991
2008-10-15,4.9338
2008-10-13,4.9228
2008-10-10,4.893
2008-07-10,4.7704
2008-06-10,4.7219
2008-03-10,4.8023
2008-02-10,4.8511
2008-09-26,4.9998
2008-09-25,4.9993
2008-09-24,5.0215
2008-09-23,5.027
2008-09-22,5.0962
2008-09-19,5.0153
2008-09-18,5.1009
2008-09-17,5.0508
2008-09-16,5.0415
2008-09-15,5.1028
2008-12-09,5.1081
2008-11-09,5.0529
2008-10-09,5.0782
2008-09-09,5.0863
2008-08-09,5.0977
2008-05-09,5.1212
2008-04-09,5.1849
2008-03-09,5.1959
2008-02-09,5.2698
2008-01-09,5.2928
2008-08-29,5.2973
2008-08-28,5.2918
2008-08-27,5.2613
2008-08-26,5.152
2008-08-25,5.1868
2008-08-22,5.1539
2008-08-21,5.2214
2008-08-20,5.263
2008-08-19,5.2519
2008-08-18,5.253
2008-08-15,5.2823
2008-08-14,5.3434
2008-08-13,5.3479
2008-12-08,5.3458
2008-11-08,5.3556
2008-08-08,5.4425
2008-07-08,5.4742
2008-06-08,5.4917
2008-05-08,5.5034
2008-04-08,5.5246
2008-01-08,5.472
2008-07-31,5.4172
2008-07-30,5.4061
2008-07-29,5.451
2008-07-28,5.4798
2008-07-25,5.4772
2008-07-24,5.4708
2008-07-23,5.4719
2008-07-22,5.5142
2008-07-21,5.433
2008-07-18,5.3623
2008-07-17,5.3481
2008-07-16,5.3221
2008-07-15,5.2893
2008-07-14,5.2786
2008-11-07,5.3335
2008-10-07,5.2061
2008-09-07,5.0761
2008-08-07,5.125
2008-07-07,5.0845
2008-04-07,5.1389
2008-03-07,5.1653
2008-02-07,5.1902
2008-01-07,5.2744
2008-06-30,5.2849
2008-06-27,5.3296
2008-06-26,5.3021
2008-06-25,5.2804
2008-06-24,5.2457
2008-06-23,5.2369
2008-06-20,5.2136
2008-06-19,5.2134
2008-06-18,5.1801
2008-06-17,5.171
2008-06-16,5.2714
2008-06-13,5.2663
2008-12-06,5.2865
2008-11-06,5.2676
2008-10-06,5.2382
2008-06-06,5.1968
2008-05-06,5.1963
2008-04-06,5.1403
2008-03-06,5.0989
2008-02-06,5.0629
2008-05-30,5.0048
2008-05-29,5.0736
2008-05-28,5.1577
2008-05-27,5.1752
2008-05-23,5.2408
2008-05-22,5.26
2008-05-21,5.297
2008-05-20,5.293
2008-05-19,5.2502
2008-05-16,5.2044
2008-05-15,5.3045
2008-05-14,5.2954
2008-05-13,5.3115
2008-12-05,5.3351
2008-09-05,5.3538
2008-07-05,5.3329
2008-06-05,5.3001
2008-05-05,5.3138
2008-02-05,5.3382
2008-01-05,5.3152
2008-04-30,5.3278
2008-04-29,5.3976
2008-04-28,5.4229
2008-04-25,5.4441
2008-04-24,5.4366
2008-04-23,5.4964
2008-04-22,5.5176
2008-04-21,5.475
2008-04-18,5.4627
2008-04-17,5.522
2008-04-16,5.5406
2008-04-15,5.5241
2008-04-14,5.6482
2008-11-04,5.6938
2008-10-04,5.7423
2008-09-04,5.6559
2008-08-04,5.6961
2008-07-04,5.7224
2008-04-04,5.6705
2008-03-04,5.5526
2008-02-04,5.5645
2008-01-04,5.5471
2008-03-31,5.6169
2008-03-28,5.5525
2008-03-27,5.5351
2008-03-26,5.5109
2008-03-25,5.474
2008-03-24,5.4367
2008-03-20,5.252
2008-03-19,5.3125
2008-03-18,5.337
2008-03-17,5.4013
2008-03-14,5.4106
2008-03-13,5.2949
2008-12-03,5.3872
2008-11-03,5.3917
2008-10-03,5.4939
2008-07-03,5.5456
2008-06-03,5.5146
2008-05-03,5.4578
2008-04-03,5.517
2008-03-03,5.5591
2008-02-29,5.5279
2008-02-28,5.4652
2008-02-27,5.4275
2008-02-26,5.3981
2008-02-25,5.3011
2008-02-22,5.3325
2008-02-21,5.3187
2008-02-20,5.3071
2008-02-19,5.2926
2008-02-18,5.2731
2008-02-15,5.2612
2008-02-14,5.286
2008-02-13,5.2605
2008-12-02,5.2021
2008-11-02,5.2646
2008-08-02,5.2296
2008-07-02,5.3418
2008-06-02,5.2998
2008-05-02,5.2976
2008-04-02,5.3013
2008-01-02,5.3468
2008-01-31,5.3877
2008-01-30,5.3992
2008-01-29,5.3795
2008-01-28,5.4621
2008-01-25,5.4624
2008-01-24,5.407
2008-01-23,5.4106
2008-01-22,5.5081
2008-01-21,5.5067
2008-01-18,5.5315
2008-01-17,5.5033
2008-01-16,5.5231
2008-01-15,5.5144
2008-01-14,5.5504
2008-11-01,5.5776
2008-10-01,5.5821
2008-09-01,5.5762
2008-08-01,5.587
2008-07-01,5.622
2008-04-01,5.6009
2008-03-01,5.6634
2008-02-01,5.6718
2007-12-31,5.6592
2007-12-28,5.6499
2007-12-27,5.6137
2007-12-26,5.6617
2007-12-24,5.5853
2007-12-21,5.6207
2007-12-20,5.6474
2007-12-19,5.6725
2007-12-18,5.7216
2007-12-17,5.7663
2007-12-14,5.7877
2007-12-13,5.7672
2007-12-12,5.7828
2007-11-12,5.7515
2007-10-12,5.7315
2007-07-12,5.6685
2007-06-12,5.6496
2007-05-12,5.6571
2007-04-12,5.6526
2007-03-12,5.6257
2007-11-30,5.6483
2007-11-29,5.6713
2007-11-28,5.7026
2007-11-27,5.7351
2007-11-26,5.7368
2007-11-23,5.7229
2007-11-22,5.7707
2007-11-21,5.7718
2007-11-20,5.7599
2007-11-19,5.7592
2007-11-16,5.7467
2007-11-15,5.758
2007-11-14,5.7739
2007-11-13,5.7783
2007-12-11,5.7709
2007-09-11,5.7774
2007-08-11,5.7525
2007-07-11,5.7745
2007-06-11,5.7328
2007-05-11,5.7266
2007-02-11,5.7469
2007-01-11,5.7155
2007-10-31,5.7323
2007-10-30,5.7277
2007-10-29,5.7475
2007-10-26,5.7363
2007-10-25,5.7424
2007-10-24,5.7341
2007-10-23,5.7229
2007-10-22,5.7174
2007-10-19,5.7383
2007-10-18,5.7348
2007-10-17,5.7165
2007-10-16,5.731
2007-10-15,5.7394
2007-12-10,5.7135
2007-11-10,5.734
2007-10-10,5.6847
2007-09-10,5.6774
2007-08-10,5.6348
2007-05-10,5.6627
2007-03-10,5.6872
2007-02-10,5.6756
2007-01-10,5.6677
2007-09-28,5.6898
2007-09-26,5.6894
2007-09-25,5.6926
2007-09-24,5.6926
2007-09-20,5.7025
2007-09-19,5.6633
2007-09-18,5.6894
2007-09-17,5.6797
2007-11-09,5.6659
2007-10-09,5.7028
2007-07-09,5.6524
2007-06-09,5.6458
2007-05-09,5.5954
2007-04-09,5.6191
2007-03-09,5.632
2007-08-31,5.6324
2007-08-30,5.5994
2007-08-29,5.6161
2007-08-28,5.6372
2007-08-27,5.6776
2007-08-24,5.6698
2007-08-23,5.6479
2007-08-22,5.6257
2007-08-21,5.6679
2007-08-20,5.6672
2007-08-17,5.6902
2007-08-16,5.7014
2007-08-15,5.7128
2007-08-14,5.7326
2007-08-13,5.7847
2007-10-08,5.871
2007-09-08,5.8637
2007-08-08,5.8904
2007-07-08,5.9233
2007-06-08,5.936
2007-03-08,5.9027
2007-02-08,5.9287
2007-01-08,5.9239
2007-07-31,5.9017
2007-07-30,5.9342
2007-07-27,5.9196
2007-07-26,5.8677
2007-07-25,5.8018
2007-07-23,5.8577
2007-07-20,5.832
2007-07-19,5.8623
2007-07-18,5.9092
2007-07-17,5.9071
2007-07-16,5.9075
2007-07-13,5.8887
2007-12-07,5.8805
2007-11-07,5.8516
2007-10-07,5.7753
2007-09-07,5.7596
2007-06-07,5.7578
2007-05-07,5.7495
2007-04-07,5.6956
2007-03-07,5.6955
2007-02-07,5.7564
2007-06-29,5.7132
2007-06-28,5.7316
2007-06-27,5.765
2007-06-26,5.7377
2007-06-25,5.7235
2007-06-22,5.6611
2007-06-21,5.6667
2007-06-20,5.6223
2007-06-19,5.5862
2007-06-18,5.5534
2007-06-15,5.5592
2007-06-14,5.5672
2007-06-13,5.5985
2007-12-06,5.5855
2007-11-06,5.5892
2007-08-06,5.6229
2007-07-06,5.5807
2007-06-06,5.5407
2007-05-06,5.4974
2007-04-06,5.475
2007-01-06,5.4737
2007-05-31,5.421
2007-05-30,5.439
2007-05-29,5.4256
2007-05-25,5.4146
2007-05-24,5.3747
2007-05-22,5.3729
2007-05-21,5.3747
2007-05-18,5.3904
2007-05-17,5.3443
2007-05-16,5.3452
2007-05-15,5.3761
2007-05-14,5.3656
2007-11-05,5.3632
2007-10-05,5.3486
2007-09-05,5.3784
2007-08-05,5.41
2007-07-05,5.4405
2007-04-05,5.4832
2007-03-05,5.5035
2007-02-05,5.5188
2007-01-05,5.5045
2007-04-30,5.4793
2007-04-27,5.4635
2007-04-26,5.4663
2007-04-25,5.5
2007-04-23,5.5203
2007-04-20,5.5413
2007-04-19,5.5389
2007-04-18,5.5218
2007-04-17,5.5033
2007-04-16,5.4846
2007-04-13,5.5035
2007-12-04,5.473
2007-11-04,5.5118
2007-10-04,5.5334
2007-05-04,5.518
2007-04-04,5.5231
2007-03-30,5.5343
2007-03-29,5.5642
2007-03-28,5.5773
2007-03-27,5.5781
2007-03-26,5.5776
2007-03-23,5.5805
2007-03-22,5.5945
2007-03-21,5.5782
2007-03-20,5.5973
2007-03-19,5.5935
2007-03-16,5.6013
2007-03-15,5.5666
2007-03-14,5.5577
2007-03-13,5.5547
2007-12-03,5.528
2007-09-03,5.5163
2007-08-03,5.5373
2007-07-03,5.5462
2007-06-03,5.534
2007-02-03,5.5401
2007-01-03,5.5789
2007-02-28,5.5583
2007-02-27,5.5554
2007-02-26,5.5286
2007-02-23,5.4937
2007-02-22,5.4743
2007-02-21,5.4993
2007-02-20,5.4992
2007-02-19,5.4923
2007-02-16,5.5154
2007-02-15,5.5425
2007-02-14,5.5303
2007-02-13,5.5173
2007-12-02,5.4897
2007-09-02,5.498
2007-08-02,5.4974
2007-07-02,5.5028
2007-06-02,5.4992
2007-05-02,5.4985
2007-02-02,5.5294
2007-01-02,5.5218
2007-01-31,5.5182
2007-01-30,5.5087
2007-01-29,5.4917
2007-01-26,5.4839
2007-01-25,5.4887
2007-01-24,5.4959
2007-01-23,5.4995
2007-01-22,5.4653
2007-01-19,5.4725
2007-01-18,5.4561
2007-01-17,5.4607
2007-01-16,5.4731
2007-01-15,5.4664
2007-12-01,5.4566
2007-11-01,5.4941
2007-10-01,5.5192
2007-09-01,5.5125
2007-08-01,5.516
2007-05-01,5.5411
2007-04-01,5.5083
2007-03-01,5.5361
2007-02-01,5.5823
2006-12-29,5.5643
2006-12-28,5.5425
2006-12-27,5.5603
2006-12-26,5.546
2006-12-22,5.5264
2006-12-21,5.5099
2006-12-20,5.5219
2006-12-19,5.5205
2006-12-18,5.4918
2006-12-15,5.4957
2006-12-14,5.5127
2006-12-13,5.5497
2006-12-12,5.5655
2006-11-12,5.5439
2006-08-12,5.5716
2006-07-12,5.5802
2006-06-12,5.577
2006-05-12,5.6298
2006-04-12,5.632
2006-01-12,5.606
2006-11-30,5.6046
2006-11-28,5.6377
2006-11-27,5.6392
2006-11-24,5.6121
2006-11-23,5.5881
2006-11-22,5.5661
2006-11-21,5.5427
2006-11-20,5.5353
2006-11-17,5.5054
2006-11-16,5.5307
2006-11-15,5.4905
2006-11-14,5.4972
2006-11-13,5.5047
2006-10-11,5.518
2006-09-11,5.528
2006-08-11,5.5363
2006-07-11,5.5248
2006-06-11,5.4741
2006-03-11,5.4777
2006-02-11,5.4696
2006-01-11,5.4364
2006-10-31,5.443
2006-10-30,5.4599
2006-10-27,5.4441
2006-10-26,5.422
2006-10-25,5.3958
2006-10-24,5.3715
2006-10-23,5.372
2006-10-20,5.3997
2006-10-19,5.3692
2006-10-18,5.3613
2006-10-17,5.3426
2006-10-16,5.3391
2006-10-13,5.3361
2006-12-10,5.3555
2006-11-10,5.3542
2006-10-10,5.3568
2006-09-10,5.3649
2006-06-10,5.3717
2006-05-10,5.4085
2006-04-10,5.4293
2006-03-10,5.4727
2006-09-29,5.4552
2006-09-28,5.4641
2006-09-27,5.4601
2006-09-26,5.4805
2006-09-25,5.5211
2006-09-21,5.5076
2006-09-20,5.5006
2006-09-19,5.5013
2006-09-18,5.5126
2006-09-15,5.5493
2006-09-14,5.5726
2006-09-13,5.549
2006-12-09,5.5778
2006-11-09,5.5889
2006-08-09,5.5801
2006-07-09,5.5884
2006-06-09,5.5865
2006-05-09,5.5889
2006-04-09,5.6203
2006-01-09,5.6033
2006-08-31,5.6119
2006-08-30,5.6149
2006-08-29,5.6319
2006-08-28,5.6366
2006-08-25,5.6079
2006-08-24,5.6158
2006-08-23,5.5968
2006-08-22,5.5957
2006-08-21,5.6191
2006-08-18,5.604
2006-08-17,5.6109
2006-08-16,5.5845
2006-08-15,5.5588
2006-08-14,5.5669
2006-11-08,5.6125
2006-10-08,5.6405
2006-09-08,5.6281
2006-08-08,5.6049
2006-07-08,5.6544
2006-04-08,5.6349
2006-02-08,5.6418
2006-01-08,5.6184
2006-07-31,5.6039
2006-07-28,5.618
2006-07-27,5.6351
2006-07-26,5.5868
2006-07-25,5.6016
2006-07-24,5.6339
2006-07-21,5.6541
2006-07-20,5.6195
2006-07-19,5.571
2006-07-18,5.5886
2006-07-17,5.6336
2006-07-14,5.7306
2006-07-13,5.7079
2006-12-07,5.6447
2006-11-07,5.5888
2006-10-07,5.6119
2006-07-07,5.6021
2006-06-07,5.6045
2006-05-07,5.5953
2006-04-07,5.6176
2006-03-07,5.653
2006-06-30,5.6435
2006-06-29,5.609
2006-06-28,5.6265
2006-06-27,5.6451
2006-06-26,5.6261
2006-06-23,5.6086
2006-06-22,5.6226
2006-06-21,5.6371
2006-06-20,5.5995
2006-06-19,5.594
2006-06-16,5.6135
2006-06-15,5.6287
2006-06-14,5.6505
2006-06-13,5.6648
2006-12-06,5.634
2006-09-06,5.6703
2006-08-06,5.7047
2006-07-06,5.7245
2006-06-06,5.7512
2006-05-06,5.8055
2006-01-06,5.7887
2006-05-31,5.8095
2006-05-30,5.8145
2006-05-26,5.7832
2006-05-25,5.7769
2006-05-24,5.8096
2006-05-23,5.7702
2006-05-22,5.7257
2006-05-19,5.6948
2006-05-18,5.6987
2006-05-17,5.7157
2006-05-16,5.7048
2006-05-15,5.7191
2006-12-05,5.7098
2006-11-05,5.6543
2006-10-05,5.6623
2006-09-05,5.6438
2006-08-05,5.6601
2006-05-05,5.6697
2006-04-05,5.6663
2006-02-05,5.651
2006-01-05,5.6579
2006-04-28,5.6492
2006-04-27,5.6308
2006-04-26,5.6405
2006-04-25,5.6126
2006-04-24,5.6251
2006-04-21,5.6205
2006-04-20,5.6241
2006-04-18,5.6136
2006-11-04,5.569
2006-10-04,5.5812
2006-07-04,5.612
2006-06-04,5.6601
2006-05-04,5.6522
2006-04-04,5.6485
2006-03-04,5.6351
2006-03-31,5.6619
2006-03-30,5.6511
2006-03-29,5.6462
2006-03-27,5.6344
2006-03-24,5.605
2006-03-23,5.6316
2006-03-22,5.6421
2006-03-21,5.6549
2006-03-20,5.67
2006-03-17,5.6769
2006-03-16,5.6682
2006-03-13,5.6279
2006-10-03,5.6169
2006-09-03,5.6195
2006-08-03,5.6202
2006-07-03,5.6049
2006-06-03,5.6439
2006-03-03,5.6394
2006-02-03,5.6142
2006-01-03,5.6128
2006-02-28,5.591
2006-02-27,5.584
2006-02-24,5.6096
2006-02-23,5.6307
2006-02-22,5.6164
2006-02-21,5.6106
2006-02-20,5.5958
2006-02-17,5.5795
2006-02-16,5.5837
2006-02-15,5.6232
2006-02-14,5.6128
2006-02-13,5.5928
2006-10-02,5.6208
2006-09-02,5.6241
2006-08-02,5.6286
2006-07-02,5.6522
2006-06-02,5.6278
2006-03-02,5.6625
2006-02-02,5.6625
2006-01-02,5.6451
2006-01-31,5.6474
2006-01-30,5.607
2006-01-27,5.6578
2006-01-26,5.6484
2006-01-25,5.6573
2006-01-24,5.6661
2006-01-23,5.6615
2006-01-20,5.5836
2006-01-19,5.5822
2006-01-18,5.6048
2006-01-17,5.5746
2006-01-16,5.5831
2006-01-13,5.5772
2006-12-01,5.6067
2006-11-01,5.6068
2006-10-01,5.5892
2006-09-01,5.5747
2006-06-01,5.5865
2006-05-01,5.5996
2006-04-01,5.5302
2006-03-01,5.4573
2005-12-30,5.4465
2005-12-29,5.4339
2005-12-28,5.4716
2005-12-27,5.4647
2005-12-23,5.4439
2005-12-22,5.4641
2005-12-21,5.4544
2005-12-20,5.5006
2005-12-19,5.5026
2005-12-16,5.4992
2005-12-15,5.5002
2005-12-14,5.5118
2005-12-13,5.4878
2005-12-12,5.4761
2005-09-12,5.456
2005-08-12,5.4533
2005-07-12,5.4313
2005-06-12,5.4557
2005-05-12,5.4624
2005-02-12,5.4491
2005-01-12,5.4827
2005-11-30,5.4895
2005-11-29,5.5034
2005-11-28,5.4969
2005-11-25,5.5232
2005-11-24,5.5434
2005-11-23,5.5672
2005-11-22,5.5515
2005-11-21,5.5845
2005-11-18,5.5239
2005-11-17,5.5235
2005-11-16,5.5345
2005-11-15,5.5252
2005-11-14,5.547
2005-11-11,5.521
2005-10-11,5.5347
2005-09-11,5.5077
2005-08-11,5.5037
2005-07-11,5.5391
2005-04-11,5.5747
2005-03-11,5.6224
2005-02-11,5.5796
2005-01-11,5.5766
2005-10-31,5.5769
2005-10-28,5.6411
2005-10-27,5.603
2005-10-26,5.582
2005-10-24,5.5391
2005-10-21,5.5641
2005-10-20,5.5455
2005-10-19,5.5556
2005-10-17,5.5857
2005-10-14,5.5873
2005-11-10,5.5553
2005-10-10,5.5524
2005-07-10,5.584
2005-06-10,5.5437
2005-09-30,5.5275
2005-09-29,5.5247
2005-09-28,5.5037
2005-09-27,5.4863
2005-09-26,5.5344
2005-09-23,5.5677
2005-09-22,5.6043
2005-09-21,5.5954
2005-09-20,5.5326
2005-09-19,5.521
2005-09-16,5.5595
2005-09-15,5.5364
2005-09-14,5.573
2005-09-13,5.5567
2005-12-09,5.5559
2005-09-09,5.5961
2005-08-09,5.5956
2005-07-09,5.6023
2005-06-09,5.6048
2005-05-09,5.6152
2005-02-09,5.6488
2005-01-09,5.5732
2005-08-31,5.5438
2005-08-30,5.5554
2005-08-29,5.5818
2005-08-26,5.5708
2005-08-25,5.5378
2005-08-24,5.4853
2005-08-23,5.4979
2005-08-22,5.5014
2005-08-19,5.4514
2005-08-18,5.4716
2005-08-17,5.5115
2005-08-16,5.5709
2005-08-15,5.6027
2005-12-08,5.6482
2005-11-08,5.6068
2005-10-08,5.5914
2005-09-08,5.5835
2005-08-08,5.5923
2005-05-08,5.5414
2005-04-08,5.5273
2005-03-08,5.5178
2005-02-08,5.5017
2005-01-08,5.5223
2005-07-29,5.471
2005-07-28,5.4812
2005-07-27,5.4542
2005-07-26,5.4537
2005-07-25,5.4856
2005-07-22,5.5185
2005-07-21,5.5203
2005-07-20,5.5153
2005-07-19,5.4852
2005-07-18,5.5008
2005-07-15,5.508
2005-07-14,5.4752
2005-07-13,5.5179
2005-12-07,5.5067
2005-11-07,5.4909
2005-08-07,5.4873
2005-07-07,5.5115
2005-06-07,5.4818
2005-05-07,5.4604
2005-04-07,5.465
2005-01-07,5.5261
2005-06-30,5.527
2005-06-29,5.5084
2005-06-28,5.5236
2005-06-27,5.5305
2005-06-24,5.4726
2005-06-23,5.4702
2005-06-22,5.4717
2005-06-21,5.4897
2005-06-20,5.5431
2005-06-17,5.4594
2005-06-16,5.4522
2005-06-15,5.4004
2005-06-14,5.4056
2005-10-06,5.4152
2005-09-06,5.422
2005-08-06,5.4278
2005-07-06,5.4156
2005-06-06,5.4144
2005-03-06,5.4164
2005-02-06,5.4128
2005-01-06,5.4102
2005-05-31,5.4421
2005-05-27,5.518
2005-05-26,5.4986
2005-05-25,5.5099
2005-05-24,5.5226
2005-05-23,5.4954
2005-05-20,5.5168
2005-05-19,5.5125
2005-05-18,5.5137
2005-05-17,5.5273
2005-05-16,5.5238
2005-05-13,5.55
2005-11-05,5.6185
2005-10-05,5.5911
2005-09-05,5.5945
2005-06-05,5.6453
2005-05-05,5.6469
2005-04-05,5.6516
2005-03-05,5.6232
2005-02-05,5.6246
2005-04-29,5.6603
2005-04-28,5.6452
2005-04-27,5.645
2005-04-26,5.661
2005-04-25,5.6695
2005-04-21,5.7066
2005-04-20,5.7013
2005-04-19,5.6862
2005-04-18,5.6848
2005-04-15,5.6463
2005-04-14,5.6309
2005-04-13,5.6711
2005-12-04,5.6733
2005-11-04,5.6605
2005-08-04,5.6062
2005-07-04,5.638
2005-06-04,5.618
2005-05-04,5.5992
2005-04-04,5.6333
2005-01-04,5.6551
2005-03-31,5.6488
2005-03-30,5.6723
2005-03-29,5.6584
2005-03-28,5.6332
2005-03-24,5.6483
2005-03-23,5.647
2005-03-22,5.6846
2005-03-21,5.6957
2005-03-18,5.7423
2005-03-17,5.7758
2005-03-16,5.7717
2005-03-15,5.7723
2005-03-14,5.7641
2005-11-03,5.7713
2005-10-03,5.7846
2005-09-03,5.7372
2005-08-03,5.7009
2005-07-03,5.7167
2005-04-03,5.6978
2005-03-03,5.6994
2005-02-03,5.6808
2005-01-03,5.7352
2005-02-28,5.7767
2005-02-25,5.7607
2005-02-24,5.7756
2005-02-23,5.7598
2005-02-22,5.7504
2005-02-21,5.7022
2005-02-18,5.6889
2005-02-17,5.69
2005-02-16,5.6876
2005-02-15,5.6708
2005-02-14,5.6675
2005-11-02,5.6351
2005-10-02,5.5992
2005-09-02,5.5966
2005-08-02,5.6013
2005-07-02,5.6161
2005-04-02,5.6588
2005-03-02,5.6965
2005-02-02,5.7388
2005-01-02,5.7126
2005-01-31,5.7132
2005-01-28,5.7402
2005-01-27,5.7497
2005-01-26,5.7442
2005-01-25,5.7362
2005-01-24,5.717
2005-01-21,5.6731
2005-01-20,5.6641
2005-01-19,5.7103
2005-01-18,5.6972
2005-01-17,5.7094
2005-01-14,5.7188
2005-01-13,5.7653
2005-12-01,5.7374
2005-11-01,5.7297
2005-10-01,5.7247
2005-07-01,5.8007
2005-06-01,5.7994
2005-05-01,5.8278
2005-04-01,5.849
2005-03-01,5.8897
2004-12-31,5.8768
2004-12-30,5.9067
2004-12-29,5.9554
2004-12-28,5.9176
2004-12-27,5.8689
2004-12-24,5.865
2004-12-23,5.8367
2004-12-22,5.8093
2004-12-21,5.8073
2004-12-20,5.7912
2004-12-17,5.7726
2004-12-16,5.7934
2004-12-15,5.7879
2004-12-14,5.7587
2004-12-13,5.7872
2004-10-12,5.758
2004-09-12,5.7736
2004-08-12,5.7815
2004-07-12,5.8159
2004-06-12,5.8484
2004-03-12,5.7983
2004-02-12,5.8126
2004-01-12,5.8101
2004-11-30,5.7982
2004-11-29,5.798
2004-11-26,5.7739
2004-11-25,5.774
2004-11-24,5.7503
2004-11-23,5.7343
2004-11-22,5.7087
2004-11-19,5.7076
2004-11-18,5.7156
2004-11-17,5.716
2004-11-16,5.6871
2004-11-15,5.7146
2004-12-11,5.7245
2004-11-11,5.7066
2004-10-11,5.7173
2004-09-11,5.7157
2004-08-11,5.7235
2004-05-11,5.6997
2004-04-11,5.7104
2004-03-11,5.6749
2004-02-11,5.6573
2004-01-11,5.6674
2004-10-29,5.6994
2004-10-28,5.7005
2004-10-27,5.6965
2004-10-26,5.6683
2004-10-25,5.6631
2004-10-22,5.6073
2004-10-21,5.5958
2004-10-20,5.6088
2004-10-19,5.5909
2004-10-18,5.5899
2004-10-15,5.5316
2004-10-14,5.5352
2004-10-13,5.4712
2004-12-10,5.4909
2004-11-10,5.5158
2004-08-10,5.5044
2004-06-10,5.4799
2004-05-10,5.4867
2004-04-10,5.5285
2004-01-10,5.5563
2004-09-29,5.5247
2004-09-28,5.5268
2004-09-27,5.4969
2004-09-23,5.5214
2004-09-20,5.4349
2004-09-14,5.4812
2004-09-13,5.5026
2004-10-09,5.5092
2004-09-09,5.4967
2004-08-09,5.421
2004-07-09,5.4524
2004-06-09,5.4504
2004-03-09,5.4921
2004-02-09,5.4888
2004-01-09,5.4955
2004-08-31,5.4821
2004-08-30,5.4608
2004-08-27,5.4941
2004-08-26,5.4923
2004-08-25,5.4813
2004-08-24,5.4936
2004-08-23,5.5458
2004-08-20,5.5999
2004-08-19,5.6121
2004-08-18,5.5875
2004-08-17,5.598
2004-08-16,5.5957
2004-08-13,5.5415
2004-12-08,5.5585
2004-11-08,5.5447
2004-10-08,5.554
2004-09-08,5.5552
2004-06-08,5.4936
2004-05-08,5.4786
2004-04-08,5.4401
2004-03-08,5.4364
2004-02-08,5.4507
2004-07-30,5.4465
2004-07-29,5.4417
2004-07-28,5.4424
2004-07-26,5.4733
2004-07-23,5.4931
2004-07-22,5.5081
2004-07-21,5.5191
2004-07-20,5.5559
2004-07-19,5.5714
2004-07-16,5.5583
2004-07-15,5.5632
2004-07-14,5.5582
2004-07-13,5.5455
2004-12-07,5.5518
2004-09-07,5.5503
2004-08-07,5.5411
2004-07-07,5.5431
2004-06-07,5.5076
2004-05-07,5.4951
2004-02-07,5.4388
2004-01-07,5.4514
2004-06-30,5.4657
2004-06-29,5.4628
2004-06-28,5.4729
2004-06-25,5.4622
2004-06-24,5.4696
2004-06-23,5.439
2004-06-22,5.4319
2004-06-21,5.4309
2004-06-18,5.3995
2004-06-17,5.4215
2004-06-16,5.4343
2004-06-15,5.4569
2004-06-14,5.4425
2004-11-06,5.4315
2004-10-06,5.4451
2004-09-06,5.5025
2004-08-06,5.5532
2004-07-06,5.5827
2004-04-06,5.5537
2004-03-06,5.549
2004-02-06,5.587
2004-01-06,5.5664
2004-05-28,5.591
2004-05-25,5.5174
2004-05-24,5.4822
2004-05-21,5.5067
2004-05-20,5.4822
2004-05-19,5.5032
2004-05-18,5.5216
2004-05-17,5.5277
2004-05-14,5.4479
2004-05-13,5.4763
2004-12-05,5.4875
2004-11-05,5.4645
2004-10-05,5.4823
2004-07-05,5.5312
2004-06-05,5.5436
2004-05-05,5.5423
2004-04-05,5.5308
2004-03-05,5.4893
2004-04-30,5.4868
2004-04-29,5.4246
2004-04-28,5.4758
2004-04-26,5.4169
2004-04-23,5.4335
2004-04-22,5.4307
2004-04-21,5.4189
2004-04-20,5.4261
2004-04-19,5.4623
2004-04-16,5.4392
2004-04-15,5.4073
2004-04-14,5.3911
2004-04-13,5.4165
2004-08-04,5.5042
2004-07-04,5.4636
2004-02-04,5.5593
2004-01-04,5.5715
2004-03-31,5.5353
2004-03-30,5.5061
2004-03-29,5.498
2004-03-26,5.4865
2004-03-25,5.4875
2004-03-24,5.5197
2004-03-23,5.5324
2004-03-22,5.5531
2004-03-19,5.5363
2004-03-18,5.4966
2004-03-17,5.5004
2004-03-16,5.5402
2004-03-15,5.5288
2004-12-03,5.5274
2004-11-03,5.52
2004-10-03,5.5264
2004-09-03,5.5632
2004-05-03,5.4929
2004-04-03,5.4784
2004-03-03,5.4785
2004-02-03,5.5602
2004-01-03,5.5947
2004-02-27,5.5502
2004-02-26,5.5782
2004-02-25,5.6303
2004-02-24,5.6221
2004-02-23,5.6113
2004-02-20,5.6344
2004-02-19,5.6569
2004-02-18,5.7001
2004-02-17,5.7178
2004-02-16,5.6614
2004-02-13,5.6862
2004-12-02,5.7255
2004-11-02,5.6863
2004-10-02,5.714
2004-09-02,5.6899
2004-06-02,5.6078
2004-05-02,5.6362
2004-04-02,5.603
2004-03-02,5.5994
2004-02-02,5.6034
2004-01-30,5.5479
2004-01-29,5.5944
2004-01-28,5.6318
2004-01-27,5.5949
2004-01-26,5.6009
2004-01-23,5.6658
2004-01-22,5.6613
2004-01-21,5.5772
2004-01-20,5.5435
2004-01-19,5.4721
2004-01-16,5.4997
2004-01-15,5.5801
2004-01-14,5.5888
2004-01-13,5.6043
2004-12-01,5.6308
2004-09-01,5.5826
2004-08-01,5.5485
2004-07-01,5.5731
2004-06-01,5.58
2004-05-01,5.5857
2004-02-01,5.5722
2003-12-31,5.5331
2003-12-30,5.4452
2003-12-29,5.4593
2003-12-24,5.4178
2003-12-23,5.4103
2003-12-22,5.4484
2003-12-19,5.4498
2003-12-18,5.4325
2003-12-17,5.3859
2003-12-16,5.3909
2003-12-15,5.3144
2003-12-12,5.3798
2003-11-12,5.3342
2003-10-12,5.3692
2003-09-12,5.3812
2003-08-12,5.4105
2003-05-12,5.3654
2003-04-12,5.3605
2003-03-12,5.3534
2003-02-12,5.3017
2003-01-12,5.329
2003-11-28,5.3231
2003-11-27,5.2969
2003-11-26,5.2814
2003-11-25,5.2674
2003-11-24,5.3004
2003-11-21,5.3356
2003-11-20,5.3334
2003-11-19,5.3557
2003-11-18,5.3084
2003-11-17,5.3429
2003-11-14,5.3329
2003-11-13,5.268
2003-12-11,5.2471
2003-11-11,5.2173
2003-10-11,5.1715
2003-07-11,5.1333
2003-06-11,5.1459
2003-05-11,5.1316
2003-04-11,5.1392
2003-03-11,5.2143
2003-10-31,5.228
2003-10-30,5.2884
2003-10-29,5.2762
2003-10-28,5.2304
2003-10-27,5.2603
2003-10-24,5.2855
2003-10-23,5.2797
2003-10-22,5.2274
2003-10-21,5.1945
2003-10-20,5.158
2003-10-17,5.1429
2003-10-16,5.1484
2003-10-15,5.1526
2003-10-14,5.1422
2003-10-13,5.1482
2003-10-10,5.188
2003-09-10,5.174
2003-08-10,5.2249
2003-07-10,5.2227
2003-03-10,5.1659
2003-02-10,5.1703
2003-01-10,5.1802
2003-09-30,5.1851
2003-09-29,5.0814
2003-09-25,5.1201
2003-09-24,5.108
2003-09-23,5.0905
2003-09-22,5.1058
2003-09-19,5.0557
2003-09-18,5.0426
2003-09-17,5.0221
2003-09-16,5.0346
2003-09-15,5.0803
2003-12-09,5.0665
2003-11-09,5.0328
2003-10-09,4.9968
2003-09-09,4.956
2003-08-09,4.9435
2003-05-09,4.8627
2003-04-09,4.8039
2003-03-09,4.8063
2003-02-09,4.8351
2003-01-09,4.8786
2003-08-29,4.8502
2003-08-28,4.834
2003-08-27,4.8866
2003-08-26,4.8354
2003-08-25,4.881
2003-08-22,4.9064
2003-08-21,4.9148
2003-08-20,4.9335
2003-08-19,4.9191
2003-08-18,4.9639
2003-08-15,5.0019
2003-08-14,5.0144
2003-08-13,5.0043
2003-12-08,5.0288
2003-11-08,5.0049
2003-08-08,5.025
2003-06-08,5.0499
2003-05-08,5.0536
2003-04-08,5.0515
2003-01-08,4.9459
2003-07-31,5.0023
2003-07-30,5.0437
2003-07-29,5.029
2003-07-28,5.0223
2003-07-25,5.0548
2003-07-24,5.0345
2003-07-23,4.988
2003-07-22,4.9895
2003-07-21,5.0005
2003-07-18,4.975
2003-07-17,4.9957
2003-07-16,4.9308
2003-07-15,4.9684
2003-07-14,4.9439
2003-11-07,4.9442
2003-10-07,4.9033
2003-09-07,4.9328
2003-08-07,4.9018
2003-07-07,4.8633
2003-04-07,4.937
2003-03-07,4.9224
2003-02-07,4.9636
2003-01-07,4.9805
2003-06-30,4.9275
2003-06-27,4.9474
2003-06-26,4.9548
2003-06-25,5.028
2003-06-24,5.0555
2003-06-23,5.0731
2003-06-20,5.1252
2003-06-19,5.0995
2003-06-18,5.1287
2003-06-17,5.135
2003-06-16,5.1732
2003-06-13,5.1851
2003-12-06,5.1728
2003-11-06,5.1898
2003-10-06,5.1721
2003-09-06,5.1477
2003-05-06,5.1791
2003-04-06,5.122
2003-03-06,5.1324
2003-02-06,5.1444
2003-05-30,5.1765
2003-05-29,5.1798
2003-05-28,5.2108
2003-05-27,5.2736
2003-05-23,5.2555
2003-05-22,5.3329
2003-05-21,5.353
2003-05-20,5.2957
2003-05-19,5.2759
2003-05-14,5.1572
2003-05-13,5.1834
2003-12-05,5.1707
2003-09-05,5.1388
2003-08-05,5.0967
2003-06-05,5.0565
2003-05-05,5.0275
2003-02-05,5.0349
2003-04-29,4.955
2003-04-28,5.0425
2003-04-25,5.0395
2003-04-24,5.0252
2003-04-22,5.0483
2003-04-15,4.9249
2003-04-14,4.9322
2003-11-04,5.0234
2003-10-04,5.0023
2003-09-04,4.9756
2003-08-04,4.96
2003-07-04,4.9161
2003-04-04,5.0006
2003-03-04,4.9947
2003-02-04,5.061
2003-01-04,5.066
2003-03-31,5.1086
2003-03-28,5.0512
2003-03-27,5.0365
2003-03-26,4.9977
2003-03-25,5.0248
2003-03-24,5.02
2003-03-21,5.0275
2003-03-20,5.0367
2003-03-17,5.1961
2003-03-14,5.1649
2003-03-13,5.2097
2003-12-03,5.3372
2003-11-03,5.3666
2003-10-03,5.3535
2003-07-03,5.3477
2003-06-03,5.2959
2003-05-03,5.3283
2003-04-03,5.2855
2003-03-03,5.2222
2003-02-28,5.1727
2003-02-27,5.2423
2003-02-26,5.2236
2003-02-25,5.2584
2003-02-24,5.2305
2003-02-21,5.2919
2003-02-20,5.2566
2003-02-19,5.2076
2003-02-18,5.1869
2003-02-17,5.2041
2003-02-14,5.3258
2003-02-13,5.2691
2003-12-02,5.2191
2003-11-02,5.1989
2003-10-02,5.2644
2003-07-02,5.2372
2003-06-02,5.2618
2003-05-02,5.3357
2003-04-02,5.2742
2003-03-02,5.1925
2003-01-31,5.2075
2003-01-30,5.1877
2003-01-29,5.3086
2003-01-27,5.3151
2003-01-24,5.2692
2003-01-23,5.2562
2003-01-22,5.2499
2003-01-21,5.1908
2003-01-20,5.1713
2003-01-17,5.1587
2003-01-16,5.0999
2003-01-15,5.0935
2003-01-14,5.1065
2003-01-13,5.0909
2003-10-01,5.0553
2003-09-01,5.0703
2003-08-01,5.006
2003-07-01,4.9681
2003-06-01,5.0208
2003-03-01,4.9711
2003-02-01,4.9991
2002-12-31,4.9696
2002-12-30,4.9705
2002-12-27,4.9757
2002-12-26,4.9294
2002-12-24,4.8809
2002-12-23,4.8725
2002-12-20,4.8608
2002-12-19,4.8588
2002-12-18,4.7849
2002-12-17,4.7941
2002-12-16,4.7347
2002-12-13,4.7583
2002-12-12,4.7361
2002-11-12,4.6977
2002-10-12,4.73
2002-09-12,4.736
2002-06-12,4.7032
2002-05-12,4.6562
2002-04-12,4.6567
2002-03-12,4.6258
2002-02-12,4.5741
2002-11-29,4.607
2002-11-28,4.615
2002-11-27,4.5995
2002-11-26,4.6146
2002-11-25,4.6342
2002-11-22,4.6919
2002-11-21,4.6961
2002-11-20,4.6926
2002-11-19,4.7397
2002-11-18,4.7005
2002-11-15,4.6834
2002-11-14,4.7051
2002-11-13,4.7235
2002-12-11,4.7474
2002-11-11,4.7525
2002-08-11,4.7597
2002-07-11,4.7017
2002-06-11,4.6822
2002-05-11,4.7434
2002-04-11,4.7199
2002-01-11,4.712
2002-10-31,4.7002
2002-10-30,4.6603
2002-10-29,4.699
2002-10-28,4.6447
2002-10-25,4.6378
2002-10-24,4.6113
2002-10-23,4.632
2002-10-22,4.6596
2002-10-21,4.62
2002-10-18,4.6313
2002-10-17,4.6436
2002-10-16,4.7318
2002-10-15,4.7326
2002-10-14,4.7662
2002-11-10,4.7562
2002-10-10,4.7652
2002-09-10,4.7575
2002-08-10,4.7479
2002-07-10,4.7679
2002-04-10,4.7754
2002-03-10,4.7882
2002-02-10,4.7433
2002-01-10,4.7949
2002-09-30,4.7996
2002-09-27,4.7445
2002-09-26,4.7469
2002-09-25,4.8052
2002-09-24,4.7206
2002-09-23,4.7546
2002-09-20,4.7447
2002-09-19,4.6942
2002-09-18,4.6148
2002-09-17,4.5477
2002-09-13,4.6409
2002-12-09,4.628
2002-11-09,4.6495
2002-10-09,4.6298
2002-09-09,4.6382
2002-05-09,4.7291
2002-04-09,4.6848
2002-03-09,4.6416
2002-02-09,4.5955
2002-08-30,4.5878
2002-08-29,4.5941
2002-08-28,4.5785
2002-08-27,4.5639
2002-08-26,4.5326
2002-08-23,4.5162
2002-08-22,4.5512
2002-08-21,4.5321
2002-08-20,4.5266
2002-08-19,4.5481
2002-08-16,4.5752
2002-08-15,4.5695
2002-08-14,4.618
2002-08-13,4.5928
2002-12-08,4.5734
2002-09-08,4.5496
2002-08-08,4.5527
2002-07-08,4.5689
2002-06-08,4.557
2002-05-08,4.6509
2002-02-08,4.6533
2002-01-08,4.578
2002-07-31,4.579
2002-07-30,4.6358
2002-07-29,4.6484
2002-07-26,4.7427
2002-07-25,4.7237
2002-07-24,4.652
2002-07-23,4.6228
2002-07-22,4.6785
2002-07-19,4.7369
2002-07-17,4.6859
2002-07-16,4.745
2002-07-15,4.6824
2002-12-07,4.6748
2002-11-07,4.6405
2002-10-07,4.6913
2002-09-07,4.72
2002-08-07,4.7073
2002-05-07,4.6818
2002-04-07,4.6621
2002-03-07,4.6698
2002-02-07,4.6874
2002-01-07,4.7184
2002-06-28,4.7339
2002-06-27,4.751
2002-06-26,4.8422
2002-06-25,4.7744
2002-06-24,4.8377
2002-06-21,4.8111
2002-06-20,4.777
2002-06-19,4.7357
2002-06-18,4.672
2002-06-17,4.6649
2002-06-14,4.682
2002-06-13,4.6723
2002-12-06,4.6937
2002-11-06,4.7101
2002-10-06,4.7084
2002-07-06,4.7187
2002-06-06,4.6662
2002-05-06,4.6679
2002-04-06,4.666
2002-03-06,4.5858
2002-05-31,4.6075
2002-05-30,4.6252
2002-05-29,4.6292
2002-05-28,4.5752
2002-05-27,4.4875
2002-05-24,4.5123
2002-05-23,4.5246
2002-05-22,4.5047
2002-05-21,4.4846
2002-05-20,4.4669
2002-05-16,4.4438
2002-05-15,4.4157
2002-05-14,4.4409
2002-05-13,4.495
2002-10-05,4.5071
2002-09-05,4.4589
2002-08-05,4.4595
2002-07-05,4.4399
2002-06-05,4.4291
2002-03-05,4.3743
2002-02-05,4.3861
2002-01-05,4.3924
2002-04-30,4.4079
2002-04-29,4.4293
2002-04-26,4.3745
2002-04-25,4.383
2002-04-24,4.3263
2002-04-23,4.2463
2002-04-22,4.248
2002-04-19,4.266
2002-04-18,4.2587
2002-04-16,4.2209
2002-04-15,4.2205
2002-12-04,4.2279
2002-11-04,4.1913
2002-10-04,4.1985
2002-09-04,4.1862
2002-08-04,4.1776
2002-05-04,4.165
2002-04-04,4.2148
2002-02-04,4.1989
2002-03-26,4.0782
2002-03-25,4.0896
2002-03-22,4.0868
2002-03-21,4.0957
2002-03-20,4.0637
2002-03-19,4.0879
2002-03-18,4.0877
2002-03-15,4.1128
2002-03-14,4.1087
2002-03-13,4.0831
2002-12-03,4.0811
2002-11-03,4.0754
2002-08-03,4.0983
2002-07-03,4.1155
2002-06-03,4.1057
2002-05-03,4.0774
2002-04-03,4.0407
2002-01-03,4.0572
2002-02-28,3.9996
2002-02-25,4.0518
2002-02-22,4.0874
2002-02-21,4.0839
2002-02-20,4.1127
2002-02-19,4.1039
2002-02-18,4.0769
2002-02-15,4.0382
2002-02-14,4.0274
2002-02-13,4.0637
2002-12-02,4.1338
2002-11-02,4.169
2002-08-02,4.0738
2002-07-02,4.0435
2002-06-02,4.014
2002-05-02,4.0158
2002-04-02,3.9764
2002-01-02,3.9436
2002-01-31,3.975
2002-01-30,3.9945
2002-01-29,3.9943
2002-01-28,3.9638
2002-01-25,4.0183
2002-01-24,4.031
2002-01-23,4.0762
2002-01-22,4.0484
2002-01-21,4.0242
2002-01-18,3.975
2002-01-17,3.9974
2002-01-16,3.9969
2002-01-15,4.02
2002-01-14,4.0053
2002-11-01,4.012
2002-10-01,3.9819
2002-09-01,3.9812
2002-08-01,3.9932
2002-07-01,4.0157
2002-04-01,4.0295
2002-03-01,4.0474
2002-02-01,4.0062
2001-12-31,3.9075
2001-12-28,3.8715
2001-12-27,3.8552
2001-12-26,3.8511
2001-12-24,3.8148
2001-12-21,3.8801
2001-12-20,3.8405
2001-12-19,3.8206
2001-12-18,3.8197
2001-12-17,3.8331
2001-12-14,3.8254
2001-12-13,3.7968
2001-12-12,3.7756
2001-11-12,3.7614
2001-10-12,3.7415
2001-07-12,3.7681
2001-06-12,3.7545
2001-05-12,3.7804
2001-04-12,3.7872
2001-03-12,3.7876
2001-11-30,3.7502
2001-11-29,3.7543
2001-11-28,3.7335
2001-11-27,3.7255
2001-11-26,3.7448
2001-11-23,3.7216
2001-11-22,3.712
2001-11-21,3.714
2001-11-20,3.7314
2001-11-19,3.7153
2001-11-16,3.7495
2001-11-15,3.7346
2001-11-14,3.7231
2001-11-13,3.7299
2001-12-11,3.7642
2001-09-11,3.7695
2001-08-11,3.8099
2001-07-11,3.8487
2001-06-11,3.8249
2001-05-11,3.8149
2001-02-11,3.8601
2001-01-11,3.8879
2001-10-31,3.8683
2001-10-30,3.893
2001-10-29,3.8601
2001-10-26,3.838
2001-10-25,3.8479
2001-10-24,3.8441
2001-10-23,3.8135
2001-10-22,3.8442
2001-10-19,3.8838
2001-10-18,3.8832
2001-10-17,3.8891
2001-10-16,3.881
2001-10-15,3.9134
2001-12-10,3.9031
2001-11-10,3.8907
2001-10-10,3.9597
2001-08-10,3.9846
2001-05-10,3.98
2001-04-10,3.9913
2001-03-10,4.0246
2001-01-10,3.9712
2001-09-28,3.989
2001-09-25,4.0134
2001-09-24,4.0013
2001-09-21,4.0211
2001-09-20,4.008
2001-09-14,3.9435
2001-09-13,3.929
2001-12-09,3.9307
2001-11-09,3.8959
2001-10-09,3.9035
2001-07-09,3.8432
2001-06-09,3.807
2001-05-09,3.8178
2001-04-09,3.8303
2001-03-09,3.8658
2001-08-31,3.9089
2001-08-30,3.858
2001-08-29,3.882
2001-08-28,3.8318
2001-08-27,3.8508
2001-08-24,3.8655
2001-08-23,3.8523
2001-08-22,3.9011
2001-08-21,3.8687
2001-08-20,3.8721
2001-08-17,3.8551
2001-08-16,3.8765
2001-08-15,3.8698
2001-08-14,3.7977
2001-08-13,3.8048
2001-10-08,3.7933
2001-09-08,3.7471
2001-08-08,3.7081
2001-07-08,3.7092
2001-06-08,3.7163
2001-03-08,3.7158
2001-02-08,3.7124
2001-01-08,3.7133
2001-07-31,3.6841
2001-07-30,3.6766
2001-07-27,3.6861
2001-07-26,3.6789
2001-07-25,3.6808
2001-07-24,3.6487
2001-07-23,3.6391
2001-07-20,3.6766
2001-07-19,3.668
2001-07-18,3.6363
2001-07-17,3.5871
2001-07-16,3.6043
2001-07-13,3.585
2001-12-07,3.5855
2001-11-07,3.6147
2001-10-07,3.5844
2001-09-07,3.5555
2001-06-07,3.5181
2001-05-07,3.5257
2001-04-07,3.5342
2001-03-07,3.5524
2001-02-07,3.5348
2001-06-29,3.5282
2001-06-28,3.5472
2001-06-27,3.6032
2001-06-26,3.5991
2001-06-25,3.596
2001-06-22,3.5632
2001-06-21,3.5769
2001-06-20,3.5486
2001-06-19,3.5697
2001-06-18,3.5812
2001-06-15,3.6035
2001-06-14,3.5425
2001-06-13,3.5493
2001-12-06,3.5216
2001-11-06,3.5318
2001-08-06,3.5308
2001-07-06,3.5144
2001-06-06,3.5416
2001-05-06,3.5133
2001-04-06,3.5433
2001-01-06,3.5033
2001-05-31,3.5071
2001-05-30,3.5258
2001-05-29,3.5258
2001-05-25,3.5377
2001-05-24,3.548
2001-05-23,3.55
2001-05-22,3.5924
2001-05-21,3.6294
2001-05-18,3.6396
2001-05-17,3.6455
2001-05-16,3.6653
2001-05-15,3.6444
2001-05-14,3.6298
2001-11-05,3.6444
2001-10-05,3.6946
2001-09-05,3.6571
2001-08-05,3.6771
2001-07-05,3.7007
2001-04-05,3.7001
2001-03-05,3.6908
2001-02-05,3.6933
2001-01-05,3.6803
2001-04-30,3.6746
2001-04-27,3.7465
2001-04-25,3.713
2001-04-24,3.7219
2001-04-23,3.7394
2001-04-20,3.7317
2001-04-19,3.6751
2001-04-18,3.6636
2001-04-17,3.6969
2001-04-16,3.7018
2001-12-04,3.7029
2001-11-04,3.7093
2001-10-04,3.7376
2001-09-04,3.7829
2001-06-04,3.7721
2001-05-04,3.7691
2001-04-04,3.798
2001-03-04,3.7387
2001-02-04,3.6993
2001-03-30,3.6902
2001-03-29,3.7316
2001-03-28,3.7375
2001-03-27,3.7447
2001-03-26,3.7345
2001-03-23,3.7649
2001-03-22,3.742
2001-03-21,3.7864
2001-03-20,3.7683
2001-03-19,3.7533
2001-03-16,3.7347
2001-03-15,3.7844
2001-03-14,3.8067
2001-03-13,3.8037
2001-12-03,3.8286
2001-08-03,3.8435
2001-07-03,3.8355
2001-06-03,3.8227
2001-05-03,3.8354
2001-02-03,3.8469
2001-01-03,3.8176
2001-02-28,3.7976
2001-02-27,3.7667
2001-02-26,3.7609
2001-02-23,3.7278
2001-02-22,3.7434
2001-02-21,3.7722
2001-02-20,3.7369
2001-02-19,3.7914
2001-02-16,3.739
2001-02-15,3.7268
2001-02-14,3.7648
2001-02-13,3.8039
2001-12-02,3.8139
2001-09-02,3.7767
2001-08-02,3.814
2001-07-02,3.8606
2001-05-02,3.898
2001-02-02,3.8946
2001-01-02,3.9066
2001-01-31,3.8418
2001-01-30,3.8164
2001-01-29,3.8139
2001-01-26,3.8436
2001-01-25,3.7818
2001-01-24,3.8572
2001-01-23,3.8932
2001-01-22,3.8552
2001-01-19,3.8972
2001-01-18,3.8814
2001-01-17,3.8547
2001-01-16,3.8703
2001-01-15,3.8723
2001-12-01,3.9149
2001-11-01,3.9148
2001-10-01,3.8676
2001-09-01,3.879
2001-08-01,3.9129
2001-05-01,3.9015
2001-04-01,3.8397
2001-03-01,3.9055
2001-02-01,3.8473
2000-12-29,3.7628
2000-12-28,3.7586
2000-12-27,3.7691
2000-12-22,3.7297
2000-12-21,3.7272
2000-12-20,3.6875
2000-12-19,3.6306
2000-12-18,3.6543
2000-12-15,3.6773
2000-12-14,3.6206
2000-12-13,3.5809
2000-12-12,3.5939
2000-11-12,3.6052
2000-08-12,3.6211
2000-07-12,3.6601
2000-06-12,3.6137
2000-05-12,3.6093
2000-04-12,3.6552
2000-01-12,3.5867
2000-11-30,3.5517
2000-11-29,3.542
2000-11-28,3.5086
2000-11-27,3.4449
2000-11-24,3.4515
2000-11-23,3.4742
2000-11-22,3.4725
2000-11-21,3.4801
2000-11-20,3.4765
2000-11-17,3.5112
2000-11-16,3.5223
2000-11-15,3.5415
2000-11-14,3.5325
2000-11-13,3.5483
2000-10-11,3.5756
2000-09-11,3.5076
2000-08-11,3.5254
2000-07-11,3.5287
2000-06-11,3.5606
2000-03-11,3.5483
2000-02-11,3.5503
2000-01-11,3.5207
2000-10-31,3.4817
2000-10-30,3.5121
2000-10-27,3.4389
2000-10-26,3.4114
2000-10-25,3.4451
2000-10-24,3.4875
2000-10-23,3.4712
2000-10-20,3.4857
2000-10-19,3.4637
2000-10-18,3.5056
2000-10-17,3.517
2000-10-16,3.5039
2000-10-13,3.5661
2000-12-10,3.5775
2000-11-10,3.557
2000-10-10,3.5648
2000-06-10,3.5404
2000-05-10,3.5333
2000-04-10,3.53
2000-03-10,3.5411
2000-02-10,3.5526
2000-09-28,3.5534
2000-09-27,3.5712
2000-09-26,3.5411
2000-09-25,3.5573
2000-09-22,3.51
2000-09-21,3.4503
2000-09-20,3.4281
2000-09-19,3.4657
2000-09-18,3.4542
2000-09-15,3.496
2000-09-14,3.5067
2000-09-13,3.4966
2000-12-09,3.4868
2000-11-09,3.4585
2000-08-09,3.5199
2000-07-09,3.4977
2000-06-09,3.5556
2000-05-09,3.5667
2000-04-09,3.6208
2000-01-09,3.5649
2000-08-31,3.5826
2000-08-30,3.5749
2000-08-29,3.6218
2000-08-28,3.6348
2000-08-25,3.6496
2000-08-24,3.635
2000-08-23,3.6043
2000-08-22,3.6131
2000-08-21,3.6394
2000-08-18,3.6988
2000-08-17,3.6821
2000-08-16,3.6717
2000-08-15,3.6844
2000-08-14,3.6495
2000-11-08,3.6994
2000-09-08,3.6468
2000-08-08,3.6837
2000-07-08,3.7039
2000-04-08,3.6935
2000-03-08,3.6837
2000-02-08,3.7293
2000-01-08,3.7803
2000-07-31,3.7809
2000-07-28,3.7951
2000-07-27,3.8385
2000-07-26,3.8461
2000-07-25,3.8503
2000-07-24,3.816
2000-07-21,3.8282
2000-07-20,3.7869
2000-07-19,3.7815
2000-07-18,3.8287
2000-07-17,3.8365
2000-07-14,3.8388
2000-07-13,3.821
2000-12-07,3.8852
2000-11-07,3.9025
2000-10-07,3.9103
2000-07-07,3.888
2000-06-07,3.896
2000-05-07,3.8863
2000-04-07,3.8619
2000-03-07,3.8617
2000-06-30,3.9151
2000-06-29,3.8826
2000-06-28,3.8523
2000-06-27,3.8381
2000-06-26,3.8108
2000-06-23,3.8288
2000-06-22,3.8477
2000-06-21,3.885
2000-06-20,3.9122
2000-06-19,3.936
2000-06-16,3.9014
2000-06-15,3.9027
2000-06-14,3.9538
2000-06-13,3.9348
2000-12-06,3.9056
2000-08-06,3.9742
2000-07-06,3.9646
2000-06-06,3.912
2000-05-06,3.8912
2000-02-06,3.8719
2000-01-06,3.8791
2000-05-31,3.8739
2000-05-30,3.9046
2000-05-26,3.8154
2000-05-25,3.7522
2000-05-24,3.8179
2000-05-23,3.8228
2000-05-22,3.7682
2000-05-19,3.7191
2000-05-18,3.7184
2000-05-17,3.6932
2000-05-16,3.7581
2000-05-15,3.7844
2000-12-05,3.7362
2000-11-05,3.7747
2000-09-05,3.7096
2000-08-05,3.6805
2000-05-05,3.6811
2000-04-05,3.6632
2000-03-05,3.6421
2000-02-05,3.721
2000-04-28,3.6676
2000-04-27,3.7227
2000-04-25,3.771
2000-04-18,3.8485
2000-04-17,3.9044
2000-04-14,3.8515
2000-04-13,3.8464
2000-12-04,3.8593
2000-11-04,3.879
2000-10-04,3.8642
2000-07-04,3.8675
2000-06-04,3.8835
2000-05-04,3.9352
2000-04-04,3.846
2000-03-04,3.8752
2000-03-31,3.8491
2000-03-30,3.8462
2000-03-29,3.831
2000-03-28,3.8561
2000-03-27,3.9116
2000-03-24,3.9286
2000-03-23,3.9132
2000-03-20,3.8708
2000-03-17,3.8426
2000-03-16,3.8499
2000-03-15,3.8347
2000-03-14,3.8195
2000-03-13,3.8544
2000-10-03,3.8425
2000-09-03,3.8422
2000-08-03,3.8298
2000-07-03,3.84
2000-06-03,3.8592
2000-03-03,3.8846
2000-02-03,3.9077
2000-01-03,3.9029
2000-02-29,3.9205
2000-02-28,3.8948
2000-02-25,3.9953
2000-02-24,4.0071
2000-02-23,4.0656
2000-02-22,4.0623
2000-02-21,3.9959
2000-02-18,3.9903
2000-02-17,4.0137
2000-02-16,3.9623
2000-02-15,3.9653
2000-02-14,3.9971
2000-11-02,4.0081
2000-10-02,4.0139
2000-09-02,4.029
2000-08-02,4.0292
2000-07-02,3.9791
2000-04-02,4.0218
2000-03-02,3.9486
2000-02-02,3.9524
2000-01-02,3.9501
2000-01-31,4.0032
2000-01-28,4.0207
2000-01-27,4.0876
2000-01-26,4.0873
2000-01-25,4.1126
2000-01-24,4.1118
2000-01-21,4.1609
2000-01-20,4.1276
2000-01-19,4.1313
2000-01-18,4.0929
2000-01-17,4.1236
2000-01-14,4.2023
2000-01-13,4.2278
2000-12-01,4.2397
2000-11-01,4.2191
2000-10-01,4.2045
2000-07-01,4.2673
2000-06-01,4.3143
2000-05-01,4.3004
2000-04-01,4.269
2000-03-01,4.1603
1999-12-30,4.175
1999-12-29,4.1873
1999-12-28,4.1874
1999-12-27,4.2183
1999-12-24,4.2217
1999-12-23,4.208
1999-12-22,4.2071
1999-12-21,4.2155
1999-12-20,4.2048
1999-12-17,4.287
1999-12-16,4.2553
1999-12-15,4.1977
1999-12-14,4.199
1999-12-13,4.257
1999-10-12,4.2815
1999-09-12,4.3046
1999-08-12,4.338
1999-07-12,4.329
1999-06-12,4.2965
1999-03-12,4.2381
1999-02-12,4.2547
1999-01-12,4.2708
1999-11-30,4.2703
1999-11-29,4.2726
1999-11-26,4.294
1999-11-25,4.3141
1999-11-24,4.3177
1999-11-23,4.3693
1999-11-22,4.3702
1999-11-19,4.3624
1999-11-18,4.3939
1999-11-17,4.3855
1999-11-16,4.3759
1999-11-15,4.3673
1999-12-11,4.3614
1999-11-11,4.378
1999-10-11,4.382
1999-09-11,4.3941
1999-08-11,4.3901
1999-05-11,4.3833
1999-04-11,4.4162
1999-03-11,4.4453
1999-02-11,4.4501
1999-01-11,4.4851
1999-10-29,4.4578
1999-10-28,4.4911
1999-10-27,4.4947
1999-10-26,4.5188
1999-10-25,4.5608
1999-10-22,4.6118
1999-10-21,4.6178
1999-10-20,4.5964
1999-10-19,4.6206
1999-10-18,4.6446
1999-10-15,4.632
1999-10-14,4.5932
1999-10-13,4.5971
1999-12-10,4.5461
1999-11-10,4.5307
1999-08-10,4.552
1999-07-10,4.571
1999-06-10,4.577
1999-05-10,4.5533
1999-04-10,4.5687
1999-01-10,4.5825
1999-09-30,4.564
1999-09-29,4.5062
1999-09-28,4.478
1999-09-27,4.4697
1999-09-24,4.4977
1999-09-23,4.4492
1999-09-22,4.4716
1999-09-21,4.4124
1999-09-17,4.4039
1999-09-16,4.3995
1999-09-15,4.3739
1999-09-14,4.3999
1999-09-13,4.3877
1999-09-09,4.4772
1999-08-09,4.4931
1999-07-09,4.4496
1999-06-09,4.4624
1999-03-09,4.5161
1999-02-09,4.5111
1999-01-09,4.488
1999-08-31,4.4821
1999-08-30,4.4256
1999-08-27,4.4245
1999-08-26,4.4428
1999-08-25,4.434
1999-08-24,4.4272
1999-08-23,4.4814
1999-08-20,4.5209
1999-08-19,4.4266
1999-08-18,4.4171
1999-08-17,4.4178
1999-08-16,4.423
1999-08-13,4.4771
1999-12-08,4.4465
1999-11-08,4.4716
1999-10-08,4.5143
1999-09-08,4.4638
1999-06-08,4.4791
1999-05-08,4.5138
1999-04-08,4.4859
1999-03-08,4.4297
1999-02-08,4.4593
1999-07-30,4.4532
1999-07-29,4.4138
1999-07-28,4.372
1999-07-27,4.3767
1999-07-26,4.3816
1999-07-23,4.3156
1999-07-21,4.2813
1999-07-20,4.2392
1999-07-19,4.1347
1999-07-16,4.1657
1999-07-15,4.1616
1999-07-14,4.1603
1999-07-13,4.1711
1999-12-07,4.1411
1999-09-07,4.1714
1999-08-07,4.1659
1999-07-07,4.1775
1999-06-07,4.1698
1999-05-07,4.1931
1999-02-07,4.1687
1999-01-07,4.1929
1999-06-30,4.2077
1999-06-29,4.2221
1999-06-28,4.2452
1999-06-25,4.3066
1999-06-24,4.2587
1999-06-23,4.2415
1999-06-22,4.2223
1999-06-21,4.2282
1999-06-18,4.2046
1999-06-17,4.209
1999-06-16,4.2177
1999-06-15,4.2314
1999-06-14,4.2549
1999-11-06,4.2964
1999-10-06,4.2764
1999-09-06,4.2752
1999-08-06,4.2513
1999-07-06,4.2176
1999-04-06,4.2205
1999-03-06,4.2622
1999-02-06,4.2448
1999-01-06,4.2723
1999-05-28,4.3052
1999-05-27,4.3004
1999-05-26,4.3516
1999-05-25,4.3873
1999-05-24,4.3486
1999-05-20,4.3592
1999-05-19,4.3489
1999-05-18,4.3577
1999-05-14,4.3782
1999-05-13,4.3968
1999-12-05,4.4051
1999-11-05,4.4614
1999-10-05,4.4387
1999-07-05,4.4474
1999-06-05,4.4363
1999-05-05,4.3648
1999-04-05,4.3618
1999-03-05,4.3815
1999-04-30,4.408
1999-04-29,4.404
1999-04-28,4.4123
1999-04-27,4.3564
1999-04-26,4.3223
1999-04-23,4.3053
1999-04-22,4.273
1999-04-20,4.2995
1999-04-19,4.2836
1999-04-16,4.2984
1999-04-15,4.3478
1999-04-14,4.3509
1999-04-13,4.3513
1999-12-04,4.3792
1999-09-04,4.3569
1999-08-04,4.3657
1999-06-04,4.3375
1999-03-30,4.3295
1999-03-29,4.3144
1999-03-26,4.3974
1999-03-25,4.4252
1999-03-24,4.4059
1999-03-23,4.3943
1999-03-22,4.3705
1999-03-19,4.3989
1999-03-18,4.4245
1999-03-17,4.4003
1999-03-16,4.3896
1999-03-15,4.3985
1999-12-03,4.3902
1999-11-03,4.3712
1999-10-03,4.397
1999-09-03,4.3791
1999-08-03,4.3952
1999-05-03,4.3698
1999-04-03,4.3941
1999-01-03,4.4468
1999-02-26,4.4584
1999-02-25,4.4768
1999-02-24,4.4669
1999-02-23,4.4561
1999-02-22,4.4708
1999-02-19,4.5447
1999-02-18,4.5701
1999-02-17,4.5676
1999-02-16,4.5276
1999-02-15,4.5582
1999-12-02,4.5652
1999-11-02,4.6119
1999-10-02,4.6233
1999-09-02,4.628
1999-08-02,4.5946
1999-05-02,4.6285
1999-04-02,4.5936
1999-03-02,4.6329
1999-02-02,4.6171
1999-01-02,4.6274
1999-01-29,4.6789
1999-01-28,4.6756
1999-01-27,4.7061
1999-01-26,4.7261
1999-01-25,4.7282
1999-01-22,4.7423
1999-01-21,4.7125
1999-01-20,4.6947
1999-01-19,4.7195
1999-01-18,4.6955
1999-01-15,4.7801
1999-01-14,4.7429
1999-01-13,4.7813
1999-12-01,4.677
1999-11-01,4.7031
1999-08-01,4.7588
1999-07-01,4.742
1999-06-01,4.7784
1999-05-01,4.8427
1999-04-01,4.896
