Date,Open_DELL,High_DELL,Low_DELL,Close_DELL,Volume_DELL
2020-10-22,70.41999816894531,70.17500305175781,67.77500152587889,69.25,668685
2020-10-21,69.72000122070311,70.55999755859375,69.36000061035156,69.83000183105469,1909600
2020-10-20,70.12999725341797,70.38999938964844,69.37000274658203,69.41000366210939,747400
2020-10-19,70.4000015258789,70.91000366210938,69.23000335693361,69.5,1058100
2020-10-16,70.81999969482422,71.20999908447266,70.12000274658203,70.15000152587889,1516500
2020-10-15,69.52999877929689,70.4000015258789,68.84999847412111,70.04000091552734,1296600
2020-10-14,70.75,71.44999694824219,70.27999877929689,70.6500015258789,1052900
2020-10-13,70.0,71.04000091552734,69.55000305175781,70.51000213623047,1605400
2020-10-12,68.65000152587889,69.51000213623047,68.5,69.25,791800
2020-10-09,69.08999633789061,69.44000244140625,68.33999633789061,68.38999938964844,1164500
2020-10-08,67.5,69.22000122070311,67.44000244140625,68.66000366210939,2481000
2020-10-07,68.30999755859375,68.36000061035156,67.06999969482422,67.41000366210939,2138900
2020-10-06,68.08999633789061,68.87999725341797,67.19999694824219,67.48000335693361,1922300
2020-10-05,67.88999938964844,68.30999755859375,67.30000305175781,68.20999908447266,2524600
2020-10-02,65.88999938964844,67.62999725341797,65.72000122070311,67.16000366210939,1001300
2020-10-01,68.18000030517578,68.51000213623047,67.12000274658203,67.54000091552734,1106800
2020-09-30,68.38999938964844,68.87999725341797,67.16999816894531,67.69000244140625,1665600
2020-09-29,67.48999786376953,68.48999786376953,66.88999938964844,68.40000152587889,1375300
2020-09-28,66.80999755859375,67.63999938964844,66.47000122070311,67.30999755859375,1917700
2020-09-25,65.0,65.86000061035156,64.63999938964844,65.72000122070311,1223400
2020-09-24,65.12999725341797,65.97000122070311,64.34999847412111,65.37000274658203,1625100
2020-09-23,67.22000122070311,67.33999633789061,65.34999847412111,65.61000061035156,2125400
2020-09-22,66.12000274658203,66.33000183105469,64.97000122070311,66.30999755859375,1089100
2020-09-21,64.76999664306639,65.51999664306639,63.72000122070313,65.5,2166900
2020-09-18,66.62999725341797,67.16000366210939,65.81999969482422,66.37000274658203,11088800
2020-09-17,66.33000183105469,67.65000152587889,65.48999786376953,66.55999755859375,2266200
2020-09-16,67.66999816894531,68.55999755859375,67.33000183105469,67.37000274658203,2213600
2020-09-15,67.5,68.12999725341797,66.73000335693361,67.09999847412111,1457400
2020-09-14,67.0,67.77999877929689,66.48000335693361,66.84999847412111,2127600
2020-09-11,65.72000122070311,66.75,65.27999877929689,66.38999938964844,1716600
2020-09-10,67.08000183105469,67.31999969482422,65.04000091552734,65.44000244140625,2009000
2020-09-09,65.11000061035156,67.37999725341797,64.80000305175781,66.83999633789061,3257300
2020-09-08,63.04999923706055,65.58000183105469,62.709999084472656,64.15000152587889,2956000
2020-09-04,65.33999633789061,66.19999694824219,63.13000106811523,64.65000152587889,2314300
2020-09-03,67.12000274658203,67.66999816894531,64.40000152587889,65.54000091552734,2030100
2020-09-02,66.93000030517578,68.61000061035156,66.33999633789061,68.47000122070311,2320200
2020-09-01,66.41999816894531,66.83999633789061,65.70999908447266,66.37000274658203,2306000
2020-08-31,65.56999969482422,67.37000274658203,65.43000030517578,66.08000183105469,2999300
2020-08-28,65.52999877929689,67.62000274658203,64.80000305175781,66.20999908447266,9113100
2020-08-27,62.599998474121094,63.18000030517578,61.47000122070313,62.43000030517578,3742000
2020-08-26,61.81999969482422,62.27000045776367,60.84000015258789,62.13000106811523,2077800
2020-08-25,61.56000137329102,61.9000015258789,60.45000076293945,60.63999938964844,1358900
2020-08-24,61.9000015258789,62.20000076293945,61.15999984741211,61.56000137329102,1279000
2020-08-21,59.349998474121094,60.68000030517578,59.31000137329102,60.459999084472656,2215500
2020-08-20,59.7599983215332,59.959999084472656,59.31999969482422,59.65999984741211,966300
2020-08-19,60.31999969482422,60.68000030517578,59.72000122070313,59.849998474121094,1811000
2020-08-18,59.61999893188477,60.36000061035156,59.61999893188477,60.02000045776367,826800
2020-08-17,60.20000076293945,60.68999862670898,59.63999938964844,59.68999862670898,948600
2020-08-14,59.77999877929688,60.349998474121094,59.58000183105469,59.90999984741211,1084500
2020-08-13,61.209999084472656,61.61999893188477,59.5,59.56000137329102,2711800
2020-08-12,62.099998474121094,62.290000915527344,61.29999923706055,61.83000183105469,990900
2020-08-11,62.2400016784668,63.18999862670898,61.38000106811523,61.540000915527344,2081900
2020-08-10,61.16999816894531,62.06000137329102,60.959999084472656,61.83000183105469,1567200
2020-08-07,60.77000045776367,60.90999984741211,60.04999923706055,60.79999923706055,1050600
2020-08-06,60.2599983215332,61.2400016784668,59.90999984741211,60.95000076293945,1888600
2020-08-05,60.75,61.16999816894531,60.36999893188477,60.61000061035156,1153500
2020-08-04,60.45000076293945,60.65999984741211,59.81000137329102,60.31999969482422,1690400
2020-08-03,59.90999984741211,60.84000015258789,59.36999893188477,60.47999954223633,1686300
2020-07-31,59.63999938964844,59.91999816894531,58.5,59.83000183105469,1733900
2020-07-30,59.09000015258789,59.5,58.11000061035156,59.15999984741211,1860700
2020-07-29,59.43000030517578,60.209999084472656,59.18999862670898,59.68999862670898,1790400
2020-07-28,60.63999938964844,60.93000030517578,59.22999954223633,59.36999893188477,1663000
2020-07-27,60.849998474121094,61.34000015258789,60.45000076293945,60.959999084472656,1419000
2020-07-24,60.6500015258789,61.209999084472656,60.22999954223633,60.79999923706055,1286500
2020-07-23,61.7599983215332,62.88999938964844,60.91999816894531,61.52000045776367,2143200
2020-07-22,61.34000015258789,62.5099983215332,61.18999862670898,61.7599983215332,2886700
2020-07-21,61.70000076293945,62.5,61.04999923706055,61.06000137329102,2764900
2020-07-20,60.29999923706055,61.849998474121094,60.18000030517578,61.45000076293945,3104100
2020-07-17,58.7599983215332,60.63999938964844,57.93999862670898,60.36999893188477,5674100
2020-07-16,58.61999893188477,61.63000106811523,58.54999923706055,59.099998474121094,25350200
2020-07-15,52.68999862670898,53.38999938964844,52.15999984741211,52.68000030517578,1949400
2020-07-14,51.349998474121094,52.56000137329102,51.08000183105469,52.5,1333200
2020-07-13,53.5,53.68999862670898,51.75,51.77000045776367,2103400
2020-07-10,53.5,53.68999862670898,52.91999816894531,53.43000030517578,1158200
2020-07-09,54.4000015258789,54.4000015258789,53.0,53.68999862670898,1392300
2020-07-08,53.18999862670898,54.1500015258789,52.9000015258789,54.1500015258789,2070600
2020-07-07,53.61000061035156,53.95000076293945,52.88000106811523,52.95000076293945,1814500
2020-07-06,54.5,54.66999816894531,53.7599983215332,54.06000137329102,1707200
2020-07-02,55.15999984741211,55.7400016784668,53.72000122070313,53.75,1860900
2020-07-01,55.06000137329102,55.56999969482422,54.06999969482422,54.27999877929688,2786000
2020-06-30,53.81999969482422,55.22999954223633,53.41999816894531,54.93999862670898,3064000
2020-06-29,52.66999816894531,53.91999816894531,51.81999969482422,53.7599983215332,3944600
2020-06-26,51.209999084472656,52.91999816894531,50.79999923706055,52.25,5094100
2020-06-25,52.43000030517578,52.540000915527344,50.77999877929688,51.599998474121094,3751000
2020-06-24,54.849998474121094,54.9000015258789,51.709999084472656,53.099998474121094,15953600
2020-06-23,48.83000183105469,49.52000045776367,48.34000015258789,49.0099983215332,5178400
2020-06-22,48.61000061035156,49.2599983215332,47.84000015258789,48.290000915527344,1822100
2020-06-19,48.34000015258789,49.52000045776367,48.06000137329102,48.91999816894531,3071200
2020-06-18,47.2400016784668,47.540000915527344,46.72999954223633,47.41999816894531,2274400
2020-06-17,47.77000045776367,48.61999893188477,47.47000122070313,47.52000045776367,2080200
2020-06-16,48.52000045776367,48.70000076293945,47.13000106811523,47.68000030517578,1601600
2020-06-15,45.79999923706055,47.40999984741211,45.61999893188477,47.06000137329102,2197800
2020-06-12,48.36999893188477,48.68000030517578,46.09000015258789,46.9000015258789,1918400
2020-06-11,47.9900016784668,48.25,46.45000076293945,46.59000015258789,3114900
2020-06-10,50.06999969482422,50.22999954223633,48.959999084472656,49.38999938964844,1461500
2020-06-09,51.29999923706055,51.29999923706055,49.88999938964844,50.02999877929688,2397900
2020-06-08,51.0,52.040000915527344,50.79999923706055,51.65999984741211,3606500
2020-06-05,49.43999862670898,51.349998474121094,49.43999862670898,50.52000045776367,4157300
2020-06-04,48.43999862670898,49.2400016784668,48.1500015258789,49.20000076293945,2658800
2020-06-03,49.5,49.56000137329102,48.709999084472656,48.81000137329102,2634900
2020-06-02,49.4000015258789,49.63999938964844,48.61999893188477,49.1500015258789,2954100
2020-06-01,49.2400016784668,49.79999923706055,48.27999877929688,49.36999893188477,3815600
2020-05-29,49.0,50.0,48.0,49.63999938964844,11885200
2020-05-28,45.27000045776367,46.18999862670898,45.2400016784668,45.58000183105469,4329400
2020-05-27,45.0,45.56999969482422,43.68000030517578,45.56999969482422,2868600
2020-05-26,44.77999877929688,45.099998474121094,44.38999938964844,44.459999084472656,1942200
2020-05-22,43.400001525878906,43.79999923706055,41.88999938964844,43.06999969482422,2746300
2020-05-21,44.68999862670898,45.040000915527344,43.540000915527344,44.38999938964844,1762300
2020-05-20,44.41999816894531,44.959999084472656,43.7599983215332,44.65999984741211,2100600
2020-05-19,43.59000015258789,44.93999862670898,43.59000015258789,44.040000915527344,2155900
2020-05-18,42.86999893188477,44.38000106811523,42.54999923706055,43.77999877929688,1857800
2020-05-15,41.15999984741211,42.2599983215332,40.56999969482422,42.09000015258789,1555800
2020-05-14,40.15999984741211,41.900001525878906,39.29999923706055,41.86000061035156,1653700
2020-05-13,42.349998474121094,42.70000076293945,40.349998474121094,41.02999877929688,2175100
2020-05-12,43.540000915527344,43.790000915527344,42.25,42.25,2170200
2020-05-11,43.2599983215332,43.77000045776367,42.52999877929688,43.36999893188477,1592600
2020-05-08,42.400001525878906,43.79999923706055,42.2599983215332,43.650001525878906,2100200
2020-05-07,41.060001373291016,41.83000183105469,40.86000061035156,41.75,1119800
2020-05-06,40.599998474121094,41.13000106811523,40.209999084472656,40.4900016784668,1148100
2020-05-05,41.0,41.65999984741211,40.150001525878906,40.18999862670898,1089600
2020-05-04,39.66999816894531,40.56999969482422,38.790000915527344,40.54999923706055,1274500
2020-05-01,41.59000015258789,41.9900016784668,39.77999877929688,40.0,1876800
2020-04-30,43.0,43.43000030517578,42.34000015258789,42.68999862670898,1739600
2020-04-29,41.540000915527344,43.66999816894531,41.400001525878906,43.38999938964844,3334700
2020-04-28,40.9900016784668,41.36000061035156,40.20000076293945,40.84000015258789,2563100
2020-04-27,40.15999984741211,40.61000061035156,40.0099983215332,40.18999862670898,1527800
2020-04-24,39.33000183105469,39.97999954223633,38.5,39.68999862670898,1770800
2020-04-23,39.209999084472656,39.77999877929688,38.70000076293945,38.90999984741211,1442400
2020-04-22,38.29999923706055,39.20000076293945,37.88999938964844,38.75,3861100
2020-04-21,39.93000030517578,40.150001525878906,37.20000076293945,37.400001525878906,3554200
2020-04-20,40.34000015258789,41.7599983215332,40.150001525878906,40.959999084472656,2062600
2020-04-17,42.150001525878906,42.27000045776367,41.0,41.5099983215332,3242500
2020-04-16,40.7400016784668,41.18999862670898,39.86999893188477,41.099998474121094,1541900
2020-04-15,40.02999877929688,40.86000061035156,39.599998474121094,40.45000076293945,2087900
2020-04-14,41.18999862670898,42.349998474121094,40.79999923706055,41.34000015258789,2536300
2020-04-13,40.65999984741211,41.31999969482422,39.91999816894531,40.459999084472656,1740500
2020-04-09,41.66999816894531,42.75,41.13999938964844,41.560001373291016,4231200
2020-04-08,38.79999923706055,40.68999862670898,38.599998474121094,40.38000106811523,3406000
2020-04-07,39.91999816894531,40.77999877929688,38.150001525878906,38.36999893188477,3652000
2020-04-06,38.47000122070313,39.13999938964844,37.90999984741211,38.90999984741211,3273000
2020-04-03,36.97000122070313,37.68000030517578,35.529998779296875,36.43999862670898,2070400
2020-04-02,36.58000183105469,38.04999923706055,36.16999816894531,37.13999938964844,1973800
2020-04-01,37.75,38.86000061035156,36.5099983215332,36.900001525878906,2466400
2020-03-31,39.459999084472656,41.0,38.88999938964844,39.54999923706055,1771800
2020-03-30,39.709999084472656,41.16999816894531,38.77999877929688,39.79999923706055,3511900
2020-03-27,40.22999954223633,40.9900016784668,38.27000045776367,38.75,3198300
2020-03-26,39.93999862670898,42.900001525878906,39.5,42.540000915527344,3202200
2020-03-25,39.36999893188477,42.400001525878906,38.16999816894531,39.34000015258789,3745200
2020-03-24,36.459999084472656,38.86000061035156,34.529998779296875,38.849998474121094,3590600
2020-03-23,33.0,35.72999954223633,31.53000068664551,33.939998626708984,3720400
2020-03-20,32.84000015258789,36.88999938964844,32.02000045776367,32.490001678466804,6851900
2020-03-19,29.0,32.709999084472656,28.18000030517578,31.959999084472656,4255600
2020-03-18,29.0,30.149999618530273,25.51000022888184,28.8700008392334,4595900
2020-03-17,32.810001373291016,33.459999084472656,30.239999771118164,31.31999969482422,5056400
2020-03-16,29.18000030517578,34.310001373291016,29.18000030517578,32.209999084472656,5119300
2020-03-13,35.18000030517578,35.95000076293945,33.139999389648445,35.95000076293945,4887500
2020-03-12,33.97999954223633,34.919998168945305,32.310001373291016,32.740001678466804,6756000
2020-03-11,37.63999938964844,38.54999923706055,36.56999969482422,36.93999862670898,4757700
2020-03-10,37.70000076293945,39.38000106811523,35.5,39.13999938964844,5040000
2020-03-09,36.47999954223633,36.79999923706055,35.459999084472656,36.25,5555400
2020-03-06,39.0,40.88000106811523,38.61999893188477,39.61999893188477,4257900
2020-03-05,42.02999877929688,42.560001373291016,40.4900016784668,40.849998474121094,3618400
2020-03-04,42.4900016784668,43.38000106811523,41.18999862670898,43.38000106811523,3045300
2020-03-03,42.66999816894531,43.709999084472656,41.40999984741211,41.77999877929688,4671300
2020-03-02,40.72000122070313,42.4900016784668,39.400001525878906,42.38999938964844,4008500
2020-02-28,41.20000076293945,43.11000061035156,39.20000076293945,40.459999084472656,8619200
2020-02-27,44.52999877929688,45.540000915527344,42.900001525878906,43.560001373291016,5600600
2020-02-26,46.72000122070313,47.34000015258789,45.29999923706055,45.93000030517578,3472500
2020-02-25,49.04999923706055,49.20000076293945,46.16999816894531,46.22000122070313,3446300
2020-02-24,49.77000045776367,49.86999893188477,47.41999816894531,48.31000137329102,3682600
2020-02-21,52.70000076293945,52.81000137329102,51.209999084472656,51.72000122070313,2231700
2020-02-20,53.34000015258789,53.4000015258789,52.290000915527344,52.95000076293945,2691700
2020-02-19,52.9000015258789,53.59000015258789,52.75,53.34000015258789,2794100
2020-02-18,52.29999923706055,52.95000076293945,51.88000106811523,52.77000045776367,2605100
2020-02-14,52.95000076293945,53.54999923706055,52.63000106811523,52.88000106811523,2107600
2020-02-13,51.95000076293945,52.83000183105469,51.43000030517578,52.54999923706055,3426500
2020-02-12,52.72999954223633,53.52000045776367,52.58000183105469,53.29999923706055,3484100
2020-02-11,52.099998474121094,53.099998474121094,52.0,52.2599983215332,4402400
2020-02-10,51.0,52.16999816894531,50.56000137329102,52.11000061035156,2700000
2020-02-07,52.5,52.5,51.0,51.61999893188477,4722800
2020-02-06,51.15999984741211,52.93000030517578,51.06000137329102,52.849998474121094,3335800
2020-02-05,51.47999954223633,52.38999938964844,50.599998474121094,50.790000915527344,3719000
2020-02-04,50.0,51.47999954223633,49.43999862670898,51.02999877929688,2962800
2020-02-03,48.790000915527344,49.4000015258789,48.61000061035156,49.18000030517578,1654900
2020-01-31,49.13000106811523,49.25,48.1500015258789,48.77000045776367,2345600
2020-01-30,48.4000015258789,49.47000122070313,48.15999984741211,49.38000106811523,2403800
2020-01-29,48.95000076293945,49.20000076293945,48.540000915527344,48.95000076293945,1413500
2020-01-28,48.5099983215332,49.20000076293945,48.349998474121094,48.68000030517578,2141600
2020-01-27,48.65999984741211,48.88999938964844,47.97000122070313,48.1500015258789,3113600
2020-01-24,50.54999923706055,51.040000915527344,49.52999877929688,49.97999954223633,2001100
2020-01-23,50.02000045776367,50.47000122070313,49.36999893188477,50.36999893188477,1108900
2020-01-22,49.5,50.11999893188477,49.5,49.93999862670898,1371100
2020-01-21,50.1500015258789,50.16999816894531,48.9000015258789,49.290000915527344,2735500
2020-01-17,51.5,51.5,50.04999923706055,50.34000015258789,3295700
2020-01-16,51.0099983215332,51.72999954223633,50.68999862670898,51.34000015258789,2253400
2020-01-15,50.709999084472656,51.13999938964844,50.4000015258789,50.599998474121094,1979800
2020-01-14,49.83000183105469,51.52999877929688,49.81000137329102,50.86000061035156,3322600
2020-01-13,49.68999862670898,49.9900016784668,48.68000030517578,49.83000183105469,3414300
2020-01-10,49.61999893188477,49.93999862670898,49.40999984741211,49.5099983215332,2466100
2020-01-09,50.20000076293945,50.2599983215332,49.02000045776367,49.61999893188477,3628400
2020-01-08,49.5,50.040000915527344,49.1500015258789,50.0,3514600
2020-01-07,51.040000915527344,51.31000137329102,49.56999969482422,49.79999923706055,3109900
2020-01-06,50.09000015258789,51.290000915527344,50.09000015258789,51.08000183105469,2525800
2020-01-03,51.4000015258789,51.97999954223633,50.41999816894531,50.56999969482422,2254000
2020-01-02,52.06000137329102,52.61999893188477,51.54999923706055,52.290000915527344,2168400
2019-12-31,50.79999923706055,51.9000015258789,50.54999923706055,51.38999938964844,1653900
2019-12-30,50.88000106811523,51.56000137329102,50.5,50.90999984741211,1329200
2019-12-27,52.20000076293945,52.20000076293945,50.70000076293945,50.97999954223633,1575100
2019-12-26,51.2599983215332,52.27999877929688,51.11000061035156,52.0099983215332,1538000
2019-12-24,50.45000076293945,51.33000183105469,50.25,50.83000183105469,958900
2019-12-23,49.65999984741211,51.18000030517578,49.61999893188477,50.459999084472656,1628600
2019-12-20,50.29999923706055,50.54999923706055,49.5099983215332,49.61999893188477,2704500
2019-12-19,50.06000137329102,50.33000183105469,49.77999877929688,49.88999938964844,1518000
2019-12-18,50.0,50.59000015258789,49.61999893188477,50.0,2302800
2019-12-17,49.72000122070313,50.209999084472656,49.56000137329102,49.93000030517578,2366600
2019-12-16,49.9900016784668,50.1500015258789,49.27000045776367,49.4900016784668,3364800
2019-12-13,49.43000030517578,50.08000183105469,49.02999877929688,49.349998474121094,2642000
2019-12-12,47.31999969482422,49.65999984741211,47.08000183105469,49.5,2641600
2019-12-11,47.31999969482422,47.75,46.9000015258789,47.709999084472656,2216400
2019-12-10,47.40999984741211,47.97999954223633,47.13000106811523,47.36000061035156,3099600
2019-12-09,46.81999969482422,47.97000122070313,46.45000076293945,47.6500015258789,3776500
2019-12-06,47.5,48.70000076293945,47.02999877929688,47.11999893188477,3008500
2019-12-05,47.61000061035156,47.72999954223633,46.61999893188477,47.34000015258789,2064100
2019-12-04,47.9000015258789,48.099998474121094,47.540000915527344,47.68000030517578,2094700
2019-12-03,46.79999923706055,47.4900016784668,46.43000030517578,47.4000015258789,3914000
2019-12-02,48.349998474121094,48.66999816894531,47.33000183105469,47.72000122070313,3726300
2019-11-29,50.29999923706055,50.459999084472656,48.43999862670898,48.4900016784668,3235100
2019-11-27,51.04999923706055,52.15999984741211,49.75,50.31999969482422,13123600
2019-11-26,55.66999816894531,55.93999862670898,53.1500015258789,53.18999862670898,4422600
2019-11-25,54.0,55.61000061035156,54.0,55.06000137329102,1897900
2019-11-22,53.70000076293945,54.0,53.0,53.61000061035156,1444900
2019-11-21,55.2400016784668,55.599998474121094,53.68999862670898,53.709999084472656,1608400
2019-11-20,55.81999969482422,56.27999877929688,54.93999862670898,55.27000045776367,1435500
2019-11-19,55.65999984741211,56.68000030517578,55.27999877929688,56.209999084472656,1425000
2019-11-18,55.6500015258789,55.88999938964844,55.06999969482422,55.56999969482422,979100
2019-11-15,55.6500015258789,55.849998474121094,55.15999984741211,55.63999938964844,1418800
2019-11-14,54.4000015258789,56.18999862670898,54.16999816894531,55.04999923706055,1701500
2019-11-13,55.0,55.4000015258789,54.540000915527344,54.77999877929688,1100800
2019-11-12,54.790000915527344,55.77999877929688,54.6500015258789,55.43000030517578,2769100
2019-11-11,53.81999969482422,54.86999893188477,53.6500015258789,54.52000045776367,928000
2019-11-08,54.36000061035156,54.59000015258789,53.54999923706055,54.31000137329102,994600
2019-11-07,54.77000045776367,54.95000076293945,54.13000106811523,54.31000137329102,1474000
2019-11-06,55.0,55.0,53.70000076293945,54.33000183105469,1414600
2019-11-05,53.90999984741211,54.849998474121094,53.540000915527344,54.43000030517578,2067500
2019-11-04,53.849998474121094,54.13000106811523,53.47999954223633,53.84000015258789,1003500
2019-11-01,53.18000030517578,53.38999938964844,52.790000915527344,53.2400016784668,1215900
2019-10-31,53.6500015258789,53.79999923706055,52.11000061035156,52.88999938964844,1537100
2019-10-30,53.209999084472656,54.1500015258789,52.72999954223633,53.75,1627400
2019-10-29,51.6500015258789,53.27000045776367,51.56000137329102,53.25,2648800
2019-10-28,51.93000030517578,52.45000076293945,51.47000122070313,51.59000015258789,1579900
2019-10-25,51.11000061035156,52.31999969482422,50.95000076293945,51.68000030517578,1616800
2019-10-24,50.65999984741211,51.25,49.93000030517578,51.0099983215332,1529900
2019-10-23,49.88999938964844,50.40999984741211,49.2599983215332,50.29999923706055,1251500
2019-10-22,50.31000137329102,50.63000106811523,49.77999877929688,49.97999954223633,1038400
2019-10-21,49.9000015258789,50.5099983215332,49.59000015258789,49.9900016784668,1202100
2019-10-18,50.36000061035156,50.43999862670898,49.5,49.86999893188477,1728400
2019-10-17,50.84000015258789,51.25,50.31000137329102,50.36999893188477,1006500
2019-10-16,50.91999816894531,50.93000030517578,50.16999816894531,50.540000915527344,1003600
2019-10-15,50.5,51.7400016784668,50.349998474121094,51.13000106811523,1044700
2019-10-14,50.25,50.75,50.11000061035156,50.68000030517578,786200
2019-10-11,49.86999893188477,51.38000106811523,49.77000045776367,50.29999923706055,1528000
2019-10-10,49.40999984741211,49.59000015258789,48.88999938964844,49.0,2264400
2019-10-09,49.13999938964844,49.72999954223633,48.75,49.459999084472656,1320800
2019-10-08,50.18999862670898,50.36999893188477,48.790000915527344,48.81000137329102,1529200
2019-10-07,50.099998474121094,51.06999969482422,49.9900016784668,50.52000045776367,1588900
2019-10-04,51.22999954223633,51.5,50.20000076293945,50.27000045776367,1937600
2019-10-03,50.81000137329102,51.36999893188477,49.38999938964844,51.06000137329102,1348600
2019-10-02,51.5,51.5099983215332,50.15999984741211,50.77999877929688,1593300
2019-10-01,52.13000106811523,52.88999938964844,51.4000015258789,51.63999938964844,1935700
2019-09-30,50.95000076293945,52.02999877929688,50.86999893188477,51.86000061035156,1327700
2019-09-27,52.41999816894531,52.88000106811523,50.38999938964844,50.95000076293945,2220700
2019-09-26,53.0,53.0,51.31999969482422,52.1500015258789,3072100
2019-09-25,52.18999862670898,54.02000045776367,52.04999923706055,53.7400016784668,3069500
2019-09-24,53.06000137329102,53.6500015258789,51.65999984741211,52.20000076293945,3348200
2019-09-23,51.81000137329102,53.0,51.02000045776367,52.93999862670898,2484900
2019-09-20,53.18999862670898,53.34000015258789,51.709999084472656,51.849998474121094,3042300
2019-09-19,52.7599983215332,53.6500015258789,52.56000137329102,53.040000915527344,2499700
2019-09-18,53.93000030517578,53.93000030517578,52.0099983215332,52.79999923706055,1905500
2019-09-17,54.0,54.099998474121094,53.11000061035156,53.849998474121094,1430100
2019-09-16,53.0,54.54999923706055,52.88000106811523,54.099998474121094,1531200
2019-09-13,54.04999923706055,54.6500015258789,53.43999862670898,53.5099983215332,1411700
2019-09-12,55.54999923706055,55.93000030517578,54.04999923706055,54.1500015258789,2868600
2019-09-11,55.11999893188477,55.5,54.70000076293945,55.29999923706055,2998600
2019-09-10,53.88000106811523,55.849998474121094,53.25,55.47999954223633,3192300
2019-09-09,54.0,54.45000076293945,53.13999938964844,54.290000915527344,3633200
2019-09-06,53.0,53.790000915527344,52.2599983215332,53.36000061035156,3462400
2019-09-05,51.56000137329102,53.5,51.11000061035156,52.91999816894531,4559000
2019-09-04,51.5,51.88000106811523,50.27000045776367,51.20000076293945,2793400
2019-09-03,51.02999877929688,51.88000106811523,50.599998474121094,51.06999969482422,4175300
2019-08-30,50.849998474121094,53.20000076293945,49.6500015258789,51.52999877929688,16009600
2019-08-29,45.75,46.93000030517578,45.6500015258789,46.77000045776367,3275000
2019-08-28,45.52000045776367,45.61999893188477,44.349998474121094,45.29999923706055,1886800
2019-08-27,46.95000076293945,47.16999816894531,45.27000045776367,45.599998474121094,1952400
2019-08-26,46.0,47.08000183105469,45.95000076293945,46.40999984741211,2040900
2019-08-23,47.75,47.93999862670898,45.72999954223633,45.81000137329102,3670700
2019-08-22,49.43000030517578,49.56000137329102,48.41999816894531,49.040000915527344,1619800
2019-08-21,48.66999816894531,49.7400016784668,48.54999923706055,48.97999954223633,1389500
2019-08-20,48.72000122070313,49.29999923706055,48.18999862670898,48.47000122070313,1842700
2019-08-19,49.31000137329102,49.63000106811523,48.77999877929688,49.04999923706055,2006700
2019-08-16,47.38999938964844,49.18999862670898,47.25,48.43000030517578,2488200
2019-08-15,48.13999938964844,48.36999893188477,46.2400016784668,46.9000015258789,2902900
2019-08-14,48.68999862670898,48.9900016784668,46.959999084472656,48.599998474121094,4116900
2019-08-13,49.25,50.90999984741211,48.72000122070313,49.52000045776367,3558000
2019-08-12,50.04999923706055,50.2400016784668,49.18000030517578,49.5099983215332,1435300
2019-08-09,51.290000915527344,51.290000915527344,49.79999923706055,50.43000030517578,1278100
2019-08-08,50.61999893188477,52.040000915527344,50.61999893188477,51.33000183105469,2424500
2019-08-07,49.88999938964844,50.58000183105469,49.27000045776367,50.38000106811523,1851800
2019-08-06,50.90999984741211,51.52000045776367,49.45000076293945,50.77000045776367,3671800
2019-08-05,51.0099983215332,51.09000015258789,48.27999877929688,50.41999816894531,5672900
2019-08-02,54.849998474121094,55.5,51.45000076293945,52.40999984741211,10527200
2019-08-01,57.93999862670898,59.1500015258789,57.29999923706055,57.68999862670898,2519300
2019-07-31,57.27999877929688,57.9900016784668,56.56999969482422,57.7400016784668,2731600
2019-07-30,55.72999954223633,57.38999938964844,55.47999954223633,57.22999954223633,2043300
2019-07-29,55.81999969482422,56.2400016784668,54.45000076293945,55.97000122070313,1942700
2019-07-26,55.13000106811523,55.4900016784668,54.790000915527344,55.27999877929688,1656700
2019-07-25,56.31999969482422,56.65999984741211,54.77000045776367,55.06999969482422,1872200
2019-07-24,55.16999816894531,56.33000183105469,55.16999816894531,56.22000122070313,1450000
2019-07-23,56.70000076293945,56.70000076293945,54.63999938964844,55.459999084472656,2300600
2019-07-22,57.06000137329102,57.38000106811523,56.38999938964844,56.41999816894531,1657300
2019-07-19,57.95000076293945,59.16999816894531,56.599998474121094,56.79999923706055,2994700
2019-07-18,56.2400016784668,57.790000915527344,55.7599983215332,57.38999938964844,2211400
2019-07-17,56.0,56.52000045776367,55.36999893188477,56.5,1801500
2019-07-16,55.52000045776367,56.9900016784668,55.13000106811523,56.0099983215332,3607900
2019-07-15,54.0,55.27999877929688,53.95000076293945,55.22000122070313,4029900
2019-07-12,53.849998474121094,54.33000183105469,53.22999954223633,53.77999877929688,3657900
2019-07-11,52.2599983215332,53.47999954223633,52.16999816894531,53.47999954223633,2988000
2019-07-10,51.52999877929688,53.0,51.13999938964844,52.290000915527344,4608300
2019-07-09,50.959999084472656,51.33000183105469,50.63000106811523,51.099998474121094,2685500
2019-07-08,51.79999923706055,52.08000183105469,50.97999954223633,51.290000915527344,3000100
2019-07-05,52.13000106811523,52.6500015258789,51.790000915527344,52.36999893188477,2093700
2019-07-03,51.86999893188477,52.959999084472656,51.22999954223633,52.91999816894531,2605400
2019-07-02,51.22000122070313,52.18999862670898,50.599998474121094,52.18000030517578,2521000
2019-07-01,52.209999084472656,52.2400016784668,51.2400016784668,51.56000137329102,3539500
2019-06-28,52.65999984741211,52.7599983215332,50.6500015258789,50.79999923706055,7041900
2019-06-27,52.45000076293945,52.86000061035156,50.56999969482422,52.209999084472656,4849800
2019-06-26,52.959999084472656,53.75,52.77999877929688,53.22999954223633,965800
2019-06-25,53.29999923706055,53.86999893188477,52.20000076293945,52.31000137329102,2297100
2019-06-24,53.9900016784668,54.29999923706055,53.06000137329102,53.29999923706055,1816900
2019-06-21,54.06999969482422,54.61000061035156,53.5,53.9900016784668,2521000
2019-06-20,55.0,57.2599983215332,53.31999969482422,54.40999984741211,2503500
2019-06-19,52.0099983215332,53.54999923706055,51.54999923706055,53.41999816894531,2112300
2019-06-18,51.20000076293945,52.6500015258789,50.90999984741211,51.5099983215332,2276200
2019-06-17,51.4900016784668,51.66999816894531,50.56999969482422,50.63000106811523,1671800
2019-06-14,52.95000076293945,53.5099983215332,50.7599983215332,51.31999969482422,1842100
2019-06-13,52.9900016784668,54.02000045776367,52.52000045776367,53.83000183105469,2066800
2019-06-12,54.209999084472656,54.91999816894531,52.95000076293945,53.02999877929688,1280800
2019-06-11,54.47000122070313,54.88999938964844,53.59000015258789,54.34000015258789,1776700
2019-06-10,54.81000137329102,55.52999877929688,54.02999877929688,54.20000076293945,1854800
2019-06-07,53.4000015258789,55.1500015258789,53.0099983215332,54.29999923706055,2291200
2019-06-06,54.95000076293945,55.02999877929688,52.11999893188477,53.22999954223633,3874500
2019-06-05,57.790000915527344,58.04999923706055,53.7599983215332,54.5,3744700
2019-06-04,56.9900016784668,57.7599983215332,55.93000030517578,57.68000030517578,2573500
2019-06-03,59.4000015258789,59.52999877929688,55.45000076293945,55.86000061035156,3226400
2019-05-31,60.65999984741211,62.15999984741211,57.11000061035156,59.54999923706055,7917000
2019-05-30,66.51999664306639,67.30999755859375,65.51999664306639,66.41000366210939,2084700
2019-05-29,65.77999877929689,66.22000122070311,64.69999694824219,66.19999694824219,2412400
2019-05-28,66.18000030517578,67.87000274658203,66.0,66.41000366210939,1789600
2019-05-24,66.01999664306639,67.19000244140625,65.30000305175781,66.12000274658203,1893400
2019-05-23,67.63999938964844,67.63999938964844,64.55000305175781,65.69999694824219,3143700
2019-05-22,70.26000213623047,70.38999938964844,68.66999816894531,69.0,1567300
2019-05-21,68.91999816894531,70.15000152587889,68.41999816894531,69.65000152587889,1176900
2019-05-20,68.58999633789061,68.95999908447266,67.08000183105469,68.0,1343200
2019-05-17,68.98999786376953,70.55000305175781,68.51000213623047,69.43000030517578,1489300
2019-05-16,68.05000305175781,70.23000335693361,67.91000366210939,69.80000305175781,1034900
2019-05-15,65.66000366210939,68.26999664306639,65.5,67.90000152587889,1039700
2019-05-14,64.26000213623047,66.73000335693361,64.09999847412111,66.15000152587889,992600
2019-05-13,65.08999633789061,65.90000152587889,63.70000076293945,64.04000091552734,2626100
2019-05-10,66.76999664306639,67.38999938964844,65.55000305175781,67.16000366210939,715700
2019-05-09,66.05000305175781,67.29000091552734,65.65000152587889,67.08999633789061,1386900
2019-05-08,67.04000091552734,67.30000305175781,66.51000213623047,67.09999847412111,1024900
2019-05-07,67.55000305175781,68.27999877929689,66.22000122070311,67.48999786376953,1419300
2019-05-06,67.23999786376953,68.51000213623047,67.08999633789061,68.19000244140625,674700
2019-05-03,68.73000335693361,69.30000305175781,68.25,68.69999694824219,942800
2019-05-02,68.44000244140625,68.94999694824219,66.44000244140625,68.13999938964844,1964500
2019-05-01,67.90000152587889,69.19999694824219,67.41000366210939,68.58000183105469,2084500
2019-04-30,65.65000152587889,67.5,65.65000152587889,67.41000366210939,1209200
2019-04-29,65.40000152587889,65.77999877929689,65.01999664306639,65.55000305175781,1241300
2019-04-26,66.05999755859375,66.65000152587889,64.77999877929689,65.36000061035156,1529700
2019-04-25,66.19999694824219,67.20999908447266,65.62000274658203,67.0,1617200
2019-04-24,64.98000335693361,66.44999694824219,64.76000213623047,66.25,1549900
2019-04-23,63.22000122070313,65.23999786376953,63.09000015258789,65.0,1540500
2019-04-22,62.77999877929688,63.25,62.52000045776367,63.25,1080700
2019-04-18,62.7400016784668,62.9900016784668,61.91999816894531,62.849998474121094,1047600
2019-04-17,63.11000061035156,63.5,62.5099983215332,62.75,1033800
2019-04-16,64.36000061035156,64.44999694824219,62.68000030517578,62.790000915527344,1125600
2019-04-15,63.599998474121094,63.97000122070313,63.06999969482422,63.88000106811523,1161200
2019-04-12,64.04000091552734,64.58000183105469,63.16999816894531,63.5099983215332,1205500
2019-04-11,63.47000122070313,63.86999893188477,62.7599983215332,63.86000061035156,1947900
2019-04-10,61.77999877929688,63.63000106811523,61.7400016784668,63.290000915527344,1678200
2019-04-09,62.290000915527344,62.4000015258789,61.31000137329102,61.72999954223633,1282600
2019-04-08,62.15999984741211,62.65999984741211,61.459999084472656,62.4900016784668,1336800
2019-04-05,60.43999862670898,62.38999938964844,60.43999862670898,62.20000076293945,2204600
2019-04-04,61.52000045776367,61.59000015258789,59.22000122070313,60.34000015258789,2160000
2019-04-03,61.2599983215332,61.6500015258789,60.6500015258789,61.59000015258789,2100200
2019-04-02,60.209999084472656,61.31000137329102,59.7400016784668,61.27000045776367,2355600
2019-04-01,59.77999877929688,60.43999862670898,59.52000045776367,60.43000030517578,1785800
2019-03-29,57.22000122070313,58.790000915527344,57.1500015258789,58.68999862670898,1899100
2019-03-28,57.459999084472656,57.88999938964844,56.65999984741211,56.91999816894531,1724900
2019-03-27,59.0099983215332,59.88999938964844,57.43000030517578,57.540000915527344,1839200
2019-03-26,57.91999816894531,58.97999954223633,57.38000106811523,58.88999938964844,1788100
2019-03-25,59.5,59.5,57.11999893188477,57.290000915527344,1880300
2019-03-22,59.9000015258789,61.16999816894531,59.5099983215332,59.54999923706055,1505500
2019-03-21,59.4900016784668,60.93999862670898,59.4000015258789,60.709999084472656,1650800
2019-03-20,60.38000106811523,60.7599983215332,59.25,59.63000106811523,2600600
2019-03-19,61.0,61.18000030517578,60.31999969482422,60.43999862670898,2018100
2019-03-18,60.349998474121094,61.15999984741211,59.7400016784668,60.4900016784668,2664300
2019-03-15,57.93000030517578,60.27000045776367,57.9000015258789,60.22999954223633,5696300
2019-03-14,56.0,58.0,55.68999862670898,57.18000030517578,3869000
2019-03-13,55.1500015258789,55.56000137329102,54.7599983215332,54.95000076293945,2069900
2019-03-12,54.2400016784668,55.45000076293945,54.18000030517578,54.70000076293945,2481500
2019-03-11,52.4000015258789,54.22999954223633,52.2599983215332,54.1500015258789,1782500
2019-03-08,52.58000183105469,52.790000915527344,51.58000183105469,52.349998474121094,1914200
2019-03-07,53.61999893188477,54.40999984741211,52.81999969482422,53.13000106811523,1851100
2019-03-06,54.81999969482422,54.81999969482422,52.849998474121094,53.72999954223633,2515300
2019-03-05,55.25,55.84000015258789,54.459999084472656,55.11999893188477,2788800
2019-03-04,57.06999969482422,57.13999938964844,54.5,55.34000015258789,2978200
2019-03-01,57.68000030517578,58.9900016784668,56.18999862670898,56.6500015258789,3514800
2019-02-28,56.20000076293945,56.5,55.16999816894531,55.81999969482422,4132100
2019-02-27,56.540000915527344,56.79999923706055,56.18999862670898,56.25,1690800
2019-02-26,56.29999923706055,57.11000061035156,55.61999893188477,56.72999954223633,2341200
2019-02-25,56.459999084472656,56.90999984741211,56.31000137329102,56.63999938964844,2337600
2019-02-22,55.83000183105469,56.18000030517578,55.54999923706055,56.18000030517578,1847300
2019-02-21,55.56000137329102,56.08000183105469,55.27999877929688,55.540000915527344,1943300
2019-02-20,55.27000045776367,55.79999923706055,54.63000106811523,55.540000915527344,1382100
2019-02-19,55.09000015258789,55.47999954223633,54.54999923706055,55.040000915527344,1257400
2019-02-15,54.790000915527344,55.88999938964844,54.0,55.0,2295800
2019-02-14,53.68000030517578,54.59000015258789,53.52000045776367,54.38000106811523,2599100
2019-02-13,53.9000015258789,54.61999893188477,53.38000106811523,53.95000076293945,1776100
2019-02-12,52.41999816894531,53.790000915527344,52.209999084472656,53.599998474121094,3379000
2019-02-11,51.86999893188477,52.06999969482422,51.04999923706055,52.02000045776367,2720100
2019-02-08,50.04999923706055,51.59000015258789,49.6500015258789,51.4900016784668,1793800
2019-02-07,50.599998474121094,50.81000137329102,49.77999877929688,50.43999862670898,1782400
2019-02-06,51.1500015258789,51.90999984741211,50.84000015258789,50.93999862670898,2836200
2019-02-05,51.27000045776367,51.599998474121094,50.63999938964844,51.06999969482422,2754700
2019-02-04,50.0099983215332,51.81000137329102,50.0099983215332,50.83000183105469,3190400
2019-02-01,48.97999954223633,49.75,48.5,49.6500015258789,1816200
2019-01-31,47.83000183105469,49.5,47.709999084472656,48.59000015258789,3741100
2019-01-30,47.349998474121094,48.0,47.15999984741211,48.0,3981600
2019-01-29,47.099998474121094,47.33000183105469,46.5,46.849998474121094,3558700
2019-01-28,45.9000015258789,47.38999938964844,45.61999893188477,46.9000015258789,5951200
2019-01-25,45.22999954223633,46.0,45.22000122070313,45.90999984741211,2618200
2019-01-24,44.90999984741211,45.13999938964844,44.209999084472656,44.959999084472656,3551900
2019-01-23,45.18000030517578,45.88999938964844,44.41999816894531,44.61999893188477,3151600
2019-01-22,43.88000106811523,44.650001525878906,43.310001373291016,44.060001373291016,3170900
2019-01-18,43.77999877929688,43.790000915527344,43.11000061035156,43.349998474121094,3256500
2019-01-17,42.709999084472656,43.72000122070313,42.56999969482422,43.709999084472656,3542400
2019-01-16,42.79999923706055,43.209999084472656,42.02000045776367,42.61999893188477,2457800
2019-01-15,43.04999923706055,43.70000076293945,42.47999954223633,43.0099983215332,2828800
2019-01-14,44.06999969482422,44.25,42.7599983215332,42.79999923706055,3665700
2019-01-11,44.95000076293945,45.72000122070313,44.400001525878906,44.47000122070313,2699900
2019-01-10,46.93999862670898,47.38999938964844,44.900001525878906,45.18999862670898,3563500
2019-01-09,47.06999969482422,47.38999938964844,46.77999877929688,46.93999862670898,3299500
2019-01-08,47.13999938964844,47.81999969482422,46.38999938964844,46.86999893188477,7286300
2019-01-07,45.93000030517578,47.38000106811523,45.52999877929688,46.31999969482422,4925800
2019-01-04,45.65999984741211,46.959999084472656,44.86000061035156,46.02000045776367,8906800
2019-01-03,46.56000137329102,47.0,44.77999877929688,45.13000106811523,6902600
2019-01-02,48.22999954223633,49.099998474121094,46.06000137329102,47.11999893188477,6108700
2018-12-31,45.5,48.86999893188477,45.5,48.86999893188477,5818500
2018-12-28,46.0,46.5,44.77000045776367,45.43000030517578,4501300
2018-12-27,44.6013298034668,45.18272399902344,43.881507873535156,44.29678726196289,3467300
2018-12-26,43.87042999267578,44.95016479492188,43.66555786132813,44.92248153686523,2836100
2018-12-24,45.12735366821289,45.70321273803711,41.58361053466797,44.57364273071289,3756200
2018-12-21,57.29789733886719,57.5415267944336,55.54263687133789,56.88261413574219,15194400
2018-12-20,58.189369201660156,58.4939079284668,56.6445198059082,57.25913619995117,10987800
2018-12-19,58.69324493408203,59.19158172607422,57.92358779907226,58.05647659301758,10930200
2018-12-18,58.41638946533203,58.964561462402344,58.08416366577149,58.61572647094727,10356100
2018-12-17,58.47175979614258,58.54374313354492,58.03432846069336,58.18383026123047,8284400
2018-12-14,58.08416366577149,58.643409729003906,58.08416366577149,58.57696533203125,7095000
2018-12-13,58.25027847290039,58.68217086791992,57.956809997558594,58.41638946533203,6851600
2018-12-12,58.80398559570313,58.826133728027344,58.00110626220703,58.14507293701172,7212200
2018-12-11,58.30564880371094,58.69324493408203,57.54706573486328,57.99003219604492,7337500
2018-12-10,57.71871566772461,58.03986740112305,56.92691040039063,57.64673233032226,6236400
2018-12-07,58.33333206176758,58.59357833862305,57.3089714050293,57.5858268737793,6578700
2018-12-06,57.50276947021485,58.5215950012207,57.28128433227539,58.47729873657226,8668800
2018-12-04,58.13953399658203,58.34440612792969,57.25913619995117,57.84053039550781,6375900
2018-12-03,58.881507873535156,59.08084106445313,57.99003219604492,58.43300247192383,6424600
2018-11-30,59.24695587158203,59.29125213623047,57.90143966674805,58.40531539916992,11128700
2018-11-29,58.47729873657226,59.15835952758789,58.13953399658203,58.69324493408203,5877800
2018-11-28,58.33887100219727,59.16943359375,57.9678840637207,59.02547073364258,7001800
2018-11-27,58.30564880371094,58.3997802734375,57.84053039550781,57.95127487182617,3224600
2018-11-26,58.10077667236328,58.5215950012207,58.08970260620117,58.48837280273438,7039700
2018-11-23,56.6445198059082,57.912513732910156,56.63898086547852,57.5415267944336,3166000
2018-11-21,57.09856033325195,57.27021026611328,56.37319946289063,57.02657699584961,3044000
2018-11-20,56.55038833618164,57.15946960449219,56.28460693359375,56.83277893066406,5566900
2018-11-19,57.84053039550781,58.07862854003906,56.86600112915039,57.19822692871094,8313700
2018-11-16,58.28903579711914,58.3831672668457,57.80730819702149,57.8460693359375,8098600
2018-11-15,59.04208374023438,59.36877059936523,57.86267852783203,58.17275619506836,25505900
2018-11-14,57.14285659790039,58.72093200683594,55.9523811340332,58.5215950012207,10980800
2018-11-13,54.69546127319336,57.364341735839844,54.34662246704102,56.24031066894531,7859100
2018-11-12,54.28017807006836,54.82281112670898,53.233665466308594,54.54042053222656,2502200
2018-11-09,54.4462890625,54.7397575378418,53.58803939819336,54.29125213623047,2432600
2018-11-08,54.20819473266602,55.03876113891602,53.9091911315918,54.77297973632813,1782500
2018-11-07,52.60243606567383,54.59579086303711,52.2923583984375,54.1860466003418,4673700
2018-11-06,50.72536087036133,51.34551620483398,50.44850540161133,50.99667739868164,890500
2018-11-05,50.75304412841797,50.86378860473633,49.59579086303711,50.78073120117188,1941800
2018-11-02,50.74750900268555,50.85824966430664,49.56256866455078,50.487266540527344,1399600
2018-11-01,50.32669067382813,51.18494033813477,50.110740661621094,50.47618865966797,3505000
2018-10-31,49.72868347167969,50.49834060668945,49.72868347167969,50.04983520507813,2300800
2018-10-30,48.17275619506836,49.18050765991211,48.04540252685547,49.102989196777344,1902200
2018-10-29,49.77851486206055,50.38206100463867,47.48062133789063,48.03986740112305,2205600
2018-10-26,49.307861328125,49.91694259643555,48.72646713256836,48.98670959472656,2948100
2018-10-25,50.24363327026367,50.73643493652344,49.750831604003906,50.30453872680664,2189700
2018-10-24,51.26245880126953,51.41196060180664,49.750831604003906,49.750831604003906,4276200
2018-10-23,51.77740859985352,51.97120666503906,50.83610153198242,51.42303466796875,2476200
2018-10-22,52.17607879638672,52.82392120361328,51.83277893066406,52.44186019897461,2650400
2018-10-19,52.42525100708008,52.74086380004883,51.68327713012695,51.92691040039063,3492800
2018-10-18,52.59136199951172,52.75193786621094,52.07087326049805,52.320045471191406,3124500
2018-10-17,53.11738586425781,53.15614700317383,52.18715286254883,52.65780639648438,2306400
2018-10-16,52.8294563293457,53.30010986328125,52.48615646362305,52.9678840637207,2765700
2018-10-15,53.15614700317383,53.67663192749024,52.34772872924805,52.60243606567383,4747600
2018-10-12,51.66112899780274,52.38648986816406,51.26245880126953,52.32558059692383,3063300
2018-10-11,51.2015495300293,51.6002197265625,50.32115173339844,50.797340393066406,3628700
2018-10-10,52.4473991394043,52.4473991394043,51.00775146484375,51.2015495300293,4839800
2018-10-09,52.75747680664063,53.20597839355469,51.6334457397461,52.36987686157226,7319800
2018-10-08,53.33333206176758,53.76522827148438,52.53599166870117,52.90697860717773,3729500
2018-10-05,53.80952453613281,54.2026596069336,52.96234893798828,53.687705993652344,4725700
2018-10-04,53.826133728027344,53.826133728027344,53.11185073852539,53.53820419311523,3574600
2018-10-03,53.7707633972168,53.98670959472656,53.15614700317383,53.4939079284668,2591900
2018-10-02,53.56035614013672,53.85935592651367,53.33333206176758,53.57696533203125,3348300
2018-10-01,53.80952453613281,54.17497253417969,53.466224670410156,53.54928207397461,1287600
2018-09-28,53.73200607299805,53.91473007202149,53.46068572998047,53.77630233764648,2388600
2018-09-27,53.43300247192383,53.87042999267578,53.36101913452149,53.84828186035156,2256400
2018-09-26,53.77630233764648,53.86489486694336,53.2613525390625,53.4939079284668,2444000
2018-09-25,53.53820419311523,53.70985794067383,53.29457473754883,53.68217086791992,3067800
2018-09-24,53.10077667236328,53.31118392944336,52.1705436706543,53.26688766479492,5587200
2018-09-21,53.43300247192383,53.43300247192383,52.92358779907226,53.26688766479492,4621000
2018-09-20,53.06755447387695,53.25581359863281,52.71317672729492,53.13399887084961,2280900
2018-09-19,53.42192840576172,53.42192840576172,52.50276947021485,52.85714340209961,2898000
2018-09-18,53.77630233764648,54.41306686401367,53.36101913452149,53.366554260253906,3257800
2018-09-17,54.56256866455078,54.69546127319336,53.7984504699707,53.88704299926758,2287100
2018-09-14,53.95902633666992,54.82835006713867,53.93133926391602,54.62347793579102,2521700
2018-09-13,53.687705993652344,54.08638000488281,53.51605606079102,53.90365600585938,5723900
2018-09-12,53.43300247192383,54.02547073364258,53.20597839355469,53.83720779418945,2604000
2018-09-11,53.43853759765625,53.75415420532226,53.31118392944336,53.54374313354492,1846800
2018-09-10,53.48837280273438,53.70985794067383,53.22813034057617,53.62680053710938,2762600
2018-09-07,52.87929153442383,53.40531539916992,52.71871566772461,53.30010986328125,2021000
2018-09-06,52.9844970703125,53.58803939819336,52.85714340209961,53.08970260620117,2195700
2018-09-05,53.05647659301758,53.48283386230469,52.64673233032226,52.9844970703125,2005900
2018-09-04,53.19490432739258,53.43300247192383,52.66334533691406,53.23920440673828,2633300
2018-08-31,53.3997802734375,53.76522827148438,53.05647659301758,53.25027847290039,1666500
2018-08-30,52.97895812988281,53.67663192749024,52.92912673950195,53.5049819946289,1679700
2018-08-29,52.85714340209961,53.41638946533203,52.78516006469727,53.19490432739258,2540600
2018-08-28,52.918052673339844,52.956809997558594,52.28682327270508,52.74640274047852,2483000
2018-08-27,53.15614700317383,53.20044326782226,52.71317672729492,52.8294563293457,2247900
2018-08-24,52.67441940307617,53.08416366577149,52.36987686157226,52.79069900512695,3742700
2018-08-23,53.06201553344727,53.18383026123047,52.7076416015625,52.774085998535156,4004600
2018-08-22,52.71317672729492,53.11738586425781,52.65780639648438,53.00664520263672,4578500
2018-08-21,52.74086380004883,52.95127487182617,52.55813980102539,52.65780639648438,2497100
2018-08-20,52.63012313842773,52.83499526977539,52.50276947021485,52.61904907226562,2038900
2018-08-17,52.75193786621094,53.08970260620117,52.5415267944336,52.60797500610352,1509400
2018-08-16,52.95127487182617,53.17275619506836,52.52491760253906,52.92358779907226,2704400
2018-08-15,52.2923583984375,52.635658264160156,52.04872512817383,52.42525100708008,2515900
2018-08-14,52.10409927368164,52.5858268737793,51.94905853271485,52.52491760253906,1350100
2018-08-13,52.31450653076172,52.641197204589844,51.8936882019043,52.04872512817383,1578800
2018-08-10,51.95459747314453,52.65780639648438,51.8770751953125,52.34219360351562,1248300
2018-08-09,52.31450653076172,52.69656753540039,52.10963439941406,52.45293426513672,1074000
2018-08-08,51.97120666503906,52.23144912719727,51.73311233520508,52.13178253173828,1440800
2018-08-07,52.06533813476562,52.364341735839844,51.6334457397461,51.88261413574219,1818100
2018-08-06,51.41749572753906,51.91029739379883,51.41749572753906,51.7386474609375,1672100
2018-08-03,51.58361053466797,51.70542526245117,51.15725326538086,51.54484939575195,2012200
2018-08-02,51.218162536621094,51.6445198059082,51.218162536621094,51.51716613769531,1634000
2018-08-01,51.2292366027832,51.71096420288086,51.173866271972656,51.3399772644043,2923300
2018-07-31,51.3399772644043,51.67774200439453,51.0908088684082,51.2292366027832,2753900
2018-07-30,51.70542526245117,51.810630798339844,50.98006820678711,51.33444213867188,3145800
2018-07-27,52.06533813476562,52.23144912719727,51.74418640136719,51.86600112915039,2313800
2018-07-26,51.46179580688477,52.39202499389648,51.44518280029297,52.27021026611328,2848000
2018-07-25,51.6002197265625,51.93798446655274,51.41196060180664,51.93798446655274,943000
2018-07-24,51.98781967163086,52.14285659790039,51.28460693359375,51.55038833618164,2003000
2018-07-23,52.12070846557617,52.1705436706543,51.60575866699219,51.83831787109375,3111000
2018-07-20,52.48062133789063,52.5415267944336,52.20930099487305,52.22591400146485,2342700
2018-07-19,52.51937866210938,52.60243606567383,52.10409927368164,52.458473205566406,2039800
2018-07-18,52.52491760253906,52.67441940307617,52.34772872924805,52.641197204589844,2611400
2018-07-17,52.10409927368164,52.68549346923828,52.087486267089844,52.52491760253906,2534300
2018-07-16,52.72978973388672,52.9678840637207,52.4141731262207,52.48062133789063,2227100
2018-07-13,52.66888046264648,52.78516006469727,52.13178253173828,52.54706573486328,1836700
2018-07-12,52.23698806762695,52.80730819702149,52.14839553833008,52.66888046264648,1865200
2018-07-11,51.77186965942383,52.29789733886719,51.766334533691406,52.09856033325195,2554900
2018-07-10,52.37541580200195,53.23920440673828,51.7829475402832,52.25359725952149,5187000
2018-07-09,52.27574920654297,52.28682327270508,51.38427352905274,51.84385299682617,4536800
2018-07-06,51.94905853271485,52.043190002441406,51.36212539672852,51.68327713012695,2446400
2018-07-05,52.60243606567383,52.60243606567383,51.76079559326172,51.96567153930664,6477500
2018-07-03,51.56146240234375,52.70210266113281,51.45071792602539,52.50830459594727,8479700
2018-07-02,52.4307861328125,52.45293426513672,49.86711120605469,51.05204772949219,29201300
2018-06-29,47.33665466308594,47.9678840637207,46.83277893066406,46.83277893066406,1471300
2018-06-28,46.48394393920898,47.358802795410156,46.24031066894531,47.21483993530274,1972100
2018-06-27,48.050941467285156,48.13399887084961,46.47286987304688,46.51162719726562,1474900
2018-06-26,47.6910285949707,48.08416366577149,47.38095092773438,47.87375259399414,1917000
2018-06-25,49.01993179321289,49.15282440185547,47.12624740600586,47.596900939941406,1591400
2018-06-22,49.14728546142578,49.90033340454102,48.07308959960938,49.15835952758789,5832400
2018-06-21,49.46843719482422,49.64008712768555,48.79291152954102,49.33000946044922,3067100
2018-06-20,49.3355484008789,50.31007766723633,49.3355484008789,49.39091873168945,2202500
2018-06-19,48.95902633666992,49.3355484008789,48.3831672668457,49.28017807006836,1545700
2018-06-18,48.44407653808594,49.61793899536133,48.17275619506836,49.59579086303711,2404500
2018-06-15,48.52713012695313,49.197120666503906,48.25581359863281,48.94241333007813,2714500
2018-06-14,48.80952453613281,49.45736312866211,48.25581359863281,48.67663192749024,2237400
2018-06-13,48.17275619506836,48.97563552856445,47.75193786621094,48.67663192749024,3358000
2018-06-12,48.52713012695313,48.70985794067383,47.75193786621094,48.01218032836914,1695100
2018-06-11,48.89258193969727,48.89258193969727,48.233665466308594,48.52713012695313,1315300
2018-06-08,48.72646713256836,49.102989196777344,48.12845993041992,48.9091911315918,2463500
2018-06-07,48.3831672668457,48.7707633972168,48.00664520263672,48.75968933105469,2611600
2018-06-06,48.02325439453125,48.43853759765625,47.89036560058594,48.366554260253906,3838100
2018-06-05,47.19822692871094,48.04540252685547,46.79402160644531,47.97895812988281,3697700
2018-06-04,47.39202499389648,47.88482666015625,45.9246940612793,47.081947326660156,3840800
2018-06-01,45.68659973144531,47.5526008605957,45.68659973144531,46.98228073120117,6836600
2018-05-31,44.889259338378906,45.01107406616211,44.30232620239258,44.66223526000977,6935200
2018-05-30,44.95570373535156,45.18272399902344,44.25249099731445,44.87264633178711,3495500
2018-05-29,45.29346466064453,45.29346466064453,44.52934646606445,44.6013298034668,2479600
2018-05-25,45.74197006225586,45.91915893554688,45.348838806152344,45.415283203125,1783700
2018-05-24,45.38206100463867,45.897010803222656,45.00553894042969,45.77519226074219,2508300
2018-05-23,44.54042053222656,45.40420913696289,44.19158172607422,45.343299865722656,4074300
2018-05-22,44.42967987060547,44.81727600097656,43.56589126586914,44.72314453125,3281100
2018-05-21,43.80952453613281,44.80066299438477,43.466224670410156,44.55703353881836,6976500
2018-05-18,42.1539306640625,44.651161193847656,42.03765106201172,43.63787460327149,11856900
2018-05-17,40.77519226074219,41.788482666015625,40.77519226074219,41.15171813964844,1647200
2018-05-16,40.97452926635742,41.42303466796875,40.47065353393555,41.09634399414063,1500600
2018-05-15,40.37098693847656,41.11849212646485,40.16057586669922,40.93023300170898,1579700
2018-05-14,41.356590270996094,41.55592346191406,40.42635726928711,40.7862663269043,1538100
2018-05-11,41.33444213867188,41.351051330566406,40.89147186279297,41.15171813964844,1729200
2018-05-10,40.37098693847656,41.7552604675293,40.343299865722656,41.356590270996094,2372900
2018-05-09,40.02214813232422,40.78073120117188,39.90586853027344,40.26578140258789,2751200
2018-05-08,40.15503692626953,40.15503692626953,39.335548400878906,39.87264633178711,2706600
2018-05-07,40.42081832885742,41.02989959716797,40.038761138916016,40.138427734375,1042900
2018-05-04,39.24141693115234,40.72536087036133,39.08084106445313,40.39313507080078,1518600
2018-05-03,39.19158172607422,39.49058532714844,38.27796173095703,39.42414093017578,2534700
2018-05-02,39.46843719482422,39.59025573730469,38.97010040283203,39.14728546142578,2085000
2018-05-01,39.56810760498047,39.91140747070313,39.13067626953125,39.54042053222656,1857100
2018-04-30,40.23255920410156,40.44850540161133,39.31893539428711,39.7397575378418,1943600
2018-04-27,40.58693313598633,40.89147186279297,40.17164993286133,40.210411071777344,1272600
2018-04-26,39.90586853027344,40.55924606323242,39.77297973632813,40.40420913696289,1086600
2018-04-25,39.889259338378906,40.2602424621582,39.26356506347656,39.74529266357422,1209400
2018-04-24,40.63676452636719,40.97452926635742,39.889259338378906,40.10520553588867,2189200
2018-04-23,40.343299865722656,40.58139419555664,40.04983520507813,40.47065353393555,2004600
2018-04-20,40.64230346679688,41.01329040527344,39.80066299438477,40.238094329833984,3461500
2018-04-19,41.67774200439453,41.8936882019043,40.71428680419922,40.91915893554688,1979500
2018-04-18,42.45293426513672,42.58028793334961,41.72203826904297,41.96567153930664,3190800
2018-04-17,41.36212539672852,41.94905853271485,41.068660736083984,41.74418640136719,4311400
2018-04-16,41.63898086547852,41.91583633422852,40.1218147277832,41.16832733154297,4320100
2018-04-13,40.43189239501953,40.63122940063477,39.88372039794922,40.36544799804688,1474000
2018-04-12,39.96677780151367,40.46511459350586,39.86711120605469,40.24363327026367,1122200
2018-04-11,40.177188873291016,40.43189239501953,39.72314453125,39.82835006713867,818800
2018-04-10,40.44850540161133,40.664451599121094,39.900333404541016,40.30453872680664,1318100
2018-04-09,39.59025573730469,40.61461639404297,39.52381134033203,39.81173706054688,1303200
2018-04-06,40.07751846313477,40.37098693847656,39.15835952758789,39.473976135253906,1466400
2018-04-05,40.71428680419922,40.941307067871094,39.95016479492188,40.31561279296875,1387700
2018-04-04,39.70099639892578,40.54817199707031,39.45736312866211,40.40420913696289,1231300
2018-04-03,40.28239059448242,40.526023864746094,39.62901306152344,40.32115173339844,1587600
2018-04-02,40.58693313598633,40.89147186279297,39.23034286499024,40.177188873291016,2077800
2018-03-29,39.961238861083984,40.76411819458008,39.73421859741211,40.5370979309082,2602600
2018-03-28,40.7862663269043,40.89147186279297,39.70099639892578,39.92248153686523,2750300
2018-03-27,41.87154006958008,42.181617736816406,40.54263687133789,40.797340393066406,2164300
2018-03-26,41.173866271972656,41.74418640136719,40.73089599609375,41.6002197265625,2014500
2018-03-23,41.20708847045898,42.220375061035156,40.415283203125,40.49834060668945,3585800
2018-03-22,41.77186965942383,41.89922332763672,41.16832733154297,41.2292366027832,2652600
2018-03-21,43.29457473754883,43.29457473754883,42.02657699584961,42.081947326660156,2113000
2018-03-20,42.918052673339844,43.77630233764648,42.918052673339844,43.32225799560547,1563400
2018-03-19,42.94573593139648,43.2447395324707,42.44186019897461,43.17275619506836,2080300
2018-03-16,43.13399887084961,43.466224670410156,42.956809997558594,43.16722106933594,2218300
2018-03-15,43.189369201660156,43.25581359863281,42.67441940307617,42.97895812988281,2078800
2018-03-14,42.912513732910156,43.2447395324707,42.53599166870117,43.08970260620117,1662700
2018-03-13,43.13953399658203,43.189369201660156,42.46400833129883,42.82392120361328,2565700
2018-03-12,43.57696533203125,43.88704299926758,42.86267852783203,43.06755447387695,2433500
2018-03-09,42.92912673950195,43.54374313354492,42.50830459594727,43.45515060424805,2311300
2018-03-08,42.923587799072266,44.208194732666016,42.646732330322266,42.86821746826172,3589200
2018-03-07,41.60575866699219,42.92912673950195,41.58914566040039,42.80177307128906,3936300
2018-03-06,41.15171813964844,41.97120666503906,41.15171813964844,41.86046600341797,3129200
2018-03-05,40.56478500366211,41.11295700073242,40.0166130065918,40.97452926635742,3404300
2018-03-02,40.33222579956055,41.02436447143555,38.931339263916016,40.7862663269043,4363400
2018-03-01,41.01882553100586,42.86821746826172,39.73421859741211,41.73311233520508,10307900
2018-02-28,40.90254592895508,41.76079559326172,40.84717559814453,41.13510513305664,3525300
2018-02-27,40.22702026367188,40.53156280517578,39.96677780151367,40.27685546875,2019100
2018-02-26,39.93909072875977,40.35991287231445,39.66777420043945,40.08305740356445,1492100
2018-02-23,39.38538360595703,39.94462966918945,39.19158172607422,39.74529266357422,2375200
2018-02-22,38.9368782043457,39.42414093017578,38.6489486694336,39.069766998291016,2852500
2018-02-21,38.75968933105469,39.36877059936523,38.6323356628418,38.71539306640625,2342500
2018-02-20,38.33887100219727,38.81505966186523,38.11185073852539,38.6600227355957,2686200
2018-02-16,38.20597839355469,39.12513732910156,38.07862854003906,38.643409729003906,2158800
2018-02-15,38.98117446899414,39.031005859375,37.86821746826172,38.22259140014648,2280200
2018-02-14,37.60243606567383,38.787376403808594,37.51384353637695,38.68770599365234,3162800
2018-02-13,37.37541580200195,38.073089599609375,37.1539306640625,37.8183822631836,3234900
2018-02-12,37.41971206665039,38.06755447387695,37.11517333984375,37.66888046264648,4135700
2018-02-09,36.84939193725586,37.61351013183594,35.968994140625,37.26467514038086,4668300
2018-02-08,36.96567153930664,37.50276947021485,36.19601440429688,36.33444213867188,6213900
2018-02-07,37.15946960449219,38.189369201660156,36.97120666503906,36.97120666503906,3641900
2018-02-06,36.54484939575195,37.90697860717773,36.16279220581055,37.22591400146485,5635200
2018-02-05,38.84828186035156,39.56256866455078,37.342193603515625,37.41971206665039,5958500
2018-02-02,39.29125213623047,40.06090927124024,38.04540252685547,39.25802993774414,9875500
2018-02-01,39.44075393676758,40.08305740356445,38.6600227355957,38.89811706542969,8460500
2018-01-31,39.24141693115234,40.62569046020508,38.97010040283203,39.70099639892578,10807800
2018-01-30,40.64230346679688,40.71982192993164,38.39424133300781,38.80398559570313,10927900
2018-01-29,46.51162719726562,47.641197204589844,39.98892593383789,41.41749572753906,33350100
2018-01-26,50.62569046020508,51.16279220581055,42.37541580200195,45.8139533996582,64480700
2018-01-25,49.16389846801758,49.39091873168945,48.59911346435547,48.97010040283203,1399800
2018-01-24,49.28017807006836,49.76744079589844,48.59357833862305,48.93133926391602,1430500
2018-01-23,49.09745407104492,49.55703353881836,49.01993179321289,49.34108352661133,1501300
2018-01-22,49.03654479980469,49.52381134033203,48.58250427246094,49.241416931152344,2406600
2018-01-19,48.87596893310547,49.25249099731445,48.7818374633789,48.99778366088867,1553500
2018-01-18,48.76522827148438,49.01439666748047,48.5215950012207,48.94241333007813,1735200
2018-01-17,48.07308959960938,48.97010040283203,47.66888046264648,48.787376403808594,1386100
2018-01-16,48.30010986328125,48.58250427246094,47.5858268737793,47.66888046264648,1252800
2018-01-12,48.10077667236328,48.3554801940918,47.71871566772461,48.03432846069336,2777900
2018-01-11,47.34772872924805,48.08416366577149,47.23144912719727,48.07862854003906,1649700
2018-01-10,46.40088653564453,46.85492706298828,46.173866271972656,46.84939193725586,1225300
2018-01-09,47.34219360351562,47.34219360351562,46.63898086547852,46.66666793823242,1403400
2018-01-08,47.11517333984375,47.32558059692383,46.92691040039063,47.27574920654297,1876400
2018-01-05,47.06533813476562,47.4307861328125,46.95459747314453,47.28682327270508,1254400
2018-01-04,46.18494033813477,47.03765106201172,46.10741806030274,46.94352340698242,2504500
2018-01-03,45.71982192993164,46.52824020385742,45.65891647338867,46.12403106689453,2888500
2018-01-02,45.14396286010742,45.692138671875,45.12735366821289,45.64230346679688,1202000
2017-12-29,45.04983520507813,45.13288879394531,44.70653533935547,45.00553894042969,1593000
2017-12-28,45.03876113891602,45.22148513793945,44.62901306152344,44.86711120605469,2524600
2017-12-27,44.97785186767578,45.30453872680664,44.789588928222656,44.99446105957031,2083000
2017-12-26,45.29346466064453,45.343299865722656,44.91694259643555,45.06090927124024,2712600
2017-12-22,45.60908126831055,45.95791625976562,45.28792953491211,45.44850540161133,1856000
2017-12-21,46.14064407348633,46.30675506591797,45.62569046020508,45.70321273803711,1527600
2017-12-20,46.45625686645508,46.58914566040039,45.79180526733398,46.15171813964844,2864800
2017-12-19,46.77740859985352,46.77740859985352,45.86378860473633,46.14617919921875,4245900
2017-12-18,45.11627960205078,46.93798446655274,44.94462966918945,46.93798446655274,3800100
2017-12-15,44.41860580444336,44.91140747070313,43.94795227050781,44.84496307373047,2869000
2017-12-14,44.74529266357422,44.93909072875977,44.14175033569336,44.16389846801758,1961300
2017-12-13,44.05315780639648,44.72314453125,43.85382080078125,44.40199279785156,2950600
2017-12-12,43.765228271484375,44.29678726196289,43.39424133300781,43.881507873535156,3856500
2017-12-11,42.89036560058594,43.931339263916016,42.6910285949707,43.903656005859375,2195500
2017-12-08,42.5415267944336,43.01771926879883,42.04872512817383,42.774085998535156,5191100
2017-12-07,41.98228073120117,42.619049072265625,41.83831787109375,42.02104187011719,3630700
2017-12-06,40.97452926635742,41.79402160644531,40.83610153198242,41.56146240234375,3967900
2017-12-05,41.29014205932617,41.98228073120117,40.73089599609375,41.234771728515625,3106500
2017-12-04,44.40199279785156,44.43521499633789,41.3399772644043,41.46733093261719,4315000
2017-12-01,42.9678840637207,45.36544799804688,42.80177307128906,44.27463912963867,6995100
2017-11-30,43.4939079284668,43.66555786132813,42.4141731262207,43.32225799560547,15288600
2017-11-29,45.65337753295898,45.65337753295898,42.54706573486328,43.18383026123047,4304700
2017-11-28,45.487266540527344,45.89147186279297,45.39313507080078,45.71428680419922,4107700
2017-11-27,44.91694259643555,45.487266540527344,44.82281112670898,45.35437393188477,2913400
2017-11-24,44.7397575378418,45.066444396972656,44.24695587158203,44.82281112670898,1517000
2017-11-22,45.47065353393555,45.62569046020508,44.67330932617188,44.73421859741211,2676100
2017-11-21,44.99446105957031,45.89147186279297,44.84496307373047,45.53156280517578,3370100
2017-11-20,45.11627960205078,45.53156280517578,44.96677780151367,44.99446105957031,2250000
2017-11-17,44.95016479492188,45.343299865722656,44.789588928222656,45.1218147277832,2021400
2017-11-16,44.71760940551758,45.40420913696289,44.67330932617188,45.03322219848633,2282200
2017-11-15,44.80620193481445,44.92248153686523,44.11960220336914,44.4462890625,2809500
2017-11-14,45.18272399902344,45.36544799804688,45.0166130065918,45.1218147277832,2055200
2017-11-13,45.343299865722656,45.63122940063477,45.09413146972656,45.29900360107422,1906200
2017-11-10,45.22148513793945,45.73643493652344,45.19379806518555,45.72536087036133,1387700
2017-11-09,45.08859252929688,45.50941467285156,44.66223526000977,45.33776473999024,2196000
2017-11-08,45.45404052734375,45.86378860473633,45.33222579956055,45.57585906982422,1543900
2017-11-07,45.27131652832031,45.78073120117188,45.25470733642578,45.66999053955078,1706400
2017-11-06,44.85049819946289,45.53156280517578,44.79512786865234,45.138427734375,2382200
2017-11-03,45.22702026367188,45.32115173339844,44.55149459838867,44.77851486206055,1755400
2017-11-02,45.51494979858398,45.53156280517578,44.972312927246094,45.32669067382813,1901800
2017-11-01,46.13510513305664,46.13510513305664,45.42635726928711,45.62569046020508,2009700
2017-10-31,46.074195861816406,46.13510513305664,45.63676452636719,45.83056640625,3705100
2017-10-30,46.40642166137695,46.44518280029297,45.90808486938477,46.04097366333008,1391100
2017-10-27,46.10188293457031,46.50055313110352,45.88039779663086,46.44518280029297,1754100
2017-10-26,45.81949234008789,46.06866073608398,45.74750900268555,45.941307067871094,1433400
2017-10-25,45.86378860473633,46.15171813964844,45.46511459350586,45.73643493652344,2419300
2017-10-24,45.77519226074219,46.09634399414063,45.69767379760742,46.09634399414063,1869700
2017-10-23,45.63676452636719,46.05204772949219,45.62569046020508,45.797340393066406,2072500
2017-10-20,45.40420913696289,45.68106460571289,45.30453872680664,45.5370979309082,2068200
2017-10-19,45.0,45.26578140258789,44.80620193481445,45.204872131347656,2846900
2017-10-18,44.928016662597656,45.23809432983398,44.90586853027344,45.04429626464844,3984200
2017-10-17,44.933555603027344,45.09966659545898,44.74529266357422,44.84496307373047,1670300
2017-10-16,44.72314453125,45.1218147277832,44.67884826660156,44.90586853027344,2080500
2017-10-13,44.584716796875,44.82835006713867,44.4629020690918,44.67330932617188,1657100
2017-10-12,44.00885772705078,44.55149459838867,43.98670959472656,44.45736312866211,2078700
2017-10-11,43.792911529541016,44.01993179321289,43.67109680175781,43.94241333007813,2131200
2017-10-10,44.042083740234375,44.19158172607422,43.67109680175781,43.787376403808594,1714900
2017-10-09,43.81505966186523,44.031005859375,43.743080139160156,43.88704299926758,1326300
2017-10-06,43.54928207397461,43.77630233764648,43.377628326416016,43.765228271484375,2449400
2017-10-05,43.466224670410156,43.84274673461914,43.327796936035156,43.765228271484375,2435900
2017-10-04,43.34440612792969,43.43300247192383,43.03432846069336,43.31118392944336,2093300
2017-10-03,43.18383026123047,43.56589126586914,43.13399887084961,43.33887100219727,2179800
2017-10-02,42.768550872802734,43.42746353149414,42.76301193237305,43.15614700317383,2588900
2017-09-29,42.80730819702149,42.9678840637207,42.66888046264648,42.75193786621094,2041500
2017-09-28,42.6910285949707,42.82392120361328,42.39756393432617,42.71871566772461,1991600
2017-09-27,42.364341735839844,42.934661865234375,42.364341735839844,42.70210266113281,2340500
2017-09-26,42.358802795410156,42.403099060058594,42.043190002441406,42.14839553833008,4095100
2017-09-25,42.48062133789063,42.60797500610352,41.84939193725586,42.043190002441406,2629300
2017-09-22,42.43632507324219,42.641197204589844,42.32558059692383,42.641197204589844,1595700
2017-09-21,42.403099060058594,42.70210266113281,41.91583633422852,42.4141731262207,1349600
2017-09-20,42.519378662109375,42.71871566772461,42.37541580200195,42.5415267944336,2886500
2017-09-19,42.62458419799805,42.768550872802734,42.29789733886719,42.53599166870117,1699000
2017-09-18,42.5415267944336,42.87375259399414,42.40863800048828,42.5526008605957,1781900
2017-09-15,42.77962493896485,42.86821746826172,42.54706573486328,42.62458419799805,6240800
2017-09-14,42.48062133789063,43.01771926879883,42.403099060058594,42.83499526977539,2820000
2017-09-13,42.22591400146485,42.596900939941406,42.15946960449219,42.48615646362305,2380400
2017-09-12,41.80509567260742,42.23144912719727,41.68327713012695,42.220375061035156,2057700
2017-09-11,41.59468460083008,41.86600112915039,41.45071792602539,41.7829475402832,2712700
2017-09-08,41.18494033813477,41.67220306396485,41.08526992797852,41.11849212646485,2144800
2017-09-07,41.25138473510742,41.71649932861328,41.12957000732422,41.234771728515625,3710200
2017-09-06,41.52824020385742,41.60575866699219,41.3399772644043,41.351051330566406,3790600
2017-09-05,41.17940139770508,41.58361053466797,40.9246940612793,41.41749572753906,2688200
2017-09-01,41.51716613769531,41.56699752807617,41.22369766235352,41.39534759521485,2462400
2017-08-31,41.2292366027832,41.52824020385742,41.13510513305664,41.489479064941406,2223000
2017-08-30,40.47065353393555,41.14064407348633,40.415283203125,41.10188293457031,1830500
2017-08-29,40.07751846313477,40.57585906982422,39.52934646606445,40.387596130371094,1354500
2017-08-28,39.70099639892578,40.50941467285156,39.584716796875,40.31007766723633,1800000
2017-08-25,39.3244743347168,40.19933700561523,39.23034286499024,39.72314453125,4350200
2017-08-24,38.33333206176758,38.82059860229492,38.33333206176758,38.71539306640625,1523700
2017-08-23,37.72978973388672,38.33333206176758,37.72978973388672,38.31672286987305,1547200
2017-08-22,37.67441940307617,38.189369201660156,37.55813980102539,38.04540252685547,1975200
2017-08-21,36.96567153930664,37.20930099487305,36.58914566040039,37.13732147216797,1472200
2017-08-18,36.68327713012695,37.093021392822266,36.5060920715332,36.99335479736328,692200
2017-08-17,37.00442886352539,37.45293426513672,36.7552604675293,36.766334533691406,836100
2017-08-16,36.66666793823242,37.41971206665039,36.63898086547852,37.220375061035156,1059700
2017-08-15,37.519378662109375,37.60797500610352,36.6445198059082,36.661128997802734,1484700
2017-08-14,35.935768127441406,37.73532485961914,35.935768127441406,37.50830459594727,5160200
2017-08-11,34.83942413330078,35.066444396972656,34.73421859741211,34.905868530273445,1422700
2017-08-10,35.38206100463867,35.43743133544922,34.944629669189446,34.97785186767578,869500
2017-08-09,35.35437393188477,35.620155334472656,35.21594619750977,35.503875732421875,950600
2017-08-08,35.55924606323242,35.87486267089844,35.3986701965332,35.68659973144531,938000
2017-08-07,35.5537109375,35.81949234008789,35.415283203125,35.68659973144531,742900
2017-08-04,35.5537109375,35.73643493652344,35.47065353393555,35.653377532958984,792800
2017-08-03,35.26578140258789,35.503875732421875,35.138427734375,35.44296646118164,663500
2017-08-02,35.70874786376953,35.70874786376953,35.121814727783196,35.35437393188477,1347600
2017-08-01,35.73643493652344,35.7862663269043,35.415283203125,35.69767379760742,1040400
2017-07-31,35.43743133544922,35.73643493652344,35.38206100463867,35.58693313598633,1254600
2017-07-28,35.055370330810554,35.348838806152344,34.905868530273445,35.28239059448242,807100
2017-07-27,35.54817199707031,35.54817199707031,34.889259338378906,35.177188873291016,1133000
2017-07-26,35.47065353393555,35.54817199707031,35.27685546875,35.44850540161133,1634200
2017-07-25,35.28792953491211,35.54263687133789,35.049835205078125,35.27685546875,1109200
2017-07-24,35.21594619750977,35.35437393188477,35.11074066162109,35.25470733642578,1038600
2017-07-21,35.40974426269531,35.45957946777344,35.088592529296875,35.23255920410156,1112800
2017-07-20,35.415283203125,35.45404052734375,35.17164993286133,35.40420913696289,1419300
2017-07-19,34.795127868652344,35.26578140258789,34.71760940551758,35.23255920410156,3412600
2017-07-18,34.71207046508789,34.83388519287109,34.540420532226555,34.73421859741211,1474000
2017-07-17,33.942413330078125,34.889259338378906,33.76522827148437,34.83388519287109,2028600
2017-07-14,33.953487396240234,34.053157806396484,33.83167266845703,33.88704299926758,754500
2017-07-13,34.102989196777344,34.18050765991211,33.83167266845703,33.942413330078125,1391500
2017-07-12,34.29125213623047,34.29125213623047,33.942413330078125,34.102989196777344,1856900
2017-07-11,34.02547073364258,34.324474334716804,33.84274673461914,34.064231872558594,1935100
2017-07-10,34.086380004882805,34.16943359375,33.803985595703125,34.053157806396484,1256600
2017-07-07,33.74861526489258,34.186046600341804,33.698780059814446,34.058692932128906,1007000
2017-07-06,33.3997802734375,33.72646713256836,33.316722869873054,33.687705993652344,2381300
2017-07-05,33.377628326416016,33.776302337646484,33.18383026123047,33.665557861328125,1683900
2017-07-03,33.848281860351555,34.313400268554695,33.42192840576172,33.42192840576172,1215200
2017-06-30,33.676631927490234,34.00885772705078,33.660022735595696,33.837207794189446,1419600
2017-06-29,34.490585327148445,34.57918167114258,33.372093200683594,33.665557861328125,3267900
2017-06-28,34.496124267578125,34.82835006713867,34.29125213623047,34.71760940551758,2936000
2017-06-27,35.07751846313477,35.10520553588867,34.29678726196289,34.31893539428711,2991800
2017-06-26,35.32115173339844,35.63122940063477,35.049835205078125,35.132888793945305,1798700
2017-06-23,35.11627960205078,35.62569046020508,35.066444396972656,35.227020263671875,11672300
2017-06-22,35.188262939453125,35.49834060668945,35.060909271240234,35.19379806518555,1537800
2017-06-21,34.73421859741211,35.188262939453125,34.70653533935547,35.060909271240234,1938000
2017-06-20,34.73421859741211,34.811737060546875,34.39645767211914,34.45736312866211,1603300
2017-06-19,34.60686492919922,34.97785186767578,34.496124267578125,34.70099639892578,1418900
2017-06-16,34.24695587158203,34.507198333740234,34.24695587158203,34.39645767211914,3248600
2017-06-15,34.197120666503906,34.28571319580078,33.648948669433594,34.24695587158203,3584100
2017-06-14,35.02214813232422,35.055370330810554,34.15282440185547,34.42414093017578,2060600
2017-06-13,34.53488540649414,34.983386993408196,34.29125213623047,34.784053802490234,3096500
2017-06-12,34.501659393310554,34.678848266601555,34.091915130615234,34.462902069091804,4629500
2017-06-09,35.99114227294922,36.10188293457031,34.252490997314446,34.640087127685554,6723000
2017-06-08,36.91583633422852,37.364341735839844,35.27131652832031,36.04651260375977,6518000
2017-06-07,37.1705436706543,37.58028793334961,37.09856033325195,37.55813980102539,2886300
2017-06-06,36.937984466552734,37.27021026611328,36.68881607055664,37.1705436706543,2661100
2017-06-05,37.72978973388672,37.76301193237305,36.77740859985352,36.88261413574219,4618400
2017-06-02,37.87929153442383,38.22813034057617,36.91029739379883,37.79069900512695,4046100
2017-06-01,38.48283386230469,38.604652404785156,38.050941467285156,38.36101913452149,4430800
2017-05-31,38.233665466308594,38.42192840576172,37.53045272827149,38.42192840576172,16978000
2017-05-30,38.0952377319336,38.39424133300781,37.96234893798828,38.06755447387695,4089800
2017-05-26,37.94573593139648,38.25027847290039,37.82392120361328,38.0952377319336,1580900
2017-05-25,37.80730819702149,38.25027847290039,37.75193786621094,38.01771926879883,3043600
2017-05-24,37.42525100708008,37.71871566772461,37.30343246459961,37.6910285949707,2138800
2017-05-23,37.57474899291992,37.641197204589844,37.09856033325195,37.3089714050293,2558500
2017-05-22,36.22369766235352,37.37541580200195,36.14064407348633,37.3089714050293,4271700
2017-05-19,35.88593673706055,36.351051330566406,35.87486267089844,35.94684219360352,1275000
2017-05-18,35.73089599609375,35.90808486938477,35.415283203125,35.802879333496094,2537600
2017-05-17,36.40642166137695,36.622371673583984,35.91361999511719,35.930233001708984,2074900
2017-05-16,36.77186965942383,37.07641220092773,36.7552604675293,36.84385299682617,2123800
2017-05-15,36.00775146484375,36.85492706298828,35.91361999511719,36.68881607055664,2538800
2017-05-12,36.6002197265625,36.7552604675293,35.96345520019531,35.96345520019531,10793500
2017-05-11,36.81616973876953,36.88814926147461,36.489479064941406,36.6002197265625,2530200
2017-05-10,37.181617736816406,37.33111953735352,36.86046600341797,37.087486267089844,2018700
2017-05-09,37.4307861328125,37.79069900512695,37.12624740600586,37.23144912719727,2254400
2017-05-08,37.31450653076172,37.646732330322266,37.13178253173828,37.4473991394043,3751200
2017-05-05,36.73311233520508,37.3089714050293,36.69435119628906,37.25913619995117,2552400
2017-05-04,36.6445198059082,36.83831787109375,36.4784049987793,36.72203826904297,1585400
2017-05-03,37.00442886352539,37.00442886352539,36.54484939575195,36.63898086547852,1569000
2017-05-02,37.4141731262207,37.5415267944336,36.92691040039063,37.05979919433594,2056400
2017-05-01,37.342193603515625,37.491695404052734,37.12070846557617,37.4141731262207,3122500
2017-04-28,37.35326766967773,37.51384353637695,36.8936882019043,37.15946960449219,1574800
2017-04-27,37.37541580200195,37.42525100708008,37.13178253173828,37.33665466308594,1578400
2017-04-26,36.7386474609375,37.39756393432617,36.7386474609375,37.13178253173828,2752800
2017-04-25,36.904762268066406,37.07087326049805,36.68881607055664,36.7386474609375,3881200
2017-04-24,35.99114227294922,36.67774200439453,35.94684219360352,36.6445198059082,4090200
2017-04-21,36.00775146484375,36.00775146484375,35.55924606323242,35.66999053955078,3021600
2017-04-20,35.74750900268555,36.00775146484375,35.50941467285156,35.935768127441406,1703900
2017-04-19,35.82502746582031,35.82502746582031,35.664451599121094,35.73089599609375,1264700
2017-04-18,35.44850540161133,35.797340393066406,35.30453872680664,35.653377532958984,1505600
2017-04-17,35.415283203125,35.62569046020508,35.415283203125,35.57585906982422,1163200
2017-04-13,35.343299865722656,35.69767379760742,35.27685546875,35.39313507080078,1916300
2017-04-12,35.77519226074219,35.94684219360352,35.28239059448242,35.38206100463867,2330600
2017-04-11,35.9523811340332,36.10188293457031,35.62569046020508,36.05204772949219,2686000
2017-04-10,35.9246940612793,36.13510513305664,35.797340393066406,35.941307067871094,3625500
2017-04-07,35.61461639404297,35.968994140625,35.54817199707031,35.919158935546875,2912500
2017-04-06,35.503875732421875,35.70874786376953,35.35437393188477,35.54817199707031,3422100
2017-04-05,35.68106460571289,35.9523811340332,35.348838806152344,35.44850540161133,3932700
2017-04-04,35.29346466064453,35.76965713500977,35.26578140258789,35.5370979309082,2878900
2017-04-03,35.43189239501953,35.94684219360352,35.182723999023445,35.35437393188477,3086400
2017-03-31,35.415283203125,35.65891647338867,35.28792953491211,35.481727600097656,3183700
2017-03-30,35.38206100463867,36.14617919921875,35.27131652832031,35.43189239501953,4669200
2017-03-29,35.138427734375,35.44296646118164,35.03322219848633,35.38206100463867,2508500
2017-03-28,35.0,35.49834060668945,35.0,35.199337005615234,2609300
2017-03-27,34.75636672973633,35.25470733642578,34.512733459472656,35.088592529296875,1504500
2017-03-24,35.12735366821289,35.49280166625977,34.83388519287109,35.088592529296875,1375000
2017-03-23,34.867111206054695,35.24363327026367,34.623477935791016,34.928016662597656,1442800
2017-03-22,34.584716796875,34.994461059570305,34.518272399902344,34.87264633178711,1316200
2017-03-21,35.57585906982422,35.653377532958984,34.462902069091804,34.57364273071289,2154500
2017-03-20,35.47065353393555,35.59246826171875,35.249168395996094,35.47618865966797,1225300
2017-03-17,35.620155334472656,35.85271453857422,35.42635726928711,35.54263687133789,1682800
2017-03-16,35.326690673828125,35.56478500366211,35.083057403564446,35.43743133544922,2091800
2017-03-15,35.19379806518555,35.49834060668945,35.044296264648445,35.28792953491211,1599700
2017-03-14,35.166114807128906,35.24363327026367,34.795127868652344,35.15503692626953,1568600
2017-03-13,35.049835205078125,35.348838806152344,34.955703735351555,35.16057586669922,2706200
2017-03-10,35.10520553588867,35.343299865722656,34.83388519287109,35.14950180053711,1462300
2017-03-09,35.060909271240234,35.132888793945305,34.71207046508789,34.955703735351555,1678100
2017-03-08,34.961238861083984,35.415283203125,34.916942596435554,35.17164993286133,2246300
2017-03-07,34.72314453125,35.138427734375,34.70653533935547,34.911407470703125,1569900
2017-03-06,34.955703735351555,35.066444396972656,34.584716796875,34.72314453125,2402800
2017-03-03,34.97231292724609,35.12735366821289,34.74529266357422,35.12735366821289,1573000
2017-03-02,35.326690673828125,35.70874786376953,35.10520553588867,35.14396286010742,1276100
2017-03-01,35.15503692626953,35.70874786376953,35.14396286010742,35.481727600097656,2532900
2017-02-28,35.238094329833984,35.415283203125,35.049835205078125,35.15503692626953,2179100
2017-02-27,35.42635726928711,35.5370979309082,35.29900360107422,35.45957946777344,3223800
2017-02-24,35.27131652832031,35.61461639404297,35.16057586669922,35.57032012939453,1550200
2017-02-23,35.930233001708984,35.99114227294922,35.38206100463867,35.503875732421875,1850900
2017-02-22,35.90808486938477,36.14064407348633,35.797340393066406,35.86378860473633,1937200
2017-02-21,35.74197006225586,36.15171813964844,35.74197006225586,36.04651260375977,1839500
2017-02-17,35.99667739868164,36.14064407348633,35.75304412841797,35.76411819458008,2524400
2017-02-16,36.10188293457031,36.42303466796875,35.82502746582031,36.05758666992188,2343800
2017-02-15,35.86932373046875,36.16279220581055,35.8139533996582,36.05758666992188,1196200
2017-02-14,35.85271453857422,36.15171813964844,35.75304412841797,35.90808486938477,2014400
2017-02-13,35.91361999511719,36.33444213867188,35.86932373046875,35.897010803222656,2313800
2017-02-10,36.09634399414063,36.25138473510742,35.7862663269043,35.84164047241211,1870800
2017-02-09,35.9246940612793,36.42303466796875,35.77519226074219,35.99114227294922,1891200
2017-02-08,35.84717559814453,36.04651260375977,35.71428680419922,35.90254592895508,2273000
2017-02-07,35.91361999511719,36.068660736083984,35.68659973144531,35.91361999511719,1662000
2017-02-06,35.45404052734375,35.94684219360352,35.43743133544922,35.7862663269043,2546600
2017-02-03,35.188262939453125,35.791805267333984,35.188262939453125,35.63122940063477,1187800
2017-02-02,34.767440795898445,35.49280166625977,34.629013061523445,35.415283203125,1985800
2017-02-01,34.784053802490234,35.049835205078125,34.44075393676758,34.93909072875977,2618100
2017-01-31,34.38538360595703,34.88372039794922,34.27463912963867,34.878185272216804,2473300
2017-01-30,34.38538360595703,34.640087127685554,34.14728546142578,34.57364273071289,2691100
2017-01-27,34.036544799804695,34.88372039794922,33.88704299926758,34.634552001953125,5428200
2017-01-26,33.355480194091804,33.355480194091804,32.945735931396484,33.00664520263672,2872400
2017-01-25,33.222591400146484,33.40531539916992,32.967884063720696,33.255813598632805,2967200
2017-01-24,32.447399139404304,33.178295135498054,32.32558059692383,33.095237731933594,3639000
2017-01-23,32.691028594970696,32.801773071289055,31.91583633422852,32.27021026611328,1982200
2017-01-20,32.552600860595696,32.929126739501946,32.53599166870117,32.81284713745117,2007100
2017-01-19,32.32004547119141,32.88482666015625,32.16500473022461,32.563674926757805,2318500
2017-01-18,32.00996780395508,32.447399139404304,31.91583633422852,32.4307861328125,1260700
2017-01-17,32.16500473022461,32.65780639648437,31.926910400390625,32.08194732666016,2499800
2017-01-13,31.843852996826172,32.26467514038086,31.83831596374512,32.209300994873054,2994700
2017-01-12,31.672203063964844,31.982280731201172,31.439645767211914,31.91583633422852,1537900
2017-01-11,31.68881416320801,31.92137336730957,31.578073501586914,31.88261413574219,1621700
2017-01-10,31.229236602783203,31.93244743347168,31.19047546386719,31.55592536926269,3007100
2017-01-09,31.24031066894531,31.36212539672852,30.813953399658203,31.27906990051269,2538500
2017-01-06,30.7530460357666,31.53931427001953,30.653377532958984,31.44518280029297,2405200
2017-01-05,30.343299865722656,30.76965713500977,30.343299865722656,30.60354423522949,1498200
2017-01-04,30.29900360107422,30.68659973144531,30.29900360107422,30.454042434692386,3794200
2017-01-03,30.49833869934082,30.59800720214844,29.97785186767578,30.21594619750977,2941900
2016-12-30,30.56478500366211,30.620155334472656,30.315614700317386,30.43743133544922,1453100
2016-12-29,30.49280166625977,30.77519416809082,30.25470733642578,30.59800720214844,1505400
2016-12-28,31.02989959716797,31.12403106689453,30.49280166625977,30.642303466796875,2385000
2016-12-27,31.057586669921875,31.251384735107425,30.957918167114254,31.035436630249023,1816400
2016-12-23,30.76412010192871,31.11849403381348,30.730897903442386,31.057586669921875,1076100
2016-12-22,31.589147567749023,31.589147567749023,30.714284896850586,30.919158935546875,2841700
2016-12-21,31.44518280029297,31.92137336730957,31.26245880126953,31.72203826904297,1925500
2016-12-20,31.33444023132324,31.69435310363769,31.28460693359375,31.589147567749023,2661600
2016-12-19,31.090808868408203,31.40088653564453,30.91362190246582,31.22369956970215,2203600
2016-12-16,31.36212539672852,31.47286796569824,30.88039779663086,31.251384735107425,10792200
2016-12-15,30.177186965942386,31.56146240234375,30.105205535888672,31.428571701049805,6510800
2016-12-14,29.71207046508789,30.155038833618164,29.64008903503418,30.016611099243164,3318100
2016-12-13,29.81727600097656,30.177186965942386,29.72868156433105,29.772979736328125,2218100
2016-12-12,29.900331497192386,30.027685165405273,29.39091873168945,29.84496116638184,2964500
2016-12-09,29.81173896789551,30.177186965942386,29.66777420043945,29.88372039794922,3030100
2016-12-08,29.772979736328125,30.398670196533203,29.51273536682129,29.856035232543945,4194000
2016-12-07,29.46843910217285,29.98892593383789,29.274641036987305,29.84496116638184,4969300
2016-12-06,29.2469539642334,29.623477935791016,29.1860466003418,29.551494598388672,2996500
2016-12-05,29.2469539642334,29.584716796875,29.08637809753418,29.379844665527344,3238600
2016-12-02,28.62126159667969,29.34108543395996,28.25027656555176,29.208194732666016,2416600
2016-12-01,29.65116310119629,29.70653343200684,28.383167266845703,28.72646713256836,4062700
2016-11-30,29.65116310119629,29.73421859741211,29.446290969848636,29.656700134277344,2576000
2016-11-29,28.80398750305176,29.612403869628906,28.80398750305176,29.496124267578125,2418200
2016-11-28,28.79291343688965,29.01439666748047,28.682170867919922,28.87043190002441,1336900
2016-11-25,28.466222763061523,29.025470733642575,28.433000564575195,28.89811706542969,458700
2016-11-23,28.682170867919922,28.98117446899414,28.44961166381836,28.53820610046387,1515900
2016-11-22,29.125139236450195,29.26356506347656,28.543743133544922,28.84274673461914,1447800
2016-11-21,28.73754119873047,29.1860466003418,28.73754119873047,29.03654479980469,1596100
2016-11-18,28.67109680175781,28.98117446899414,28.626798629760746,28.78737449645996,2129200
2016-11-17,28.001108169555664,28.87596893310547,27.96234703063965,28.682170867919922,2902200
2016-11-16,27.613510131835934,28.14507102966309,27.53045463562012,28.0454044342041,2532300
2016-11-15,27.148393630981445,27.86821746826172,27.032115936279297,27.72978973388672,3543500
2016-11-14,27.20930290222168,27.436323165893555,26.78294563293457,27.12624549865723,1776300
2016-11-11,27.24252510070801,27.38095283508301,27.03765296936035,27.21483993530273,1602600
2016-11-10,27.331117630004886,27.713178634643555,26.90476226806641,27.275747299194336,3026400
2016-11-09,26.91583633422852,27.61904716491699,26.832778930664066,27.336654663085934,2960200
2016-11-08,27.41971206665039,27.65226936340332,27.397563934326172,27.5083065032959,1684000
2016-11-07,27.07087516784668,27.68549346923828,27.07087516784668,27.41971206665039,2314500
2016-11-04,26.92137336730957,27.25359916687012,26.854928970336914,26.92137336730957,3196900
2016-11-03,27.109634399414066,27.3698787689209,26.843852996826172,27.00442886352539,2414400
2016-11-02,26.71096420288086,27.18715476989746,26.683277130126953,27.13178253173828,3323500
2016-11-01,27.203765869140625,27.397563934326172,26.716501235961914,26.83831596374512,4038200
2016-10-31,27.13178253173828,27.40310096740723,27.032115936279297,27.18161773681641,6165300
2016-10-28,26.63898086547852,27.225914001464844,26.57253646850586,27.05980110168457,6904300
2016-10-27,27.364341735839844,27.54706573486328,26.60022163391113,26.76079750061035,12710800
2016-10-26,25.94130706787109,26.21816253662109,25.82502746582031,25.86932373046875,2990700
2016-10-25,26.428571701049805,26.544851303100586,25.930233001708984,26.01882553100586,2736200
2016-10-24,26.35658836364746,26.63344383239746,26.28460693359375,26.544851303100586,1835400
2016-10-21,26.27906990051269,26.36766242980957,26.068660736083984,26.15725326538086,1754300
2016-10-20,26.27906990051269,26.48947906494141,26.26245880126953,26.41196060180664,1950800
2016-10-19,26.32890319824219,26.60022163391113,26.312292098999023,26.41749763488769,2256500
2016-10-18,26.32890319824219,26.46733093261719,26.024362564086914,26.40088653564453,2720100
2016-10-17,26.16832733154297,26.389812469482425,26.040973663330078,26.24031066894531,2439500
2016-10-14,26.151716232299805,26.36212539672852,26.01882553100586,26.15725326538086,2763900
2016-10-13,25.96899223327637,26.27353286743164,25.82502746582031,26.096345901489254,2424300
2016-10-12,26.00221443176269,26.27353286743164,25.8914737701416,26.08527183532715,2965800
2016-10-11,26.112957000732425,26.428571701049805,26.00221443176269,26.10188293457031,3166400
2016-10-10,26.616832733154297,26.79955673217773,26.21816253662109,26.312292098999023,2747200
2016-10-07,26.79401969909668,26.83831596374512,26.544851303100586,26.616832733154297,1781600
2016-10-06,26.83831596374512,26.893688201904297,26.56146240234375,26.79401969909668,2604700
2016-10-05,26.43410873413086,27.05426406860352,26.301218032836914,26.83831596374512,3355900
2016-10-04,26.48394203186035,26.578073501586914,26.36766242980957,26.50055313110352,3037500
2016-10-03,26.373201370239254,26.60575866699219,26.35105133056641,26.53931427001953,2709500
2016-09-30,26.456256866455078,26.63344383239746,26.33444023132324,26.46733093261719,3125100
2016-09-29,26.36212539672852,26.53931427001953,26.30675506591797,26.339977264404297,2996500
2016-09-28,26.511627197265625,26.63898086547852,26.317829132080078,26.50055313110352,4061600
2016-09-27,26.456256866455078,26.566999435424805,26.38427543640137,26.46179389953613,4982900
2016-09-26,26.42303466796875,26.61129570007324,26.40088653564453,26.51716423034668,5133500
2016-09-23,26.50609016418457,26.83831596374512,26.478404998779297,26.58361053466797,3775600
2016-09-22,26.84939002990723,26.99335479736328,26.52823829650879,26.594684600830078,8643800
2016-09-21,26.788482666015625,27.13178253173828,26.727575302124023,26.810630798339844,7544500
2016-09-20,26.960132598876953,27.098560333251953,26.672203063964844,26.982280731201172,6082600
2016-09-19,26.71096420288086,27.07087516784668,26.66666603088379,26.998891830444336,8243400
2016-09-16,26.926910400390625,27.12624549865723,26.64451789855957,26.83831596374512,9015000
2016-09-15,26.64451789855957,27.148393630981445,26.589147567749023,27.07087516784668,8721800
2016-09-14,26.79401969909668,26.92137336730957,26.578073501586914,26.77187156677246,8722000
2016-09-13,26.650054931640625,27.48615646362305,26.58361053466797,26.854928970336914,9146300
2016-09-12,26.61129570007324,27.51938056945801,26.41749763488769,27.35326766967773,7090300
2016-09-09,27.59136199951172,27.77962303161621,26.650054931640625,27.17607879638672,13491100
2016-09-08,26.82724189758301,28.17829513549805,26.80509376525879,27.85714340209961,20861200
2016-09-07,24.95570373535156,27.342193603515625,24.92801856994629,26.578073501586914,74965600
2016-09-06,23.94795036315918,25.60908126831055,23.266887664794922,25.166112899780273,28543400
2016-09-02,24.31340026855469,24.31340026855469,23.64341163635254,23.798450469970703,4119100
2016-09-01,26.32890319824219,26.32890319824219,24.08637809753418,24.08637809753418,4585900
2016-08-31,24.77851676940918,24.97231483459473,24.36323356628418,24.739755630493164,4578700
2016-08-30,25.60908126831055,25.885934829711914,24.66777420043945,25.0,2435300
2016-08-29,25.35991096496582,26.024362564086914,25.35991096496582,25.63676643371582,704500
2016-08-26,25.442968368530273,25.442968368530273,25.18826103210449,25.33222579956055,113200
2016-08-25,25.60908126831055,25.60908126831055,24.97231483459473,25.14396476745605,188300
2016-08-24,27.68549346923828,27.68549346923828,24.97231483459473,25.24917030334473,1280200
2016-08-23,24.22480583190918,25.415283203125,24.08637809753418,24.91694259643555,751600
2016-08-22,23.80952453613281,25.24917030334473,23.58803939819336,24.169435501098636,1138300
2016-08-19,23.64341163635254,24.08637809753418,23.615724563598636,24.08637809753418,2400300
2016-08-18,24.36323356628418,24.36323356628418,23.53266906738281,23.67109680175781,895700
2016-08-17,24.08637809753418,24.36323356628418,23.80952453613281,23.80952453613281,137600
