Date,RUB_GBP
2020-10-22,100.2095
2020-10-21,101.0392
2020-10-20,100.5229
2020-10-19,100.6959
2020-10-16,100.7508
2020-10-15,101.0527
2020-10-14,101.0058
2020-10-13,100.1947
2020-10-12,100.7599
2020-10-09,99.6727
2020-10-08,100.197
2020-10-07,100.8711
2020-10-06,101.2053
2020-10-05,101.5025
2020-10-02,101.4914
2020-10-01,99.7135
2020-09-30,100.3033
2020-09-29,101.7022
2020-09-28,101.6637
2020-09-25,99.4599
2020-09-24,98.2957
2020-09-23,97.9559
2020-09-22,96.9595
2020-09-21,97.7602
2020-09-18,97.8435
2020-09-17,97.5576
2020-09-16,97.3369
2020-09-15,96.4334
2020-09-14,96.9156
2020-09-11,95.8252
2020-09-10,96.5608
2020-09-09,98.0093
2020-09-08,99.5999
2020-09-07,99.852
2020-09-04,99.7984
2020-09-03,99.9716
2020-09-02,100.5241
2020-09-01,98.7714
2020-08-28,99.0686
2020-08-27,98.9989
2020-08-26,99.7325
2020-08-25,98.5293
2020-08-24,97.3588
2020-08-21,97.7141
2020-08-20,97.3355
2020-08-19,96.3362
2020-08-18,96.8056
2020-08-17,96.2907
2020-08-14,95.5767
2020-08-13,95.677
2020-08-12,96.1122
2020-08-11,95.5466
2020-08-10,96.2958
2020-08-07,96.2509
2020-08-06,96.4399
2020-08-05,95.7921
2020-08-04,96.4313
2020-08-03,95.7305
2020-07-31,97.4301
2020-07-30,96.0408
2020-07-29,94.0738
2020-07-28,93.9531
2020-07-27,92.4346
2020-07-24,91.7419
2020-07-23,91.0281
2020-07-22,90.4856
2020-07-21,90.1562
2020-07-20,90.3207
2020-07-17,90.1541
2020-07-16,89.6748
2020-07-15,89.5213
2020-07-14,89.181
2020-07-13,89.0479
2020-07-10,89.54
2020-07-09,89.5476
2020-07-08,89.7969
2020-07-07,89.6642
2020-07-06,89.4018
2020-07-03,89.2413
2020-07-02,87.8312
2020-07-01,88.0308
2020-06-30,88.0826
2020-06-29,86.0758
2020-06-26,86.079
2020-06-25,85.9444
2020-06-24,86.3558
2020-06-23,85.9523
2020-06-22,86.3082
2020-06-19,85.8162
2020-06-18,86.4743
2020-06-17,87.4261
2020-06-16,87.6658
2020-06-15,88.0583
2020-06-12,87.4016
2020-06-11,87.8006
2020-06-10,87.8788
2020-06-09,87.1839
2020-06-08,86.9489
2020-06-05,86.9908
2020-06-04,87.3618
2020-06-03,86.4564
2020-06-02,86.3545
2020-06-01,86.7009
2020-05-29,87.3552
2020-05-28,87.0682
2020-05-27,87.0522
2020-05-26,87.3469
2020-05-22,87.57
2020-05-21,86.62
2020-05-20,87.436
2020-05-19,88.5992
2020-05-18,88.6419
2020-05-15,89.4165
2020-05-14,90.2256
2020-05-13,90.1334
2020-05-12,90.1081
2020-05-11,90.9009
2020-05-07,90.9607
2020-05-06,92.1433
2020-05-05,92.1004
2020-05-04,93.5053
2020-05-01,94.9266
2020-04-30,93.2401
2020-04-29,91.0688
2020-04-28,92.4965
2020-04-27,92.4967
2020-04-24,91.9489
2020-04-23,92.1373
2020-04-22,93.775
2020-04-21,94.4659
2020-04-20,92.8646
2020-04-17,92.654
2020-04-16,92.4965
2020-04-15,93.5956
2020-04-14,91.6906
2020-04-09,91.335
2020-04-08,93.5357
2020-04-07,93.0644
2020-04-06,93.4919
2020-04-03,94.4719
2020-04-02,96.2621
2020-04-01,97.6775
2020-03-31,96.9294
2020-03-30,98.97399999999999
2020-03-27,97.8505
2020-03-26,93.52600000000001
2020-03-25,92.8184
2020-03-24,92.7049
2020-03-23,92.2262
2020-03-20,93.4871
2020-03-19,93.1016
2020-03-18,94.3097
2020-03-17,90.3185
2020-03-16,90.72399999999999
2020-03-13,91.2709
2020-03-12,93.7381
2020-03-11,93.1247
2020-03-10,93.1725
2020-03-09,97.3977
2020-03-06,88.8285
2020-03-05,86.5451
2020-03-04,84.7683
2020-03-03,83.8363
2020-03-02,85.1583
2020-02-28,85.8127
2020-02-27,85.2933
2020-02-26,84.1381
2020-02-25,85.1741
2020-02-24,84.60700000000001
2020-02-21,83.2112
2020-02-20,82.54799999999999
2020-02-19,82.4121
2020-02-18,83.4107
2020-02-17,82.5825
2020-02-14,82.7297
2020-02-13,82.8538
2020-02-12,81.9244
2020-02-11,81.9826
2020-02-10,82.8623
2020-02-07,82.8369
2020-02-06,81.9117
2020-02-05,81.6687
2020-02-04,82.0384
2020-02-03,82.7659
2020-01-31,84.2171
2020-01-30,83.1538
2020-01-29,81.4771
2020-01-28,81.0886
2020-01-27,82.2659
2020-01-24,80.9984
2020-01-23,81.3644
2020-01-22,81.5114
2020-01-21,80.7441
2020-01-20,80.0612
2020-01-17,80.1373
2020-01-16,80.5773
2020-01-15,80.2126
2020-01-14,79.9399
2020-01-13,79.5548
2020-01-10,79.6103
2020-01-09,79.9949
2020-01-08,80.6767
2020-01-07,81.3459
2020-01-06,81.3151
2020-01-03,80.9418
2020-01-02,81.4355
2019-12-31,82.1612
2019-12-30,81.2868
2019-12-27,81.3301
2019-12-24,80.3559
2019-12-23,80.4658
2019-12-20,81.2706
2019-12-19,81.2944
2019-12-18,81.8337
2019-12-17,82.0256
2019-12-16,83.2659
2019-12-13,83.9275
2019-12-12,82.3132
2019-12-11,83.7794
2019-12-10,83.6946
2019-12-09,83.7618
2019-12-06,83.4179
2019-12-05,83.944
2019-12-04,83.7452
2019-12-03,83.5158
2019-12-02,82.9587
2019-11-29,83.1351
2019-11-28,82.6805
2019-11-27,82.465
2019-11-26,82.2659
2019-11-25,82.6141
2019-11-22,81.913
2019-11-21,82.3581
2019-11-20,82.4626
2019-11-19,82.5838
2019-11-18,82.6952
2019-11-15,82.1817
2019-11-14,82.3619
2019-11-13,82.5697
2019-11-12,82.3493
2019-11-11,82.2344
2019-11-08,81.6174
2019-11-07,81.6427
2019-11-06,82.234
2019-11-05,81.7441
2019-11-04,81.7306
2019-11-01,82.0993
2019-10-31,82.9008
2019-10-30,82.413
2019-10-29,82.4602
2019-10-28,81.9312
2019-10-25,81.8084
2019-10-24,82.3364
2019-10-23,82.29899999999999
2019-10-22,82.1304
2019-10-21,82.7796
2019-10-18,82.5911
2019-10-17,82.1297
2019-10-16,82.1441
2019-10-15,82.0635
2019-10-14,80.9469
2019-10-11,81.30199999999999
2019-10-10,79.2742
2019-10-09,79.362
2019-10-08,79.6689
2019-10-07,79.9096
2019-10-04,79.4254
2019-10-03,80.9681
2019-10-02,80.2647
2019-10-01,79.851
2019-09-30,79.9414
2019-09-27,79.1653
2019-09-26,79.39399999999999
2019-09-25,79.6341
2019-09-24,79.6535
2019-09-23,79.4867
2019-09-20,79.9376
2019-09-19,79.7452
2019-09-18,80.1253
2019-09-17,80.3349
2019-09-16,79.4445
2019-09-13,80.0119
2019-09-12,80.0013
2019-09-11,80.7467
2019-09-10,80.8322
2019-09-09,80.868
2019-09-06,80.9333
2019-09-05,81.382
2019-09-04,80.6226
2019-09-03,81.0224
2019-09-02,80.3897
2019-08-30,81.1449
2019-08-29,81.3951
2019-08-28,81.4988
2019-08-27,81.6442
2019-08-23,80.6226
2019-08-22,80.5451
2019-08-21,79.9421
2019-08-20,80.8598
2019-08-19,81.1043
2019-08-16,80.6853
2019-08-15,80.2976
2019-08-14,79.6071
2019-08-13,78.6304
2019-08-12,79.264
2019-08-09,79.0213
2019-08-08,79.1214
2019-08-07,79.6021
2019-08-06,79.4262
2019-08-05,79.1462
2019-08-02,79.1287
2019-08-01,77.7467
2019-07-31,77.6678
2019-07-30,77.1895
2019-07-29,77.7068
2019-07-26,78.5589
2019-07-25,78.8201
2019-07-24,78.8149
2019-07-23,78.7279
2019-07-22,78.7911
2019-07-19,78.7453
2019-07-18,78.7199
2019-07-17,78.1295
2019-07-16,78.0037
2019-07-15,78.4608
2019-07-12,79.3001
2019-07-11,78.9138
2019-07-10,79.0107
2019-07-09,79.5854
2019-07-08,79.572
2019-07-05,79.76899999999999
2019-07-04,79.8023
2019-07-03,79.7422
2019-07-02,79.7769
2019-07-01,79.5464
2019-06-28,80.2819
2019-06-27,79.9745
2019-06-26,79.8309
2019-06-25,79.9115
2019-06-24,79.9822
2019-06-21,80.2882
2019-06-20,80.0544
2019-06-19,80.6316
2019-06-18,80.2333
2019-06-17,80.6472
2019-06-14,81.1391
2019-06-13,81.9101
2019-06-12,82.3295
2019-06-11,82.0719
2019-06-10,82.0898
2019-06-07,82.6781
2019-06-06,82.8065
2019-06-05,83.0286
2019-06-04,82.6476
2019-06-03,82.5417
2019-05-31,82.1059
2019-05-30,81.9324
2019-05-29,82.50399999999999
2019-05-28,82.0435
2019-05-24,81.949
2019-05-23,82.098
2019-05-22,81.3972
2019-05-21,82.4045
2019-05-20,82.0961
2019-05-17,82.4112
2019-05-16,82.4905
2019-05-15,83.1048
2019-05-14,84.0155
2019-05-13,84.9173
2019-05-10,85.2456
2019-05-09,85.255
2019-05-08,84.6105
2019-05-07,85.06200000000001
2019-05-03,85.3556
2019-05-02,85.3368
2019-05-01,84.7022
2019-04-30,84.18
2019-04-29,83.3673
2019-04-26,83.8052
2019-04-25,83.492
2019-04-24,83.281
2019-04-23,82.5593
2019-04-18,83.2436
2019-04-17,83.4228
2019-04-16,83.8757
2019-04-15,84.3508
2019-04-12,84.2366
2019-04-11,84.3422
2019-04-10,84.2869
2019-04-09,84.6901
2019-04-08,85.024
2019-04-05,84.9326
2019-04-04,85.6399
2019-04-03,85.8001
2019-04-02,85.3452
2019-04-01,85.9668
2019-03-29,85.5947
2019-03-28,85.1077
2019-03-27,85.6876
2019-03-26,85.0306
2019-03-25,84.5042
2019-03-22,85.585
2019-03-21,83.3731
2019-03-20,84.8351
2019-03-19,85.40700000000001
2019-03-18,85.2227
2019-03-15,86.4061
2019-03-14,86.9871
2019-03-13,86.6236
2019-03-12,86.0538
2019-03-11,86.446
2019-03-08,86.4442
2019-03-07,86.8478
2019-03-06,86.6877
2019-03-05,86.2838
2019-03-04,86.6006
2019-03-01,87.0893
2019-02-28,87.6584
2019-02-27,87.8134
2019-02-26,87.2966
2019-02-25,85.4631
2019-02-22,85.3995
2019-02-21,85.5235
2019-02-20,85.564
2019-02-19,85.9607
2019-02-18,85.6303
2019-02-15,85.5938
2019-02-14,85.8229
2019-02-13,84.7097
2019-02-12,84.5465
2019-02-11,84.7226
2019-02-08,85.1418
2019-02-07,85.5486
2019-02-06,85.2211
2019-02-05,84.8438
2019-02-04,85.8703
2019-02-01,85.8536
2019-01-31,86.0965
2019-01-30,86.1722
2019-01-29,86.8557
2019-01-28,87.0269
2019-01-25,86.9055
2019-01-24,85.7381
2019-01-23,86.4032
2019-01-22,86.1799
2019-01-21,85.5744
2019-01-18,85.3925
2019-01-17,85.9692
2019-01-16,85.4678
2019-01-15,85.7198
2019-01-14,86.5099
2019-01-11,85.8421
2019-01-10,85.65299999999999
2019-01-09,85.305
2019-01-08,85.2671
2019-01-07,85.1669
2019-01-04,86.1093
2019-01-03,86.7084
2019-01-02,86.7241
2018-12-31,89.0191
2018-12-28,88.257
2018-12-27,87.9409
2018-12-24,86.5445
2018-12-21,87.1223
2018-12-20,86.3497
2018-12-19,85.2442
2018-12-18,84.6205
2018-12-17,84.1124
2018-12-14,83.7957
2018-12-13,83.6717
2018-12-12,83.9867
2018-12-11,83.219
2018-12-10,83.4547
2018-12-07,84.4518
2018-12-06,85.5685
2018-12-05,85.0134
2018-12-04,84.6893
2018-12-03,84.9102
2018-11-30,85.4154
2018-11-29,84.4996
2018-11-28,85.9839
2018-11-27,85.3736
2018-11-26,86.0496
2018-11-23,84.87799999999999
2018-11-22,84.3747
2018-11-21,84.2108
2018-11-20,84.6777
2018-11-19,84.6901
2018-11-16,84.7889
2018-11-15,84.78200000000001
2018-11-14,87.2177
2018-11-13,88.4254
2018-11-12,87.1314
2018-11-09,88.0142
2018-11-08,87.2848
2018-11-07,86.9339
2018-11-06,86.3461
2018-11-05,85.9843
2018-11-02,85.65
2018-11-01,85.2586
2018-10-31,83.9651
2018-10-30,83.5319
2018-10-29,84.1235
2018-10-26,84.3814
2018-10-25,84.15700000000001
2018-10-24,84.5355
2018-10-23,85.0632
2018-10-22,84.4445
2018-10-19,85.4546
2018-10-18,85.7523
2018-10-17,86.021
2018-10-16,86.3749
2018-10-15,86.1157
2018-10-12,87.0369
2018-10-11,87.5378
2018-10-10,87.8163
2018-10-09,87.1956
2018-10-08,87.1853
2018-10-05,86.9265
2018-10-04,87.1296
2018-10-03,85.3808
2018-10-02,85.0156
2018-10-01,85.4773
2018-09-28,85.3827
2018-09-27,86.2528
2018-09-26,86.9617
2018-09-25,86.565
2018-09-24,86.4946
2018-09-21,87.1313
2018-09-20,88.2074
2018-09-19,87.8369
2018-09-18,88.6943
2018-09-17,89.5079
2018-09-14,88.8972
2018-09-13,89.7392
2018-09-12,89.6293
2018-09-11,90.7413
2018-09-10,91.6036
2018-09-07,90.1325
2018-09-06,89.5479
2018-09-05,88.5955
2018-09-04,87.4611
2018-09-03,87.685
2018-08-31,87.5532
2018-08-30,88.8306
2018-08-29,88.8759
2018-08-28,87.3793
2018-08-24,86.7272
2018-08-23,87.439
2018-08-22,87.5718
2018-08-21,86.785
2018-08-20,85.72399999999999
2018-08-17,85.9036
2018-08-16,84.9654
2018-08-15,85.5094
2018-08-14,84.7979
2018-08-13,86.6287
2018-08-10,85.8356
2018-08-09,85.3702
2018-08-08,83.1984
2018-08-07,82.1592
2018-08-06,82.3495
2018-08-03,82.2943
2018-08-02,82.6555
2018-08-01,82.4853
2018-07-31,81.8271
2018-07-30,81.9328
2018-07-27,82.3651
2018-07-26,82.7825
2018-07-25,82.9911
2018-07-24,82.50299999999999
2018-07-23,82.6906
2018-07-20,83.2003
2018-07-19,82.5136
2018-07-18,82.2705
2018-07-17,82.2711
2018-07-16,82.5003
2018-07-13,82.0084
2018-07-12,82.1843
2018-07-11,81.9161
2018-07-10,82.4353
2018-07-09,83.1535
2018-07-06,83.6119
2018-07-05,83.447
2018-07-04,83.5621
2018-07-03,83.4522
2018-07-02,83.1228
2018-06-29,82.796
2018-06-28,82.6091
2018-06-27,82.7078
2018-06-26,83.632
2018-06-25,83.3678
2018-06-22,83.5711
2018-06-21,84.5001
2018-06-20,83.82700000000001
2018-06-19,84.1219
2018-06-18,84.2147
2018-06-15,83.7936
2018-06-14,82.9077
2018-06-13,83.4422
2018-06-12,83.9062
2018-06-11,83.8947
2018-06-08,83.6669
2018-06-07,83.4422
2018-06-06,83.2305
2018-06-05,83.1011
2018-06-04,82.6951
2018-06-01,82.8762
2018-05-31,82.9155
2018-05-30,82.6488
2018-05-29,82.9492
2018-05-25,82.7668
2018-05-24,82.2938
2018-05-23,82.1806
2018-05-22,82.0694
2018-05-21,82.7799
2018-05-18,84.1076
2018-05-17,83.4986
2018-05-16,83.8616
2018-05-15,84.3118
2018-05-14,83.9062
2018-05-11,83.6152
2018-05-10,83.477
2018-05-09,85.6098
2018-05-08,85.6298
2018-05-04,85.0861
2018-05-03,86.2542
2018-05-02,87.0778
2018-05-01,86.3153
2018-04-30,86.7165
2018-04-27,85.898
2018-04-26,87.5076
2018-04-25,86.8464
2018-04-24,85.9379
2018-04-23,86.3073
2018-04-20,86.2033
2018-04-19,86.6201
2018-04-18,87.104
2018-04-17,88.0594
2018-04-16,89.2046
2018-04-13,88.3974
2018-04-12,87.9553
2018-04-11,90.7614
2018-04-10,88.7655
2018-04-09,85.0981
2018-04-06,81.7801
2018-04-05,80.7984
2018-04-04,81.1472
2018-04-03,80.8659
2018-03-29,80.6757
2018-03-28,81.373
2018-03-27,81.1866
2018-03-26,81.4776
2018-03-23,80.8453
2018-03-22,80.678
2018-03-21,80.5651
2018-03-20,80.5166
2018-03-19,81.2034
2018-03-16,80.23100000000001
2018-03-15,80.0457
2018-03-14,79.8371
2018-03-13,79.4392
2018-03-12,79.093
2018-03-09,78.6869
2018-03-08,78.9244
2018-03-07,78.9515
2018-03-06,78.7444
2018-03-05,78.6926
2018-03-02,78.7518
2018-03-01,78.0715
2018-02-28,77.5745
2018-02-27,78.0975
2018-02-26,78.0653
2018-02-23,78.811
2018-02-22,78.8409
2018-02-21,79.0947
2018-02-20,79.2144
2018-02-19,78.9527
2018-02-16,79.0628
2018-02-15,79.531
2018-02-14,79.7836
2018-02-13,80.2121
2018-02-12,80.1129
2018-02-09,80.5097
2018-02-08,81.1693
2018-02-07,79.4351
2018-02-06,79.4634
2018-02-05,79.4926
2018-02-02,79.6901
2018-02-01,79.898
2018-01-31,80.0073
2018-01-30,79.5049
2018-01-29,79.2795
2018-01-26,79.7158
2018-01-25,79.7773
2018-01-24,80.01
2018-01-23,79.0362
2018-01-22,79.033
2018-01-19,78.5349
2018-01-18,78.5148
2018-01-17,78.4865
2018-01-16,77.7158
2018-01-15,77.8053
2018-01-12,77.4354
2018-01-11,76.6758
2018-01-10,77.0447
2018-01-09,77.1631
2018-01-08,77.5068
2018-01-05,77.3227
2018-01-04,77.2328
2018-01-03,77.442
2018-01-02,78.1641
2017-12-29,78.1413
2017-12-28,77.3763
2017-12-27,77.4157
2017-12-22,78.0284
2017-12-21,78.1606
2017-12-20,78.6698
2017-12-19,78.5072
2017-12-18,78.4845
2017-12-15,78.2901
2017-12-14,78.9782
2017-12-13,78.5668
2017-12-12,78.8522
2017-12-11,78.9985
2017-12-08,79.2388
2017-12-07,79.3732
2017-12-06,79.1217
2017-12-05,78.9506
2017-12-04,79.4014
2017-12-01,78.9755
2017-11-30,79.0175
2017-11-29,78.3797
2017-11-28,77.3164
2017-11-27,77.7342
2017-11-24,77.9318
2017-11-23,77.7325
2017-11-22,78.0327
2017-11-21,78.2951
2017-11-20,78.8443
2017-11-17,78.3637
2017-11-16,78.7194
2017-11-15,79.3229
2017-11-14,78.8917
2017-11-13,77.9587
2017-11-10,78.1084
2017-11-09,77.6848
2017-11-08,77.5062
2017-11-07,77.7846
2017-11-06,77.2368
2017-11-03,77.2652
2017-11-02,76.2141
2017-11-01,77.1823
2017-10-31,77.4721
2017-10-30,76.3859
2017-10-27,76.3282
2017-10-26,75.9934
2017-10-25,76.4132
2017-10-24,75.5926
2017-10-23,75.7108
2017-10-20,75.8785
2017-10-19,75.6862
2017-10-18,75.5601
2017-10-17,75.6651
2017-10-16,76.0545
2017-10-13,76.0979
2017-10-12,75.9934
2017-10-11,76.3673
2017-10-10,76.5255
2017-10-09,76.766
2017-10-06,75.9649
2017-10-05,75.5083
2017-10-04,76.4403
2017-10-03,76.7475
2017-10-02,76.8382
2017-09-29,77.2501
2017-09-28,77.8878
2017-09-27,77.8429
2017-09-26,77.4742
2017-09-25,77.6139
2017-09-22,77.77
2017-09-21,78.6695
2017-09-20,78.4935
2017-09-19,78.7397
2017-09-18,78.7191
2017-09-15,78.2939
2017-09-14,76.7381
2017-09-13,76.5554
2017-09-12,76.3999
2017-09-11,75.3771
2017-09-08,75.5641
2017-09-07,74.6958
2017-09-06,74.983
2017-09-05,74.6577
2017-09-04,74.8855
2017-09-01,74.5745
2017-08-31,74.8202
2017-08-30,75.4702
2017-08-29,76.1246
2017-08-25,75.7522
2017-08-24,75.7235
2017-08-23,75.5892
2017-08-22,75.7201
2017-08-21,76.1668
2017-08-18,76.3222
2017-08-17,76.3272
2017-08-16,76.3316
2017-08-15,76.9529
2017-08-14,77.3864
2017-08-11,77.7355
2017-08-10,77.8231
2017-08-09,78.0327
2017-08-08,77.6224
2017-08-07,78.209
2017-08-04,78.2004
2017-08-03,79.117
2017-08-02,80.2867
2017-08-01,79.4183
2017-07-31,79.3188
2017-07-28,78.1861
2017-07-27,77.7276
2017-07-26,78.1271
2017-07-25,78.4436
2017-07-24,78.4373
2017-07-21,76.8938
2017-07-20,76.5157
2017-07-19,77.032
2017-07-18,77.0145
2017-07-17,77.4683
2017-07-14,77.5542
2017-07-13,77.6054
2017-07-12,77.5238
2017-07-11,78.0376
2017-07-10,77.5193
2017-07-07,78.0013
2017-07-06,77.5007
2017-07-05,77.8389
2017-07-04,76.6963
2017-07-03,76.8587
2017-06-30,76.9457
2017-06-29,76.7485
2017-06-28,76.8561
2017-06-27,75.3019
2017-06-26,75.4355
2017-06-23,75.8114
2017-06-22,75.9635
2017-06-21,75.3318
2017-06-20,75.2779
2017-06-19,74.3281
2017-06-16,73.8977
2017-06-15,73.7458
2017-06-14,72.9101
2017-06-13,72.4431
2017-06-12,72.1896
2017-06-09,72.6167
2017-06-08,73.7298
2017-06-07,73.7498
2017-06-06,73.0534
2017-06-05,73.2116
2017-06-02,72.9946
2017-06-01,72.8774
2017-05-31,73.2663
2017-05-30,72.8326
2017-05-26,72.7251
2017-05-25,72.9214
2017-05-24,73.0315
2017-05-23,73.0934
2017-05-22,73.7129
2017-05-19,74.3007
2017-05-18,74.7988
2017-05-17,73.8269
2017-05-16,72.8159
2017-05-15,72.8381
2017-05-12,73.7269
2017-05-11,73.512
2017-05-10,74.5487
2017-05-09,75.3489
2017-05-08,75.1969
2017-05-05,75.3731
2017-05-04,74.9975
2017-05-03,73.8274
2017-05-02,73.5956
2017-04-28,73.7434
2017-04-27,73.7905
2017-04-26,73.1324
2017-04-25,72.0475
2017-04-24,71.4397
2017-04-21,72.1517
2017-04-20,72.2242
2017-04-19,72.1527
2017-04-18,71.7187
2017-04-13,70.4551
2017-04-12,71.1709
2017-04-11,71.376
2017-04-10,71.2009
2017-04-07,70.7354
2017-04-06,70.3613
2017-04-05,70.0584
2017-04-04,70.0029
2017-04-03,70.3292
2017-03-31,70.4801
2017-03-30,69.9408
2017-03-29,70.4046
2017-03-28,71.2752
2017-03-27,71.6535
2017-03-24,71.3525
2017-03-23,71.8997
2017-03-22,72.1715
2017-03-21,71.6891
2017-03-20,70.8817
2017-03-17,71.4178
2017-03-16,71.5574
2017-03-15,72.2137
2017-03-14,72.1038
2017-03-13,72.0941
2017-03-10,71.7524
2017-03-09,72.1589
2017-03-08,71.0617
2017-03-07,70.8375
2017-03-06,71.2107
2017-03-03,71.5767
2017-03-02,72.0201
2017-03-01,71.9943
2017-02-28,72.7161
2017-02-27,72.4201
2017-02-24,73.0357
2017-02-23,72.274
2017-02-22,72.1303
2017-02-21,71.9153
2017-02-20,72.3953
2017-02-17,72.42699999999999
2017-02-16,72.0351
2017-02-15,71.3428
2017-02-14,71.6792
2017-02-13,72.6195
2017-02-10,72.9504
2017-02-09,73.7882
2017-02-08,74.1954
2017-02-07,73.5874
2017-02-06,73.3512
2017-02-03,73.6945
2017-02-02,74.7728
2017-02-01,76.0792
2017-01-31,75.6693
2017-01-30,74.9114
2017-01-27,74.8347
2017-01-26,75.9935
2017-01-25,74.4829
2017-01-24,74.1787
2017-01-23,74.2498
2017-01-20,73.78699999999999
2017-01-19,73.6394
2017-01-18,73.2331
2017-01-17,73.5696
2017-01-16,72.1141
2017-01-13,72.8161
2017-01-12,72.4711
2017-01-11,72.9601
2017-01-10,73.1925
2017-01-09,72.9549
2017-01-06,73.214
2017-01-05,73.8728
2017-01-04,74.4868
2017-01-03,74.1443
2016-12-30,75.347
2016-12-29,74.1339
2016-12-28,73.9306
2016-12-23,74.8366
2016-12-22,74.9867
2016-12-21,75.6266
2016-12-20,75.7978
2016-12-19,76.5652
2016-12-16,77.104
2016-12-15,76.813
2016-12-14,77.7149
2016-12-13,76.9792
2016-12-12,77.3069
2016-12-09,78.76100000000001
2016-12-08,79.461
2016-12-07,80.3617
2016-12-06,81.226
2016-12-05,80.7766
2016-12-02,80.883
2016-12-01,80.44
2016-11-30,80.71
2016-11-29,81.8203
2016-11-28,80.499
2016-11-25,80.7751
2016-11-24,80.2426
2016-11-23,80.1781
2016-11-22,79.4822
2016-11-21,79.7463
2016-11-18,79.8594
2016-11-17,80.1715
2016-11-16,80.3871
2016-11-15,80.1802
2016-11-14,82.579
2016-11-11,83.2305
2016-11-10,81.0497
2016-11-09,79.6507
2016-11-08,79.0983
2016-11-07,79.1386
2016-11-04,80.8651
2016-11-03,79.3695
2016-11-02,78.4773
2016-11-01,77.0824
2016-10-31,77.3207
2016-10-28,76.4545
2016-10-27,76.3523
2016-10-26,76.7279
2016-10-25,75.4551
2016-10-24,75.9099
2016-10-21,76.215
2016-10-20,76.5143
2016-10-19,76.4744
2016-10-18,77.4657
2016-10-17,76.6573
2016-10-14,76.8029
2016-10-13,77.2611
2016-10-12,76.7667
2016-10-11,76.5965
2016-10-10,76.7452
2016-10-07,77.3498
2016-10-06,78.7727
2016-10-05,79.5483
2016-10-04,79.6615
2016-10-03,80.0146
2016-09-30,81.888
2016-09-29,81.9622
2016-09-28,82.9809
2016-09-27,83.1372
2016-09-26,82.5808
2016-09-23,82.6367
2016-09-22,83.3757
2016-09-21,83.2691
2016-09-20,83.8411
2016-09-19,84.3037
2016-09-16,85.211
2016-09-15,85.5963
2016-09-14,85.9019
2016-09-13,85.7218
2016-09-12,86.0622
2016-09-09,85.7294
2016-09-08,84.8815
2016-09-07,85.9538
2016-09-06,86.7942
2016-09-05,86.4594
2016-09-02,86.8222
2016-09-01,87.7368
2016-08-31,85.6227
2016-08-30,85.4989
2016-08-26,84.8942
2016-08-25,85.3282
2016-08-24,86.1852
2016-08-23,84.7794
2016-08-22,84.8497
2016-08-19,83.4305
2016-08-18,83.9687
2016-08-17,83.3422
2016-08-16,83.1421
2016-08-15,82.4286
2016-08-12,83.8059
2016-08-11,83.5983
2016-08-10,84.01899999999999
2016-08-09,84.068
2016-08-08,84.271
2016-08-05,85.2301
2016-08-04,86.9255
2016-08-03,88.7349
2016-08-02,88.4499
2016-08-01,87.8199
2016-07-29,87.8971
2016-07-28,87.4762
2016-07-27,86.8606
2016-07-26,86.8542
2016-07-25,85.7021
2016-07-22,84.7674
2016-07-21,84.491
2016-07-20,83.5756
2016-07-19,83.2478
2016-07-18,83.8648
2016-07-15,83.9424
2016-07-14,83.9016
2016-07-13,84.4994
2016-07-12,84.3549
2016-07-11,83.1641
2016-07-08,82.9003
2016-07-07,82.7374
2016-07-06,83.1662
2016-07-05,84.2705
2016-07-04,84.8226
2016-07-01,85.0193
2016-06-30,85.744
2016-06-29,86.0542
2016-06-28,86.1604
2016-06-27,86.0338
2016-06-24,88.368
2016-06-23,95.1847
2016-06-22,94.5769
2016-06-21,94.132
2016-06-20,93.9862
2016-06-17,92.7401
2016-06-16,92.6649
2016-06-15,92.9456
2016-06-14,93.3201
2016-06-13,93.9124
2016-06-10,92.7728
2016-06-09,92.7756
2016-06-08,92.8927
2016-06-07,94.6473
2016-06-06,94.4065
2016-06-03,95.9375
2016-06-02,97.6906
2016-06-01,96.4908
2016-05-31,96.1708
2016-05-27,96.9975
2016-05-26,96.5518
2016-05-25,96.4632
2016-05-24,97.3135
2016-05-23,96.9277
2016-05-20,96.92
2016-05-19,97.9256
2016-05-18,95.4107
2016-05-17,93.5451
2016-05-16,93.5821
2016-05-13,93.6328
2016-05-12,94.4754
2016-05-11,94.3101
2016-05-10,95.8469
2016-05-09,95.6963
2016-05-06,95.0564
2016-05-05,95.3163
2016-05-04,95.8672
2016-05-03,97.0492
2016-04-29,94.7837
2016-04-28,94.0733
2016-04-27,95.7862
2016-04-26,96.3329
2016-04-25,96.1565
2016-04-22,95.2867
2016-04-21,94.6578
2016-04-20,94.6794
2016-04-19,94.3808
2016-04-18,95.0586
2016-04-15,94.4561
2016-04-14,93.2957
2016-04-13,93.2744
2016-04-12,93.7533
2016-04-11,95.2269
2016-04-08,94.5755
2016-04-07,96.2338
2016-04-06,96.1947
2016-04-05,97.9346
2016-04-04,97.445
2016-04-01,96.4509
2016-03-31,96.1522
2016-03-30,97.2767
2016-03-29,98.4226
2016-03-24,97.9968
2016-03-23,96.3362
2016-03-22,95.8671
2016-03-21,97.7262
2016-03-18,98.6045
2016-03-17,98.6769
2016-03-16,99.1019
2016-03-15,100.6512
2016-03-14,101.4266
2016-03-11,100.7561
2016-03-10,101.887
2016-03-09,101.074
2016-03-08,103.6195
2016-03-07,101.8555
2016-03-04,102.7859
2016-03-03,103.6088
2016-03-02,103.3258
2016-03-01,103.0878
2016-02-29,104.5773
2016-02-26,104.712
2016-02-25,106.3564
2016-02-24,106.8885
2016-02-23,107.6437
2016-02-22,106.6528
2016-02-19,110.8611
2016-02-18,108.488
2016-02-17,107.7343
2016-02-16,111.4019
2016-02-15,111.7877
2016-02-12,113.9743
2016-02-11,116.2595
2016-02-10,113.7641
2016-02-09,114.0525
2016-02-08,112.2115
2016-02-05,111.9056
2016-02-04,111.2885
2016-02-03,114.6056
2016-02-02,113.3116
2016-02-01,110.0723
2016-01-29,106.6437
2016-01-28,110.5178
2016-01-27,111.6829
2016-01-26,113.2248
2016-01-25,113.5121
2016-01-22,112.5325
2016-01-21,118.8541
2016-01-20,116.1426
2016-01-19,111.1206
2016-01-18,112.9078
2016-01-15,111.271
2016-01-14,110.0021
2016-01-13,110.1126
2016-01-12,109.9789
2016-01-11,110.4992
2016-01-08,108.5411
2016-01-07,108.5385
2016-01-06,108.8952
2016-01-05,107.4592
2016-01-04,107.2738
2015-12-31,109.4153
2015-12-30,108.5516
2015-12-29,106.7368
2015-12-24,105.208
2015-12-23,104.3622
2015-12-22,105.5436
2015-12-21,106.0441
2015-12-18,105.3084
2015-12-17,105.4873
2015-12-16,105.7177
2015-12-15,105.4489
2015-12-14,106.9608
2015-12-11,106.1895
2015-12-10,104.4447
2015-12-09,104.7558
2015-12-08,103.9665
2015-12-07,103.8525
2015-12-04,102.8775
2015-12-03,102.3708
2015-12-02,99.8947
2015-12-01,100.22399999999999
2015-11-30,99.4175
2015-11-27,99.4476
2015-11-26,99.6841
2015-11-25,98.9048
2015-11-24,99.1522
2015-11-23,99.2064
2015-11-20,98.7066
2015-11-19,98.8516
2015-11-18,98.9095
2015-11-17,99.3016
2015-11-16,101.2283
2015-11-13,101.5199
2015-11-12,100.0791
2015-11-11,98.4835
2015-11-10,97.4312
2015-11-09,97.4542
2015-11-06,97.5331
2015-11-05,96.8299
2015-11-04,96.8038
2015-11-03,96.7077
2015-11-02,98.7739
2015-10-30,98.6249
2015-10-29,98.2563
2015-10-28,97.6459
2015-10-27,99.2535
2015-10-26,96.5055
2015-10-23,95.2288
2015-10-22,96.6424
2015-10-21,97.2294
2015-10-20,95.711
2015-10-19,96.4017
2015-10-16,95.3296
2015-10-15,96.1009
2015-10-14,97.1156
2015-10-13,95.2662
2015-10-12,94.0909
2015-10-09,94.1189
2015-10-08,95.2909
2015-10-07,95.6289
2015-10-06,96.9689
2015-10-05,98.1626
2015-10-02,100.8596
2015-10-01,99.3448
2015-09-30,99.3701
2015-09-29,99.3583
2015-09-28,99.6277
2015-09-25,99.5642
2015-09-24,101.631
2015-09-23,99.9125
2015-09-22,102.1086
2015-09-21,102.5642
2015-09-18,102.6896
2015-09-17,102.1914
2015-09-16,101.3474
2015-09-15,102.7921
2015-09-14,103.6276
2015-09-11,105.0493
2015-09-10,104.6801
2015-09-09,104.6791
2015-09-08,104.927
2015-09-07,104.9683
2015-09-04,102.37899999999999
2015-09-03,101.0226
2015-09-02,103.6361
2015-09-01,101.7381
2015-08-28,100.9218
2015-08-27,101.8846
2015-08-26,108.0115
2015-08-25,108.4875
2015-08-24,111.2283
2015-08-21,107.4551
2015-08-20,105.2475
2015-08-19,103.3244
2015-08-18,103.0183
2015-08-17,101.7991
2015-08-14,100.9461
2015-08-13,101.1246
2015-08-12,100.5383
2015-08-11,100.3578
2015-08-10,98.58
2015-08-07,99.0492
2015-08-06,99.4189
2015-08-05,98.2281
2015-08-04,98.3142
2015-08-03,97.5193
2015-07-31,95.2454
2015-07-30,93.0296
2015-07-29,92.7987
2015-07-28,94.3896
2015-07-27,92.4944
2015-07-24,91.0144
2015-07-23,89.2782
2015-07-22,89.2233
2015-07-21,88.478
2015-07-20,88.70100000000001
2015-07-17,89.2316
2015-07-16,88.2488
2015-07-15,88.7301
2015-07-14,88.053
2015-07-13,88.176
2015-07-10,87.8645
2015-07-09,87.7305
2015-07-08,87.9804
2015-07-07,88.7787
2015-07-06,88.3132
2015-07-03,87.1266
2015-07-02,86.557
2015-07-01,86.8179
2015-06-30,87.6991
2015-06-29,87.26899999999999
2015-06-26,86.6747
2015-06-25,86.0732
2015-06-24,85.5817
2015-06-23,85.1332
2015-06-22,85.2288
2015-06-19,86.1926
2015-06-18,84.9824
2015-06-17,85.0319
2015-06-16,84.4421
2015-06-15,84.7331
2015-06-12,85.3173
2015-06-11,84.8707
2015-06-10,83.9571
2015-06-09,85.2131
2015-06-08,85.81700000000001
2015-06-05,86.325
2015-06-04,85.7536
2015-06-03,83.0174
2015-06-02,81.4246
2015-06-01,81.0667
2015-05-29,80.1447
2015-05-28,80.9314
2015-05-27,79.4581
2015-05-26,77.8523
2015-05-22,77.3461
2015-05-21,78.2733
2015-05-20,77.612
2015-05-19,76.7876
2015-05-18,76.9281
2015-05-15,78.2621
2015-05-14,79.0314
2015-05-13,77.4024
2015-05-12,78.4168
2015-05-11,80.3763
2015-05-08,78.5751
2015-05-07,76.6612
2015-05-06,76.8728
2015-05-05,76.793
2015-05-01,78.801
2015-04-30,79.3066
2015-04-29,78.8579
2015-04-28,79.0642
2015-04-27,78.8006
2015-04-24,77.8344
2015-04-23,76.7212
2015-04-22,79.5404
2015-04-21,80.0802
2015-04-20,79.0644
2015-04-17,78.5527
2015-04-16,74.5099
2015-04-15,74.6274
2015-04-14,75.8246
2015-04-13,77.2878
2015-04-10,76.1046
2015-04-09,77.5505
2015-04-08,80.6102
2015-04-07,81.7101
2015-04-02,84.0243
2015-04-01,85.3587
2015-03-31,86.3064
2015-03-30,85.5861
2015-03-27,85.9368
2015-03-26,85.1543
2015-03-25,85.8455
2015-03-24,86.01700000000001
2015-03-23,87.7326
2015-03-20,88.5309
2015-03-19,88.1209
2015-03-18,89.5016
2015-03-17,90.9378
2015-03-16,92.3402
2015-03-13,91.0162
2015-03-12,91.2037
2015-03-11,92.8593
2015-03-10,93.9992
2015-03-09,91.1791
2015-03-06,90.9278
2015-03-05,92.6638
2015-03-04,95.0022
2015-03-03,95.5047
2015-03-02,95.5939
2015-02-27,95.464
2015-02-26,93.9162
2015-02-25,96.4608
2015-02-24,97.1111
2015-02-23,97.8926
2015-02-20,95.3726
2015-02-19,96.273
2015-02-18,94.765
2015-02-17,96.9465
2015-02-16,97.0861
2015-02-13,97.1421
2015-02-12,101.3497
2015-02-11,102.0257
2015-02-10,101.1585
2015-02-09,100.0582
2015-02-06,102.2802
2015-02-05,102.1411
2015-02-04,103.0512
2015-02-03,100.2738
2015-02-02,103.3506
2015-01-30,105.7507
2015-01-29,104.1082
2015-01-28,102.7892
2015-01-27,102.2369
2015-01-26,99.7016
2015-01-23,96.1889
2015-01-22,96.9125
2015-01-21,98.6395
2015-01-20,99.4969
2015-01-19,98.2542
2015-01-16,98.3403
2015-01-15,98.5523
2015-01-14,100.5713
2015-01-13,99.5925
2015-01-12,95.295
2015-01-09,92.7815
2015-01-08,90.7371
2015-01-07,94.7086
2015-01-06,93.7506
2015-01-05,90.7854
2015-01-02,90.5199
2014-12-31,92.5898
2014-12-30,86.6568
2014-12-29,88.7156
2014-12-24,84.7389
2014-12-23,85.5573
2014-12-22,87.4943
2014-12-19,92.5379
2014-12-18,96.0006
2014-12-17,97.2682
2014-12-16,113.8787
2014-12-15,98.8757
2014-12-12,90.3299
2014-12-11,87.4104
2014-12-10,85.8878
2014-12-09,85.0881
2014-12-08,83.7326
2014-12-05,82.5986
2014-12-04,85.4472
2014-12-03,83.1532
2014-12-02,84.4425
2014-12-01,81.55
2014-11-28,77.5412
2014-11-27,75.5874
2014-11-26,74.5627
2014-11-25,72.0329
2014-11-24,70.3653
2014-11-21,71.6892
2014-11-20,72.6868
2014-11-19,73.3466
2014-11-18,73.2851
2014-11-17,74.014
2014-11-14,73.8214
2014-11-13,73.3023
2014-11-12,72.2085
2014-11-11,73.7388
2014-11-10,72.471
2014-11-07,74.2185
2014-11-06,74.0571
2014-11-05,71.4095
2014-11-04,69.8229
2014-11-03,69.6337
2014-10-31,68.7474
2014-10-30,66.6292
2014-10-29,69.1032
2014-10-28,68.6557
2014-10-27,68.2345
2014-10-24,67.4561
2014-10-23,66.9096
2014-10-22,66.3288
2014-10-21,66.0396
2014-10-20,66.2194
2014-10-17,65.4552
2014-10-16,65.5647
2014-10-15,64.8533
2014-10-14,65.0481
2014-10-13,65.0225
2014-10-10,64.7315
2014-10-09,64.7813
2014-10-08,64.5025
2014-10-07,64.2516
2014-10-06,63.8239
2014-10-03,63.7463
2014-10-02,63.8998
2014-10-01,64.2773
2014-09-30,64.12899999999999
2014-09-29,64.1197
2014-09-26,63.5644
2014-09-25,62.8068
2014-09-24,62.4415
2014-09-23,63.1292
2014-09-22,63.1319
2014-09-19,62.7686
2014-09-18,62.937
2014-09-17,62.6589
2014-09-16,62.7985
2014-09-15,62.3507
2014-09-12,61.4449
2014-09-11,60.9019
2014-09-10,60.2748
2014-09-09,59.6824
2014-09-08,59.8983
2014-09-05,60.4171
2014-09-04,60.6324
2014-09-03,60.5919
2014-09-02,61.7956
2014-09-01,61.9012
2014-08-29,61.6016
2014-08-28,60.9811
2014-08-27,60.025
2014-08-26,59.8488
2014-08-22,59.8923
2014-08-21,59.9163
2014-08-20,60.3492
2014-08-19,60.138000000000005
2014-08-18,60.348
2014-08-15,60.3321
2014-08-14,60.1489
2014-08-13,60.2153
2014-08-12,60.7167
2014-08-11,60.4448
2014-08-08,60.9059
2014-08-07,61.1266
2014-08-06,60.8378
2014-08-05,60.5914
2014-08-04,60.3546
2014-08-01,60.193999999999996
2014-07-31,60.247
2014-07-30,60.1874
2014-07-29,60.4684
2014-07-28,60.401
2014-07-25,59.5441
2014-07-24,59.4811
2014-07-23,59.3649
2014-07-22,59.6629
2014-07-21,60.0688
2014-07-18,59.9222
2014-07-17,59.7116
2014-07-16,59.0088
2014-07-15,58.9333
2014-07-14,58.6665
2014-07-11,58.4119
2014-07-10,58.2031
2014-07-09,58.2195
2014-07-08,58.6702
2014-07-07,59.0257
2014-07-04,59.1092
2014-07-03,58.7348
2014-07-02,58.9335
2014-07-01,58.8305
2014-06-30,58.2076
2014-06-27,57.4154
2014-06-26,57.2473
2014-06-25,57.2387
2014-06-24,57.1677
2014-06-23,58.1313
2014-06-20,58.6483
2014-06-19,58.5754
2014-06-18,58.4912
2014-06-17,59.1115
2014-06-16,58.8522
2014-06-13,58.3492
2014-06-12,57.827
2014-06-11,57.7667
2014-06-10,57.4483
2014-06-09,57.7168
2014-06-06,57.8055
2014-06-05,58.327
2014-06-04,58.7856
2014-06-03,58.6625
2014-06-02,58.4506
2014-05-30,58.4658
2014-05-29,57.946000000000005
2014-05-28,57.7961
2014-05-27,57.8065
2014-05-23,57.4919
2014-05-22,57.8264
2014-05-21,58.0983
2014-05-20,58.2047
2014-05-19,58.0658
2014-05-16,58.4808
2014-05-15,58.3433
2014-05-14,58.2497
2014-05-13,58.6215
2014-05-12,59.2418
2014-05-09,59.4445
2014-05-08,59.4076
2014-05-07,59.2223
2014-05-06,60.1857
2014-05-02,60.4195
2014-05-01,60.1386
2014-04-30,60.1722
2014-04-29,60.0074
2014-04-28,60.3682
2014-04-25,60.5658
2014-04-24,60.0642
2014-04-23,59.9069
2014-04-22,60.0329
2014-04-17,60.0382
2014-04-16,60.6063
2014-04-15,60.4455
2014-04-14,60.1163
2014-04-11,59.5794
2014-04-10,59.5403
2014-04-09,59.8364
2014-04-08,59.638999999999996
2014-04-07,59.1493
2014-04-04,58.5461
2014-04-03,58.9549
2014-04-02,58.8089
2014-04-01,58.3757
2014-03-31,58.5781
2014-03-28,59.3697
2014-03-27,59.1941
2014-03-26,58.8049
2014-03-25,58.8315
2014-03-24,59.5047
2014-03-21,59.785
2014-03-20,59.7456
2014-03-19,59.7361
2014-03-18,60.1388
2014-03-17,60.4235
2014-03-14,60.9243
2014-03-13,60.8669
2014-03-12,60.6161
2014-03-11,60.6303
2014-03-10,60.5242
2014-03-07,60.8472
2014-03-06,60.525
2014-03-05,60.3697
2014-03-04,60.2029
2014-03-03,61.1341
2014-02-28,60.2291
2014-02-27,60.2865
2014-02-26,59.9034
2014-02-25,59.5864
2014-02-24,59.0176
2014-02-21,59.3938
2014-02-20,59.4482
2014-02-19,59.6832
2014-02-18,59.222
2014-02-17,58.8483
2014-02-14,58.8014
2014-02-13,58.5837
2014-02-12,57.7307
2014-02-11,57.3239
2014-02-10,57.0427
2014-02-07,57.0618
2014-02-06,56.6771
2014-02-05,56.8802
2014-02-04,57.3611
2014-02-03,57.701
2014-01-31,57.8742
2014-01-30,57.6853
2014-01-29,58.2115
2014-01-28,57.6702
2014-01-27,57.5864
2014-01-24,57.1357
2014-01-23,56.8672
2014-01-22,56.2934
2014-01-21,55.8706
2014-01-20,55.5022
2014-01-17,55.1689
2014-01-16,54.6046
2014-01-15,54.5469
2014-01-14,54.8365
2014-01-13,54.5002
2014-01-10,54.4673
2014-01-09,54.7065
2014-01-08,54.5939
2014-01-07,54.3266
2014-01-06,54.5255
2014-01-03,54.5242
2014-01-02,54.4147
2013-12-31,54.3027
2013-12-30,54.2144
2013-12-27,53.7333
2013-12-24,53.4023
2013-12-23,53.4179
2013-12-20,53.9555
2013-12-19,53.9592
2013-12-18,53.8723
2013-12-17,53.5458
2013-12-16,53.6775
2013-12-13,53.4984
2013-12-12,53.5133
2013-12-11,53.6494
2013-12-10,53.7278
2013-12-09,53.5999
2013-12-06,53.5208
2013-12-05,53.8632
2013-12-04,54.2253
2013-12-03,54.5588
2013-12-02,54.4318
2013-11-29,54.2089
2013-11-28,54.2148
2013-11-27,54.0315
2013-11-26,53.3172
2013-11-25,53.2497
2013-11-22,53.1629
2013-11-21,53.3167
2013-11-20,53.1647
2013-11-19,52.6718
2013-11-18,52.4438
2013-11-15,52.4921
2013-11-14,52.6208
2013-11-13,52.4486
2013-11-12,52.3361
2013-11-11,52.3355
2013-11-08,52.236999999999995
2013-11-07,51.9806
2013-11-06,52.1137
2013-11-05,52.1817
2013-11-04,51.6247
2013-11-01,51.5769
2013-10-31,51.6088
2013-10-30,51.3528
2013-10-29,51.4699
2013-10-28,51.4861
2013-10-25,51.3626
2013-10-24,51.2203
2013-10-23,51.3638
2013-10-22,51.3847
2013-10-21,51.5542
2013-10-18,51.5264
2013-10-17,51.5848
2013-10-16,51.2699
2013-10-15,51.5024
2013-10-14,51.718999999999994
2013-10-11,51.5024
2013-10-10,51.3543
2013-10-09,51.5452
2013-10-08,51.8678
2013-10-07,51.858000000000004
2013-10-04,51.7229
2013-10-03,51.8653
2013-10-02,52.2814
2013-10-01,52.2449
2013-09-30,52.4516
2013-09-27,52.1369
2013-09-26,51.7313
2013-09-25,51.5839
2013-09-24,50.9696
2013-09-23,50.9898
2013-09-20,50.9126
2013-09-19,50.9059
2013-09-18,51.5684
2013-09-17,51.2442
2013-09-16,51.3983
2013-09-13,51.5692
2013-09-12,51.6458
2013-09-11,51.9569
2013-09-10,51.8068
2013-09-09,52.0544
2013-09-06,52.0753
2013-09-05,52.1486
2013-09-04,52.1026
2013-09-03,52.0056
2013-09-02,51.9404
2013-08-30,51.503
2013-08-29,51.5201
2013-08-28,51.5939
2013-08-27,51.5654
2013-08-23,51.4179
2013-08-22,51.5195
2013-08-21,51.8253
2013-08-20,51.6538
2013-08-19,51.6138
2013-08-16,51.316
2013-08-15,51.3692
2013-08-14,51.408
2013-08-13,51.2354
2013-08-12,51.0539
2013-08-09,51.0258
2013-08-08,51.2436
2013-08-07,51.2412
2013-08-06,50.6974
2013-08-05,50.4587
2013-08-02,50.2362
2013-08-01,50.1606
2013-07-31,50.0791
2013-07-30,50.2555
2013-07-29,50.3959
2013-07-26,50.4564
2013-07-25,49.9819
2013-07-24,49.7183
2013-07-23,49.7076
2013-07-22,49.6912
2013-07-19,49.4453
2013-07-18,49.2649
2013-07-17,49.1497
2013-07-16,49.0579
2013-07-15,49.2865
2013-07-12,49.3799
2013-07-11,49.2598
2013-07-10,49.2247
2013-07-09,49.0165
2013-07-08,49.7285
2013-07-05,49.5946
2013-07-04,50.0286
2013-07-03,50.5925
2013-07-02,50.1525
2013-07-01,50.1839
2013-06-28,49.7933
2013-06-27,49.8611
2013-06-26,50.5866
2013-06-25,50.7177
2013-06-24,50.732
2013-06-21,50.5721
2013-06-20,50.8652
2013-06-19,50.574
2013-06-18,49.9842
2013-06-17,49.9268
2013-06-14,49.6138
2013-06-13,50.2309
2013-06-12,50.5043
2013-06-11,50.6201
2013-06-10,50.2266
2013-06-07,50.0724
2013-06-06,50.0435
2013-06-05,49.4622
2013-06-04,48.853
2013-06-03,48.8293
2013-05-31,48.4242
2013-05-30,48.3146
2013-05-29,47.6916
2013-05-28,47.3452
2013-05-24,47.4374
2013-05-23,47.347
2013-05-22,47.0608
2013-05-21,47.3648
2013-05-20,47.6211
2013-05-17,47.7599
2013-05-16,47.9829
2013-05-15,47.9283
2013-05-14,47.8002
2013-05-13,48.1179
2013-05-10,48.2339
2013-05-09,48.3243
2013-05-08,48.376000000000005
2013-05-07,48.0605
2013-05-03,48.2997
2013-05-02,48.4176
2013-05-01,48.7555
2013-04-30,48.2173
2013-04-29,47.9152
2013-04-26,48.4202
2013-04-25,48.0956
2013-04-24,48.1553
2013-04-23,48.3867
2013-04-22,48.3076
2013-04-19,48.1428
2013-04-18,48.3807
2013-04-17,48.2797
2013-04-16,48.007
2013-04-15,48.0276
2013-04-12,47.6838
2013-04-11,47.4405
2013-04-10,47.2807
2013-04-09,47.6707
2013-04-08,47.7604
2013-04-05,48.5308
2013-04-04,48.0666
2013-04-03,47.7458
2013-04-02,47.2674
2013-03-28,47.2205
2013-03-27,46.9348
2013-03-26,46.8214
2013-03-25,46.9112
2013-03-22,47.0055
2013-03-21,46.9178
2013-03-20,46.6963
2013-03-19,46.7674
2013-03-18,46.585
2013-03-15,46.3706
2013-03-14,46.327
2013-03-13,45.9582
2013-03-12,45.6969
2013-03-11,45.788999999999994
2013-03-08,45.9883
2013-03-07,46.1779
2013-03-06,46.2986
2013-03-05,46.363
2013-03-04,46.3629
2013-03-01,46.1419
2013-02-28,46.4705
2013-02-27,46.2539
2013-02-26,46.3643
2013-02-25,45.9011
2013-02-22,46.488
2013-02-21,46.4118
2013-02-20,46.0506
2013-02-19,46.5069
2013-02-18,46.6335
2013-02-15,46.7951
2013-02-14,46.727
2013-02-13,46.7244
2013-02-12,47.0599
2013-02-11,47.2366
2013-02-08,47.7058
2013-02-07,47.4501
2013-02-06,47.0642
2013-02-05,47.0413
2013-02-04,47.2494
2013-02-01,47.0421
2013-01-31,47.6156
2013-01-30,47.4441
2013-01-29,47.3287
2013-01-28,47.4176
2013-01-25,47.495
2013-01-24,47.4481
2013-01-23,47.8587
2013-01-22,48.0175
2013-01-21,47.9354
2013-01-18,48.0368
2013-01-17,48.3466
2013-01-16,48.5376
2013-01-15,48.7237
2013-01-14,48.5932
2013-01-11,48.9797
2013-01-10,48.7215
2013-01-09,48.6592
2013-01-08,48.6138
2013-01-07,48.8039
2013-01-04,48.7445
2013-01-03,48.8598
2013-01-02,49.1441
2012-12-31,49.3577
2012-12-28,49.1344
2012-12-27,49.0351
2012-12-24,49.6097
2012-12-21,49.8988
2012-12-20,49.8943
2012-12-19,50.0669
2012-12-18,50.0408
2012-12-17,50.217
2012-12-14,49.5458
2012-12-13,49.496
2012-12-12,49.2713
2012-12-11,49.5246
2012-12-10,49.3954
2012-12-07,49.412
2012-12-06,49.6351
2012-12-05,49.5906
2012-12-04,49.6903
2012-12-03,49.7463
2012-11-30,49.545
2012-11-29,49.4997
2012-11-28,49.8157
2012-11-27,49.8342
2012-11-26,49.7048
2012-11-23,49.7222
2012-11-22,49.6983
2012-11-21,49.6782
2012-11-20,49.8243
2012-11-19,50.0551
2012-11-16,50.3625
2012-11-15,50.2134
2012-11-14,50.3014
2012-11-13,50.3999
2012-11-12,50.2103
2012-11-09,50.2812
2012-11-08,50.426
2012-11-07,50.3854
2012-11-06,50.3129
2012-11-05,50.5993
2012-11-02,50.4747
2012-11-01,50.5511
2012-10-31,50.528999999999996
2012-10-30,50.4388
2012-10-29,50.4339
2012-10-26,50.5495
2012-10-25,50.6609
2012-10-24,50.2291
2012-10-23,50.074
2012-10-22,49.8098
2012-10-19,49.4384
2012-10-18,49.6613
2012-10-17,49.7153
2012-10-16,49.7513
2012-10-15,49.9057
2012-10-12,49.918
2012-10-11,49.7706
2012-10-10,49.8317
2012-10-09,49.8744
2012-10-08,49.9403
2012-10-05,50.0323
2012-10-04,50.1623
2012-10-03,50.1437
2012-10-02,50.19
2012-10-01,50.1382
2012-09-28,50.3965
2012-09-27,50.3152
2012-09-26,50.6379
2012-09-25,50.3279
2012-09-24,50.4766
2012-09-21,50.4783
2012-09-20,50.6767
2012-09-19,50.6094
2012-09-18,50.3157
2012-09-17,49.7567
2012-09-14,49.5389
2012-09-13,50.4463
2012-09-12,50.7238
2012-09-11,50.7154
2012-09-10,50.7228
2012-09-07,50.792
2012-09-06,50.9004
2012-09-05,51.4102
2012-09-04,51.3268
2012-09-03,51.3871
2012-08-31,51.3846
2012-08-30,51.5044
2012-08-29,50.928999999999995
2012-08-28,50.6845
2012-08-24,50.3779
2012-08-23,50.3697
2012-08-22,50.365
2012-08-21,50.0629
2012-08-20,50.3777
2012-08-17,50.2933
2012-08-16,50.2083
2012-08-15,50.0938
2012-08-14,49.9599
2012-08-13,50.0306
2012-08-10,49.9492
2012-08-09,49.5348
2012-08-08,49.4551
2012-08-07,49.4125
2012-08-06,49.3497
2012-08-03,49.9344
2012-08-02,50.4855
2012-08-01,50.4242
2012-07-31,50.4261
2012-07-30,50.5261
2012-07-27,50.4302
2012-07-26,50.7281
2012-07-25,50.7006
2012-07-24,50.8742
2012-07-23,50.7475
2012-07-20,50.0874
2012-07-19,50.2405
2012-07-18,50.4491
2012-07-17,50.6648
2012-07-16,50.9398
2012-07-13,50.7072
2012-07-12,50.5136
2012-07-11,50.9327
2012-07-10,50.9955
2012-07-09,51.2112
2012-07-06,50.9083
2012-07-05,50.4897
2012-07-04,50.4236
2012-07-03,50.3969
2012-07-02,51.1352
2012-06-29,50.883
2012-06-28,51.398999999999994
2012-06-27,51.3156
2012-06-26,51.3873
2012-06-25,51.8415
2012-06-22,51.7311
2012-06-21,51.6755
2012-06-20,51.2127
2012-06-19,50.9768
2012-06-18,50.8648
2012-06-15,50.8319
2012-06-14,50.6905
2012-06-13,50.5793
2012-06-12,51.2979
2012-06-11,50.7532
2012-06-08,50.3795
2012-06-07,50.2903
2012-06-06,50.1444
2012-06-01,51.6602
2012-05-31,51.5855
2012-05-30,50.9211
2012-05-29,50.4586
2012-05-28,50.42100000000001
2012-05-25,50.0579
2012-05-24,49.8169
2012-05-23,49.8626
2012-05-22,49.2029
2012-05-21,49.2698
2012-05-18,49.3934
2012-05-17,49.1057
2012-05-16,49.236000000000004
2012-05-15,49.0793
2012-05-14,48.976000000000006
2012-05-11,48.5274
2012-05-10,48.6881
2012-05-09,48.9804
2012-05-08,48.6185
2012-05-04,48.0458
2012-05-03,47.7902
2012-05-02,47.6524
2012-05-01,47.6518
2012-04-30,47.6975
2012-04-27,47.5907
2012-04-26,47.4671
2012-04-25,47.3642
2012-04-24,47.4237
2012-04-23,47.5817
2012-04-20,47.4404
2012-04-19,47.4263
2012-04-18,47.2781
2012-04-17,46.9793
2012-04-16,46.8935
2012-04-13,46.9769
2012-04-12,46.988
2012-04-11,47.1225
2012-04-10,47.1062
2012-04-05,46.6379
2012-04-04,46.8576
2012-04-03,46.5664
2012-04-02,47.02
2012-03-30,47.104
2012-03-29,46.9196
2012-03-28,46.5681
2012-03-27,46.358000000000004
2012-03-26,46.2173
2012-03-23,46.4691
2012-03-22,46.5485
2012-03-21,46.427
2012-03-20,46.3735
2012-03-19,46.3565
2012-03-16,46.2898
2012-03-15,46.0242
2012-03-14,46.3763
2012-03-13,46.3213
2012-03-12,46.2766
2012-03-09,46.1638
2012-03-08,46.4529
2012-03-07,46.6988
2012-03-06,46.6141
2012-03-05,46.5538
2012-03-02,46.4203
2012-03-01,46.6479
2012-02-29,46.4531
2012-02-28,45.9635
2012-02-27,46.0128
2012-02-24,46.2387
2012-02-23,46.4453
2012-02-22,46.4898
2012-02-21,47.0531
2012-02-20,47.2347
2012-02-17,47.3106
2012-02-16,47.5344
2012-02-15,47.1346
2012-02-14,47.1128
2012-02-13,47.2723
2012-02-10,47.3864
2012-02-09,47.0547
2012-02-08,47.0717
2012-02-07,47.2456
2012-02-06,47.5761
2012-02-03,47.6774
2012-02-02,47.6745
2012-02-01,47.7892
2012-01-31,47.7668
2012-01-30,47.7124
2012-01-27,47.4333
2012-01-26,47.5253
2012-01-25,47.8553
2012-01-24,48.036
2012-01-23,48.0911
2012-01-20,48.667
2012-01-19,48.4658
2012-01-18,48.5599
2012-01-17,48.56100000000001
2012-01-16,48.5573
2012-01-13,48.7894
2012-01-12,48.3881
2012-01-11,48.7879
2012-01-10,48.8993
2012-01-09,49.3026
2012-01-06,49.2417
2012-01-05,49.5903
2012-01-04,49.7418
2012-01-03,49.5669
2011-12-30,49.7968
2011-12-29,49.5159
2011-12-28,49.144
2011-12-23,48.8832
2011-12-22,49.1803
2011-12-21,49.6932
2011-12-20,50.1189
2011-12-19,49.8408
2011-12-16,49.6229
2011-12-15,49.28
2011-12-14,49.1683
2011-12-13,49.2678
2011-12-12,49.4467
2011-12-09,49.1624
2011-12-08,49.0966
2011-12-07,49.0331
2011-12-06,48.8354
2011-12-05,48.5133
2011-12-02,48.1092
2011-12-01,48.2351
2011-11-30,48.3075
2011-11-29,48.7553
2011-11-28,48.6946
2011-11-25,48.7723
2011-11-24,48.833999999999996
2011-11-23,48.9002
2011-11-22,48.6895
2011-11-21,48.7098
2011-11-18,48.7277
2011-11-17,48.6363
2011-11-16,48.4642
2011-11-15,48.5271
2011-11-14,48.5617
2011-11-11,48.8318
2011-11-10,48.6537
2011-11-09,48.8438
2011-11-08,48.7225
2011-11-07,48.93
2011-11-04,49.2399
2011-11-03,48.61600000000001
2011-11-02,48.8042
2011-11-01,49.1218
2011-10-31,48.8435
2011-10-28,47.9356
2011-10-27,48.0937
2011-10-26,48.8658
2011-10-25,48.7285
2011-10-24,48.8726
2011-10-21,49.5416
2011-10-20,49.1811
2011-10-19,49.0966
2011-10-18,48.8281
2011-10-17,48.7698
2011-10-14,48.7984
2011-10-13,49.152
2011-10-12,49.0791
2011-10-11,49.2803
2011-10-10,49.3903
2011-10-07,50.0525
2011-10-06,49.7903
2011-10-05,50.2469
2011-10-04,50.403999999999996
2011-10-03,50.4604
2011-09-30,50.2259
2011-09-29,49.9204
2011-09-28,49.7007
2011-09-27,49.7611
2011-09-26,50.4141
2011-09-23,49.4369
2011-09-22,49.1601
2011-09-21,49.1261
2011-09-20,49.3057
2011-09-19,48.9446
2011-09-16,48.2591
2011-09-15,48.0574
2011-09-14,47.9301
2011-09-13,47.7471
2011-09-12,47.8516
2011-09-09,47.588
2011-09-08,47.4558
2011-09-07,47.0768
2011-09-06,47.3998
2011-09-05,47.5079
2011-09-02,47.2133
2011-09-01,46.868
2011-08-31,46.9899
2011-08-30,47.0747
2011-08-26,46.9691
2011-08-25,47.0716
2011-08-24,47.428000000000004
2011-08-23,47.8887
2011-08-22,47.8392
2011-08-19,48.1139
2011-08-18,47.9287
2011-08-17,47.59
2011-08-16,47.1533
2011-08-15,47.0815
2011-08-12,47.5635
2011-08-11,47.8276
2011-08-10,48.0789
2011-08-09,48.1907
2011-08-08,45.9399
2011-08-05,46.4191
2011-08-04,45.85
2011-08-03,45.7649
2011-08-02,45.3138
2011-08-01,45.0862
2011-07-29,45.3712
2011-07-28,45.0879
2011-07-27,44.9922
2011-07-26,45.082
2011-07-25,45.1922
2011-07-22,45.312
2011-07-21,45.5939
2011-07-20,45.1908
2011-07-19,45.3242
2011-07-18,45.2337
2011-07-15,45.3009
2011-07-14,45.3225
2011-07-13,45.1144
2011-07-12,45.0497
2011-07-11,44.9165
2011-07-08,44.9263
2011-07-07,44.575
2011-07-06,44.7408
2011-07-05,44.8478
2011-07-04,44.6904
2011-07-01,44.6841
2011-06-30,44.8211
2011-06-29,44.9121
2011-06-28,44.9836
2011-06-27,45.1696
2011-06-24,45.1337
2011-06-23,45.2267
2011-06-22,45.0723
2011-06-21,45.3562
2011-06-20,45.5255
2011-06-17,45.2975
2011-06-16,45.4276
2011-06-15,45.4679
2011-06-14,45.6088
2011-06-13,45.6172
2011-06-10,45.3412
2011-06-09,45.4701
2011-06-08,45.3819
2011-06-07,45.5942
2011-06-06,45.4901
2011-06-03,45.5541
2011-06-02,45.6062
2011-06-01,45.7601
2011-05-31,46.0768
2011-05-27,46.1858
2011-05-26,46.0941
2011-05-25,46.2986
2011-05-24,45.8764
2011-05-23,45.9605
2011-05-20,45.5522
2011-05-19,45.2357
2011-05-18,45.3041
2011-05-17,45.7183
2011-05-16,45.5596
2011-05-13,45.4314
2011-05-12,45.5179
2011-05-11,45.59
2011-05-10,45.3752
2011-05-09,45.3911
2011-05-06,45.3915
2011-05-05,45.1678
2011-05-04,45.1401
2011-05-03,45.088
2011-04-28,45.8053
2011-04-27,45.8111
2011-04-26,45.7106
2011-04-21,46.3226
2011-04-20,46.0823
2011-04-19,46.2265
2011-04-18,45.9432
2011-04-15,45.8974
2011-04-14,46.2195
2011-04-13,45.8458
2011-04-12,45.6512
2011-04-11,46.0035
2011-04-08,45.9057
2011-04-07,46.0419
2011-04-06,45.9927
2011-04-05,46.0595
2011-04-04,45.6685
2011-04-01,45.4739
2011-03-31,45.5557
2011-03-30,45.847
2011-03-29,45.3633
2011-03-28,45.3318
2011-03-25,45.4618
2011-03-24,45.6855
2011-03-23,46.0659
2011-03-22,46.2294
2011-03-21,46.0481
2011-03-18,46.1099
2011-03-17,46.24
2011-03-16,45.9483
2011-03-15,46.1892
2011-03-14,46.1514
2011-03-11,45.9118
2011-03-10,45.8313
2011-03-09,45.9623
2011-03-08,45.5361
2011-03-07,45.7475
2011-03-04,45.8141
2011-03-03,45.9177
2011-03-02,46.3047
2011-03-01,46.7874
2011-02-28,46.9392
2011-02-25,46.5292
2011-02-24,46.701
2011-02-23,47.3646
2011-02-22,47.32
2011-02-21,47.2991
2011-02-18,47.2804
2011-02-17,47.2756
2011-02-16,46.9523
2011-02-15,47.3517
2011-02-14,46.8912
2011-02-11,46.896
2011-02-10,47.193999999999996
2011-02-09,47.1931
2011-02-08,47.0414
2011-02-07,47.251999999999995
2011-02-04,47.2804
2011-02-03,47.5365
2011-02-02,47.6717
2011-02-01,47.7782
2011-01-31,47.6972
2011-01-28,47.2118
2011-01-27,47.1619
2011-01-26,47.2134
2011-01-25,47.0558
2011-01-24,47.7265
2011-01-21,47.8205
2011-01-20,47.6147
2011-01-19,47.6721
2011-01-18,47.7822
2011-01-17,47.6705
2011-01-14,47.6714
2011-01-13,47.5168
2011-01-12,47.3805
2011-01-11,47.6487
2011-01-10,47.9159
2011-01-07,47.9128
2011-01-06,47.5399
2011-01-05,47.3979
2011-01-04,47.7137
2010-12-31,47.79
2010-12-30,47.0503
2010-12-29,47.0061
2010-12-24,47.0525
2010-12-23,47.137
2010-12-22,47.1979
2010-12-21,47.5786
2010-12-20,47.761
2010-12-17,47.4428
2010-12-16,47.9499
2010-12-15,47.9225
2010-12-14,48.523
2010-12-13,48.7079
2010-12-10,48.865
2010-12-09,48.7906
2010-12-08,49.0737
2010-12-07,49.0952
2010-12-06,49.0164
2010-12-03,49.136
2010-12-02,48.7571
2010-12-01,48.9973
2010-11-30,49.0582
2010-11-29,48.7449
2010-11-26,49.0532
2010-11-25,49.1593
2010-11-24,49.3283
2010-11-23,49.7856
2010-11-22,49.6703
2010-11-19,49.6275
2010-11-18,49.7064
2010-11-17,49.8432
2010-11-16,49.5575
2010-11-15,49.8108
2010-11-12,49.7372
2010-11-11,49.4923
2010-11-10,49.2625
2010-11-09,49.3954
2010-11-08,49.7591
2010-11-05,49.8731
2010-11-04,50.0875
2010-11-03,49.5587
2010-11-02,49.2657
2010-11-01,49.4677
2010-10-29,49.3345
2010-10-28,48.8242
2010-10-27,48.4272
2010-10-26,48.3253
2010-10-25,47.6289
2010-10-22,47.5561
2010-10-21,48.2068
2010-10-20,48.6455
2010-10-19,48.2237
2010-10-18,48.3169
2010-10-15,48.5446
2010-10-14,48.1283
2010-10-13,47.6852
2010-10-12,47.5195
2010-10-11,47.5756
2010-10-08,47.5634
2010-10-07,47.4584
2010-10-06,47.423
2010-10-05,47.8101
2010-10-04,48.2646
2010-10-01,48.1698
2010-09-30,48.1457
2010-09-29,48.0761
2010-09-28,48.1028
2010-09-27,48.3472
2010-09-24,48.6388
2010-09-23,48.7549
2010-09-22,48.549
2010-09-21,48.2529
2010-09-20,48.3926
2010-09-17,48.4536
2010-09-16,48.9629
2010-09-15,48.3801
2010-09-14,47.4381
2010-09-13,47.32899999999999
2010-09-10,47.5135
2010-09-09,47.7218
2010-09-08,47.7279
2010-09-07,47.2159
2010-09-06,47.2177
2010-09-03,47.2912
2010-09-02,47.2766
2010-09-01,47.4831
2010-08-31,47.3027
2010-08-27,47.5168
2010-08-26,47.8437
2010-08-25,47.7612
2010-08-24,47.6028
2010-08-23,47.6019
2010-08-20,47.5548
2010-08-19,47.57899999999999
2010-08-18,47.4599
2010-08-17,47.3866
2010-08-16,47.7869
2010-08-13,47.6043
2010-08-12,47.6476
2010-08-11,47.5943
2010-08-10,47.4202
2010-08-09,47.7519
2010-08-06,47.5736
2010-08-05,47.3191
2010-08-04,47.3547
2010-08-03,47.4616
2010-08-02,47.6441
2010-07-30,47.4607
2010-07-29,47.071999999999996
2010-07-28,47.2092
2010-07-27,47.0306
2010-07-26,46.8708
2010-07-23,46.876000000000005
2010-07-22,46.3133
2010-07-21,46.3091
2010-07-20,46.4927
2010-07-19,46.3951
2010-07-16,46.707
2010-07-15,46.7714
2010-07-14,46.688
2010-07-13,46.515
2010-07-12,46.4083
2010-07-09,46.6823
2010-07-08,46.7802
2010-07-07,47.2219
2010-07-06,47.1355
2010-07-05,47.0775
2010-07-02,47.1475
2010-07-01,47.0392
2010-06-30,46.7316
2010-06-29,47.2063
2010-06-28,46.8325
2010-06-25,46.5867
2010-06-24,46.5249
2010-06-23,46.3268
2010-06-22,45.7141
2010-06-21,45.5868
2010-06-18,45.8526
2010-06-17,45.7536
2010-06-16,46.2882
2010-06-15,46.3874
2010-06-14,46.821000000000005
2010-06-11,45.986000000000004
2010-06-10,46.3016
2010-06-09,46.1127
2010-06-08,45.7258
2010-06-07,46.0999
2010-06-04,45.7325
2010-06-03,45.4859
2010-06-02,45.4919
2010-06-01,45.6397
2010-05-28,44.3964
2010-05-27,44.5531
2010-05-26,44.9031
2010-05-25,45.2834
2010-05-24,44.7585
2010-05-21,44.9738
2010-05-20,45.0307
2010-05-19,44.173
2010-05-18,43.7396
2010-05-17,44.1069
2010-05-14,44.0667
2010-05-13,44.0494
2010-05-12,44.5146
2010-05-11,44.9126
2010-05-10,45.5497
2010-05-07,44.9489
2010-05-06,45.5974
2010-05-05,45.3338
2010-05-04,44.6551
2010-04-30,44.7522
2010-04-29,44.6402
2010-04-28,44.5938
2010-04-27,44.8075
2010-04-26,45.0276
2010-04-23,44.7486
2010-04-22,44.955
2010-04-21,44.8726
2010-04-20,44.7062
2010-04-19,44.6604
2010-04-16,44.7285
2010-04-15,44.9657
2010-04-14,44.8124
2010-04-13,44.7179
2010-04-12,44.6256
2010-04-09,44.812
2010-04-08,44.8583
2010-04-07,44.5751
2010-04-06,44.5792
2010-04-01,44.7839
2010-03-31,44.619
2010-03-30,44.5808
2010-03-29,44.2426
2010-03-26,44.1344
2010-03-25,43.9487
2010-03-24,44.229
2010-03-23,44.4537
2010-03-22,44.5507
2010-03-19,43.9985
2010-03-18,44.6991
2010-03-17,44.6278
2010-03-16,44.50899999999999
2010-03-15,44.3213
2010-03-12,44.4678
2010-03-11,44.324
2010-03-10,44.1974
2010-03-09,44.615
2010-03-08,44.8084
2010-03-05,44.9677
2010-03-04,44.894
2010-03-03,44.8942
2010-03-02,44.6138
2010-03-01,44.8573
2010-02-26,45.519
2010-02-25,45.825
2010-02-24,46.2635
2010-02-23,46.3346
2010-02-22,46.4528
2010-02-19,46.3304
2010-02-18,46.911
2010-02-17,47.2756
2010-02-16,47.1722
2010-02-15,47.3267
2010-02-12,47.2559
2010-02-11,47.1919
2010-02-10,47.1708
2010-02-09,47.3749
2010-02-08,47.7536
2010-02-05,47.4967
2010-02-04,47.6285
2010-02-03,47.8
2010-02-02,48.0978
2010-02-01,48.3372
2010-01-29,48.5927
2010-01-28,49.0024
2010-01-27,49.0676
2010-01-26,49.0401
2010-01-25,48.8005
2010-01-22,48.1573
2010-01-21,48.1206
2010-01-20,48.4249
2010-01-19,48.4905
2010-01-18,48.3663
2010-01-15,48.0575
2010-01-14,48.016999999999996
2010-01-13,48.0688
2010-01-12,47.7133
2010-01-11,47.3694
2010-01-08,47.6685
2010-01-07,47.5939
2010-01-06,47.7872
2010-01-05,47.982
2010-01-04,48.8684
2009-12-31,48.9502
2009-12-30,48.5534
2009-12-29,48.0307
2009-12-24,47.1747
2009-12-23,48.2438
2009-12-22,48.7535
2009-12-21,49.0199
2009-12-18,49.3447
2009-12-17,49.6996
2009-12-16,49.5646
2009-12-15,49.0731
2009-12-14,48.9026
2009-12-11,48.8212
2009-12-10,49.3996
2009-12-09,49.3263
2009-12-08,49.8509
2009-12-07,49.1187
2009-12-04,48.7488
2009-12-03,48.3518
2009-12-02,48.8554
2009-12-01,48.3181
2009-11-30,47.9694
2009-11-27,48.3273
2009-11-26,48.3021
2009-11-25,47.9542
2009-11-24,47.783
2009-11-23,47.8294
2009-11-20,47.8961
2009-11-19,47.9599
2009-11-18,48.1052
2009-11-17,48.4039
2009-11-16,48.0652
2009-11-13,48.1379
2009-11-12,47.7828
2009-11-11,47.4988
2009-11-10,48.0618
2009-11-09,48.146
2009-11-06,48.2277
2009-11-05,48.1079
2009-11-04,48.4015
2009-11-03,48.1176
2009-11-02,47.8144
2009-10-30,47.9867
2009-10-29,48.3299
2009-10-28,47.8186
2009-10-27,47.7884
2009-10-26,47.3669
2009-10-23,47.3287
2009-10-22,48.1746
2009-10-21,48.38
2009-10-20,48.0001
2009-10-19,48.0001
2009-10-16,48.1738
2009-10-15,47.7651
2009-10-14,46.9122
2009-10-13,46.8951
2009-10-12,46.5521
2009-10-09,47.1414
2009-10-08,47.6463
2009-10-07,47.3836
2009-10-06,47.4596
2009-10-05,47.8734
2009-10-02,47.918
2009-10-01,48.0683
2009-09-30,48.0694
2009-09-29,48.0732
2009-09-28,47.8548
2009-09-25,48.0241
2009-09-24,48.2697
2009-09-23,49.218999999999994
2009-09-22,49.321999999999996
2009-09-21,49.1823
2009-09-18,49.3037
2009-09-17,50.1331
2009-09-16,50.4684
2009-09-15,50.6619
2009-09-14,51.1628
2009-09-11,51.1474
2009-09-10,51.4943
2009-09-09,51.3608
2009-09-08,51.7277
2009-09-07,51.5624
2009-09-04,51.8211
2009-09-03,51.8952
2009-09-02,51.9537
2009-09-01,51.6376
2009-08-28,51.5958
2009-08-27,51.3451
2009-08-26,51.2331
2009-08-25,51.2326
2009-08-24,51.5303
2009-08-21,52.3056
2009-08-20,52.465
2009-08-19,52.5818
2009-08-18,52.8147
2009-08-17,52.6075
2009-08-14,52.3637
2009-08-13,52.636
2009-08-12,53.5581
2009-08-11,53.2159
2009-08-10,52.629
2009-08-07,52.7577
2009-08-06,52.6216
2009-08-05,52.9463
2009-08-04,52.5714
2009-08-03,52.4116
2009-07-31,52.3217
2009-07-30,51.9828
2009-07-29,51.7834
2009-07-28,51.1351
2009-07-27,50.68899999999999
2009-07-24,50.8783
2009-07-23,51.4123
2009-07-22,51.2591
2009-07-21,50.996
2009-07-20,51.1554
2009-07-17,51.8792
2009-07-16,52.0198
2009-07-15,52.3131
2009-07-14,52.6314
2009-07-13,52.8176
2009-07-10,52.9903
2009-07-09,51.6484
2009-07-08,51.2013
2009-07-07,50.9214
2009-07-06,50.9838
2009-07-03,51.099
2009-07-02,51.1286
2009-07-01,51.0107
2009-06-30,51.3253
2009-06-29,51.648
2009-06-26,51.4472
2009-06-25,51.032
2009-06-24,51.4114
2009-06-23,51.0427
2009-06-22,51.3619
2009-06-19,51.1612
2009-06-18,50.9116
2009-06-17,50.9277
2009-06-16,51.2254
2009-06-15,51.042
2009-06-12,51.0135
2009-06-11,51.0493
2009-06-10,50.6216
2009-06-09,50.6938
2009-06-08,50.2784
2009-06-05,49.4673
2009-06-04,49.9568
2009-06-03,50.4267
2009-06-02,50.5945
2009-06-01,50.3689
2009-05-29,49.6587
2009-05-28,49.681999999999995
2009-05-27,49.9555
2009-05-26,49.9458
2009-05-22,49.3525
2009-05-21,49.5078
2009-05-20,49.3446
2009-05-19,49.378
2009-05-18,49.1653
2009-05-15,48.9196
2009-05-14,48.7332
2009-05-13,48.5603
2009-05-12,48.9923
2009-05-11,48.7483
2009-05-08,48.8586
2009-05-07,48.963
2009-05-06,49.4119
2009-05-05,49.4726
2009-05-01,49.1314
2009-04-30,49.0149
2009-04-29,48.9917
2009-04-28,49.0468
2009-04-27,48.9147
2009-04-24,48.845
2009-04-23,49.1191
2009-04-22,49.2894
2009-04-21,49.9697
2009-04-20,49.3199
2009-04-17,49.5414
2009-04-16,49.773999999999994
2009-04-15,50.1532
2009-04-14,49.75899999999999
2009-04-09,49.1967
2009-04-08,49.3989
2009-04-07,49.5006
2009-04-06,49.4004
2009-04-03,49.4295
2009-04-02,49.2633
2009-04-01,48.7338
2009-03-31,48.5979
2009-03-30,48.2774
2009-03-27,48.3287
2009-03-26,48.3681
2009-03-25,49.0689
2009-03-24,49.2051
2009-03-23,48.2331
2009-03-20,48.3856
2009-03-19,48.508
2009-03-18,48.1484
2009-03-17,48.435
2009-03-16,48.7937
2009-03-13,48.5278
2009-03-12,48.5683
2009-03-11,48.2759
2009-03-10,48.3652
2009-03-09,48.9873
2009-03-06,50.6234
2009-03-05,50.665
2009-03-04,50.917
2009-03-03,50.9561
2009-03-02,50.6659
2009-02-27,51.1649
2009-02-26,51.2078
2009-02-25,51.066
2009-02-24,51.8983
2009-02-23,52.4522
2009-02-20,51.773999999999994
2009-02-19,51.2786
2009-02-18,51.5459
2009-02-17,51.8012
2009-02-16,50.06
2009-02-13,49.9012
2009-02-12,49.526
2009-02-11,50.4616
2009-02-10,52.3618
2009-02-09,53.3684
2009-02-06,53.4178
2009-02-05,53.1135
2009-02-04,52.7432
2009-02-03,51.7506
2009-02-02,51.2373
2009-01-30,51.5208
2009-01-29,49.9525
2009-01-28,48.4333
2009-01-27,46.8174
2009-01-26,45.8107
2009-01-23,45.2572
2009-01-22,44.943000000000005
2009-01-21,44.9872
2009-01-20,46.0878
2009-01-19,48.174
2009-01-16,48.3017
2009-01-15,47.0617
2009-01-14,46.1625
2009-01-13,45.5915
2009-01-12,46.157
2009-01-09,44.4098
2009-01-08,44.696999999999996
2009-01-07,44.2019
2009-01-06,42.8214
2009-01-05,42.4737
2009-01-02,42.6417
2008-12-31,43.8971
2008-12-30,42.3047
2008-12-29,42.5795
2008-12-24,42.2609
2008-12-23,41.74
2008-12-22,41.8855
2008-12-19,41.957
2008-12-18,41.9181
2008-12-17,42.396
2008-12-16,42.1287
2008-12-15,42.4509
2008-12-12,41.341
2008-12-11,41.5581
2008-12-10,41.2872
2008-12-09,41.3857
2008-12-08,41.5004
2008-12-05,41.104
2008-12-04,41.0497
2008-12-03,41.4001
2008-12-02,41.6723
2008-12-01,41.5888
2008-11-28,42.8557
2008-11-27,42.306000000000004
2008-11-26,42.2553
2008-11-25,41.7819
2008-11-24,41.3929
2008-11-21,40.7519
2008-11-20,40.6968
2008-11-19,41.4602
2008-11-18,41.1901
2008-11-17,41.1142
2008-11-14,40.6137
2008-11-13,40.7441
2008-11-12,41.4839
2008-11-11,42.4718
2008-11-10,42.358000000000004
2008-11-07,42.5806
2008-11-06,42.8895
2008-11-05,43.1951
2008-11-04,43.1196
2008-11-03,42.8476
2008-10-31,43.8291
2008-10-30,43.7584
2008-10-29,43.9088
2008-10-28,42.6511
2008-10-27,42.3517
2008-10-24,42.9094
2008-10-23,43.5893
2008-10-22,43.9109
2008-10-21,45.0692
2008-10-20,45.199
2008-10-17,45.4165
2008-10-16,45.4017
2008-10-15,45.6851
2008-10-14,45.8038
2008-10-13,45.6094
2008-10-10,44.6298
2008-10-09,44.9929
2008-10-08,45.2356
2008-10-07,45.9902
2008-10-06,45.543
2008-10-03,46.0602
2008-10-02,45.626000000000005
2008-10-01,45.5681
2008-09-30,45.7688
2008-09-29,45.7927
2008-09-26,46.1707
2008-09-25,46.1837
2008-09-24,46.2951
2008-09-23,46.4225
2008-09-22,46.3907
2008-09-19,46.4734
2008-09-18,46.1929
2008-09-17,45.8914
2008-09-16,45.4641
2008-09-15,45.8403
2008-09-12,45.6765
2008-09-11,45.1887
2008-09-10,45.0848
2008-09-09,45.0818
2008-09-08,44.9284
2008-09-05,45.0278
2008-09-04,45.0097
2008-09-03,44.7139
2008-09-02,44.2697
2008-09-01,44.4064
2008-08-29,44.8541
2008-08-28,45.038000000000004
2008-08-27,45.2781
2008-08-26,45.3494
2008-08-22,45.2589
2008-08-21,45.6041
2008-08-20,45.3669
2008-08-19,45.6943
2008-08-18,45.7938
2008-08-15,45.8379
2008-08-14,45.5859
2008-08-13,45.2656
2008-08-12,46.1162
2008-08-11,46.6821
2008-08-08,46.3958
2008-08-07,45.9582
2008-08-06,46.1187
2008-08-05,45.9861
2008-08-04,45.9669
2008-08-01,46.3278
2008-07-31,46.4202
2008-07-30,46.4302
2008-07-29,46.4408
2008-07-28,46.4864
2008-07-25,46.5193
2008-07-24,46.382
2008-07-23,46.6391
2008-07-22,46.4339
2008-07-21,46.3498
2008-07-18,46.3387
2008-07-17,46.5701
2008-07-16,46.4387
2008-07-15,46.3511
2008-07-14,46.1396
2008-07-11,46.2756
2008-07-10,46.2302
2008-07-09,46.3851
2008-07-08,46.358000000000004
2008-07-07,46.3061
2008-07-04,46.5761
2008-07-03,46.6061
2008-07-02,46.5788
2008-07-01,46.6904
2008-06-30,46.6607
2008-06-27,46.681000000000004
2008-06-26,46.6482
2008-06-25,46.4476
2008-06-24,46.4716
2008-06-23,46.3884
2008-06-20,46.5121
2008-06-19,46.6394
2008-06-18,46.2952
2008-06-17,46.18600000000001
2008-06-16,46.5248
2008-06-13,46.3307
2008-06-12,46.2091
2008-06-11,46.4313
2008-06-10,46.2595
2008-06-09,46.6112
2008-06-06,46.4355
2008-06-05,46.3686
2008-06-04,46.4834
2008-06-03,46.7758
2008-06-02,46.5776
2008-05-30,46.8332
2008-05-29,46.8646
2008-05-28,46.8079
2008-05-27,46.6021
2008-05-23,46.6906
2008-05-22,46.7926
2008-05-21,46.3156
2008-05-20,46.6659
2008-05-19,46.3579
2008-05-16,46.3672
2008-05-15,46.4598
2008-05-14,46.3769
2008-05-13,46.2895
2008-05-12,46.5379
2008-05-09,46.3039
2008-05-08,46.567
2008-05-07,46.4831
2008-05-06,46.831
2008-05-02,46.9408
2008-05-01,46.9633
2008-04-30,46.8903
2008-04-29,46.6047
2008-04-28,47.1
2008-04-25,46.9435
2008-04-24,46.4825
2008-04-23,46.3683
2008-04-22,46.5369
2008-04-21,46.3198
2008-04-18,47.0073
2008-04-17,46.4506
2008-04-16,46.1413
2008-04-15,46.0724
2008-04-14,46.5032
2008-04-11,46.2638
2008-04-10,46.4892
2008-04-09,46.3971
2008-04-08,46.3751
2008-04-07,46.865
2008-04-04,46.9656
2008-04-03,47.1268
2008-04-02,46.8437
2008-04-01,46.7328
2008-03-31,46.6124
2008-03-28,46.7921
2008-03-27,47.2049
2008-03-26,47.1025
2008-03-25,47.3185
2008-03-20,47.218
2008-03-19,46.8994
2008-03-18,47.4946
2008-03-17,47.0508
2008-03-14,47.9785
2008-03-13,48.0675
2008-03-12,47.9767
2008-03-11,47.8423
2008-03-10,48.0953
2008-03-07,48.0566
2008-03-06,47.9137
2008-03-05,47.6175
2008-03-04,47.6515
2008-03-03,47.6438
2008-02-29,47.7937
2008-02-28,47.7621
2008-02-27,47.9515
2008-02-26,47.9982
2008-02-25,48.0848
2008-02-22,48.1085
2008-02-21,48.0175
2008-02-20,47.7558
2008-02-19,47.8588
2008-02-18,47.9858
2008-02-15,48.2417
2008-02-14,48.5605
2008-02-13,48.4231
2008-02-12,48.2601
2008-02-11,48.1306
2008-02-08,48.158
2008-02-07,48.0876
2008-02-06,48.2648
2008-02-05,48.3993
2008-02-04,48.4165
2008-02-01,48.175
2008-01-31,48.6851
2008-01-30,48.6741
2008-01-29,48.6778
2008-01-28,48.6182
2008-01-25,48.637
2008-01-24,48.3194
2008-01-23,48.2068
2008-01-22,48.328
2008-01-21,48.0764
2008-01-18,47.8783
2008-01-17,48.3427
2008-01-16,48.0457
2008-01-15,47.9178
2008-01-14,47.5557
2008-01-11,47.7208
2008-01-10,47.7943
2008-01-09,47.9343
2008-01-08,48.2728
2008-01-07,48.3138
2008-01-04,48.1842
2008-01-03,48.2047
2008-01-02,48.3969
2007-12-31,48.8537
2007-12-28,48.7643
2007-12-27,49.0
2007-12-24,48.9354
2007-12-21,49.0757
2007-12-20,49.0774
2007-12-19,49.5437
2007-12-18,49.8678
2007-12-17,49.8495
2007-12-14,49.8544
2007-12-13,50.0001
2007-12-12,50.0327
2007-12-11,49.9062
2007-12-10,49.9795
2007-12-07,49.6992
2007-12-06,49.6464
2007-12-05,49.658
2007-12-04,50.2271
2007-12-03,50.6116
2007-11-30,50.3027
2007-11-29,50.3013
2007-11-28,50.5114
2007-11-27,50.4493
2007-11-26,50.2788
2007-11-23,49.995
2007-11-22,50.1087
2007-11-21,50.016000000000005
2007-11-20,50.3321
2007-11-19,50.2428
2007-11-16,50.1329
2007-11-15,50.1293
2007-11-14,50.5063
2007-11-13,50.8484
2007-11-12,50.6594
2007-11-09,51.2451
2007-11-08,51.5622
2007-11-07,51.4958
2007-11-06,51.3272
2007-11-05,51.3045
2007-11-02,51.3146
2007-11-01,51.3982
2007-10-31,51.2463
2007-10-30,51.0574
2007-10-29,50.9384
2007-10-26,50.7604
2007-10-25,50.8838
2007-10-24,50.943000000000005
2007-10-23,50.9683
2007-10-22,50.6292
2007-10-19,50.8756
2007-10-18,50.8187
2007-10-17,50.7534
2007-10-16,50.6922
2007-10-15,50.8108
2007-10-12,50.7314
2007-10-11,50.7093
2007-10-10,50.968
2007-10-09,50.8609
2007-10-08,51.0103
2007-10-05,50.967
2007-10-04,50.9745
2007-10-03,50.8435
2007-10-02,50.9271
2007-10-01,50.7735
2007-09-28,50.7264
2007-09-27,50.5103
2007-09-26,50.3567
2007-09-25,50.3995
2007-09-24,50.5859
2007-09-21,50.6049
2007-09-20,50.4754
2007-09-19,50.3514
2007-09-18,50.6269
2007-09-17,50.6859
2007-09-14,50.9956
2007-09-13,51.4022
2007-09-12,51.5767
2007-09-11,51.6887
2007-09-10,51.7744
2007-09-07,51.785
2007-09-06,51.8536
2007-09-05,51.7609
2007-09-04,51.6527
2007-09-03,51.6856
2007-08-31,51.7376
2007-08-30,51.6801
2007-08-29,51.6905
2007-08-28,51.6526
2007-08-24,51.6728
2007-08-23,51.5846
2007-08-22,51.3483
2007-08-21,51.3254
2007-08-20,51.1929
2007-08-17,51.1421
2007-08-16,51.1253
2007-08-15,51.1066
2007-08-14,51.1342
2007-08-13,51.3612
2007-08-10,51.4332
2007-08-09,51.6336
2007-08-08,51.8204
2007-08-07,51.4391
2007-08-06,51.7672
2007-08-03,51.9891
2007-08-02,52.0224
2007-08-01,51.8922
2007-07-31,51.9264
2007-07-30,51.7517
2007-07-27,51.9027
2007-07-26,52.1699
2007-07-25,52.2715
2007-07-24,52.3333
2007-07-23,52.2707
2007-07-20,52.161
2007-07-19,52.0589
2007-07-18,52.1815
2007-07-17,52.032
2007-07-16,51.8793
2007-07-13,51.7598
2007-07-12,51.7623
2007-07-11,51.8858
2007-07-10,51.7162
2007-07-09,51.7044
2007-07-06,51.7403
2007-07-05,51.6767
2007-07-04,51.6947
2007-07-03,51.7888
2007-07-02,51.6444
2007-06-29,51.716
2007-06-28,51.6685
2007-06-27,51.6017
2007-06-26,51.5795
2007-06-25,51.6922
2007-06-22,51.7349
2007-06-21,51.7177
2007-06-20,51.711000000000006
2007-06-19,51.5504
2007-06-18,51.4142
2007-06-15,51.3733
2007-06-14,51.2844
2007-06-13,51.3824
2007-06-12,51.356
2007-06-11,51.1403
2007-06-08,51.1119
2007-06-07,51.2571
2007-06-06,51.4765
2007-06-05,51.4806
2007-06-04,51.4964
2007-06-01,51.2927
2007-05-31,51.2057
2007-05-30,51.1647
2007-05-29,51.2357
2007-05-25,51.3785
2007-05-24,51.4324
2007-05-23,51.4306
2007-05-22,51.0922
2007-05-21,50.9665
2007-05-18,51.0074
2007-05-17,51.049
2007-05-16,51.0781
2007-05-15,51.0634
2007-05-14,51.0872
2007-05-11,51.1921
2007-05-10,51.2118
2007-05-09,51.4977
2007-05-08,51.371
2007-05-04,51.2896
2007-05-03,51.2284
2007-05-02,51.2268
2007-05-01,51.467
2007-04-30,51.3873
2007-04-27,51.4196
2007-04-26,51.2498
2007-04-25,51.5032
2007-04-24,51.4964
2007-04-23,51.5515
2007-04-20,51.5873
2007-04-19,51.5365
2007-04-18,51.6421
2007-04-17,51.673
2007-04-16,51.3249
2007-04-13,51.2108
2007-04-12,51.1542
2007-04-11,51.2575
2007-04-10,51.0852
2007-04-05,51.086999999999996
2007-04-04,51.3396
2007-04-03,51.3975
2007-04-02,51.3682
2007-03-30,51.0507
2007-03-29,51.0578
2007-03-28,51.056999999999995
2007-03-27,51.0746
2007-03-26,51.1938
2007-03-23,51.1227
2007-03-22,51.123000000000005
2007-03-21,51.0152
2007-03-20,51.0145
2007-03-19,50.6706
2007-03-16,50.5733
2007-03-15,50.5601
2007-03-14,50.5073
2007-03-13,50.5329
2007-03-12,50.4759
2007-03-09,50.6786
2007-03-08,50.6265
2007-03-07,50.5974
2007-03-06,50.5347
2007-03-05,50.5773
2007-03-02,50.9085
2007-03-01,51.2607
2007-02-28,51.2393
2007-02-27,51.3157
2007-02-26,51.3832
2007-02-23,51.3894
2007-02-22,51.242
2007-02-21,51.1786
2007-02-20,51.2848
2007-02-19,51.0573
2007-02-16,51.167
2007-02-15,51.245
2007-02-14,51.4576
2007-02-13,51.2246
2007-02-12,51.4095
2007-02-09,51.3852
2007-02-08,51.5538
2007-02-07,52.1541
2007-02-06,52.2257
2007-02-05,52.0338
2007-02-02,52.1528
2007-02-01,52.1883
2007-01-31,51.8825
2007-01-30,52.0605
2007-01-29,52.0001
2007-01-26,52.0646
2007-01-25,52.2301
2007-01-24,52.1231
2007-01-23,52.5926
2007-01-22,52.4382
2007-01-19,52.4156
2007-01-18,52.3225
2007-01-17,52.3363
2007-01-16,52.0779
2007-01-15,52.2482
2007-01-12,52.0972
2007-01-11,51.641999999999996
2007-01-10,51.3585
2007-01-09,51.3848
2007-01-08,51.0461
2007-01-05,50.8561
2007-01-04,51.3099
2007-01-03,51.3729
2007-01-02,51.9044
2006-12-29,51.519
2006-12-28,51.6463
2006-12-27,51.5674
2006-12-22,51.6258
2006-12-21,51.648
2006-12-20,51.7012
2006-12-19,51.6622
2006-12-18,51.41
2006-12-15,51.5299
2006-12-14,51.673
2006-12-13,51.6982
2006-12-12,51.6318
2006-12-11,51.3504
2006-12-08,51.5096
2006-12-07,51.4948
2006-12-06,51.5864
2006-12-05,51.6284
2006-12-04,51.8076
2006-12-01,51.8379
2006-11-30,51.6269
2006-11-29,51.3488
2006-11-28,51.3033
2006-11-27,51.0835
2006-11-24,51.0096
2006-11-23,50.848
2006-11-22,50.8387
2006-11-21,50.6118
2006-11-20,50.5862
2006-11-17,50.4879
2006-11-16,50.3668
2006-11-15,50.3311
2006-11-14,50.4983
2006-11-13,50.736999999999995
2006-11-10,50.8917
2006-11-09,50.6482
2006-11-08,50.8467
2006-11-07,50.9264
2006-11-06,50.7484
2006-11-03,50.8939
2006-11-02,50.918
2006-11-01,50.9299
2006-10-31,50.9447
2006-10-30,50.9004
2006-10-27,50.7263
2006-10-26,50.5566
2006-10-25,50.4597
2006-10-24,50.3807
2006-10-23,50.3826
2006-10-20,50.5486
2006-10-19,50.423
2006-10-18,50.3414
2006-10-17,50.356
2006-10-16,50.1489
2006-10-13,50.0955
2006-10-12,50.0482
2006-10-11,50.0188
2006-10-10,50.0055
2006-10-09,50.1514
2006-10-06,50.3015
2006-10-05,50.3287
2006-10-04,50.4892
2006-10-03,50.5425
2006-10-02,50.4096
2006-09-29,50.0689
2006-09-28,50.188
2006-09-27,50.5356
2006-09-26,50.787
2006-09-25,50.7825
2006-09-22,50.7313
2006-09-21,50.7491
2006-09-20,50.5692
2006-09-19,50.504
2006-09-18,50.2775
2006-09-15,50.3413
2006-09-14,50.5681
2006-09-13,50.2562
2006-09-12,50.2708
2006-09-11,49.915
2006-09-08,49.998999999999995
2006-09-07,50.1033
2006-09-06,50.2214
2006-09-05,50.486999999999995
2006-09-04,50.8742
2006-09-01,50.9207
2006-08-31,50.8931
2006-08-30,50.9695
2006-08-29,50.7585
2006-08-25,50.5785
2006-08-24,50.6233
2006-08-23,50.68600000000001
2006-08-22,50.5174
2006-08-21,50.5607
2006-08-18,50.2774
2006-08-17,50.6026
2006-08-16,50.787
2006-08-15,50.7425
2006-08-14,50.7316
2006-08-11,50.8225
2006-08-10,50.6545
2006-08-09,50.9195
2006-08-08,50.9604
2006-08-07,50.9917
2006-08-04,50.9435
2006-08-03,50.5551
2006-08-02,50.2834
2006-08-01,50.1077
2006-07-31,50.056999999999995
2006-07-28,50.0151
2006-07-27,49.9716
2006-07-26,49.7459
2006-07-25,49.7434
2006-07-24,49.8254
2006-07-21,49.9633
2006-07-20,49.825
2006-07-19,49.6599
2006-07-18,49.4044
2006-07-17,49.1511
2006-07-14,49.5013
2006-07-13,49.6112
2006-07-12,49.364
2006-07-11,49.5329
2006-07-10,49.5137
2006-07-07,49.6432
2006-07-06,49.3872
2006-07-05,49.3552
2006-07-04,49.5876
2006-07-03,49.5371
2006-06-30,49.6638
2006-06-29,49.1215
2006-06-28,49.2372
2006-06-27,49.2992
2006-06-26,49.2269
2006-06-23,49.3212
2006-06-22,49.4756
2006-06-21,49.758
2006-06-20,49.8342
2006-06-19,49.7217
2006-06-16,49.9921
2006-06-15,50.0056
2006-06-14,49.9291
2006-06-13,49.766000000000005
2006-06-12,49.8274
2006-06-09,49.8436
2006-06-08,49.643
2006-06-07,49.7995
2006-06-06,49.8889
2006-06-05,50.1418
2006-06-02,50.4714
2006-06-01,50.6139
2006-05-31,50.4827
2006-05-30,50.7817
2006-05-26,50.1833
2006-05-25,50.5896
2006-05-24,50.4359
2006-05-23,50.8044
2006-05-22,50.8962
2006-05-19,50.6223
2006-05-18,51.12
2006-05-17,50.8221
2006-05-16,50.8957
2006-05-15,50.8269
2006-05-12,50.9055
2006-05-11,50.7321
2006-05-10,50.3493
2006-05-09,50.4716
2006-05-08,50.3844
2006-05-05,50.3391
2006-05-04,50.152
2006-05-03,50.0071
2006-05-02,49.9789
2006-04-28,49.5401
2006-04-27,49.3915
2006-04-26,48.9667
2006-04-25,48.9992
2006-04-24,48.9198
2006-04-21,48.9792
2006-04-20,48.8283
2006-04-19,49.2036
2006-04-18,48.9465
2006-04-13,48.5455
2006-04-12,48.4818
2006-04-11,48.3723
2006-04-10,48.3056
2006-04-07,48.1821
2006-04-06,48.3317
2006-04-05,48.1775
2006-04-04,48.3976
2006-04-03,48.1804
2006-03-31,48.0675
2006-03-30,48.3646
2006-03-29,48.2314
2006-03-28,48.5031
2006-03-27,48.5705
2006-03-24,48.4848
2006-03-23,48.2535
2006-03-22,48.4442
2006-03-21,48.4975
2006-03-20,48.5519
2006-03-17,48.5038
2006-03-16,48.6661
2006-03-15,48.5726
2006-03-14,48.8047
2006-03-13,48.4781
2006-03-10,48.3998
2006-03-09,48.717
2006-03-08,48.7003
2006-03-07,48.6975
2006-03-06,48.897
2006-03-03,48.9129
2006-03-02,48.9457
2006-03-01,49.1413
2006-02-28,49.08
2006-02-27,48.928000000000004
2006-02-24,49.1784
2006-02-23,49.3673
2006-02-22,49.1143
2006-02-21,49.1362
2006-02-20,49.1226
2006-02-17,49.0574
2006-02-16,48.9658
2006-02-15,49.2101
2006-02-14,48.8214
2006-02-13,49.1553
2006-02-10,49.2874
2006-02-09,49.1751
2006-02-08,49.2386
2006-02-07,49.2404
2006-02-06,49.4601
2006-02-03,49.7411
2006-02-02,50.0734
2006-02-01,50.0599
2006-01-31,49.9856
2006-01-30,49.7711
2006-01-27,49.6328
2006-01-26,49.9965
2006-01-25,49.9501
2006-01-24,49.9599
2006-01-23,49.9945
2006-01-20,49.8079
2006-01-19,49.7733
2006-01-18,49.8167
2006-01-17,49.876000000000005
2006-01-16,49.9663
2006-01-13,50.3691
2006-01-12,50.2132
2006-01-11,50.082
2006-01-10,50.2924
2006-01-09,50.571000000000005
2006-01-06,50.7975
2006-01-05,50.3302
2006-01-04,50.5762
2006-01-03,49.986999999999995
2005-12-30,49.3375
2005-12-29,49.703
2005-12-28,49.6397
2005-12-23,49.849
2005-12-22,49.9853
2005-12-21,50.1319
2005-12-20,50.5562
2005-12-19,50.508
2005-12-16,50.7693
2005-12-15,50.5335
2005-12-14,50.7899
2005-12-13,50.8618
2005-12-12,50.9299
2005-12-09,50.6812
2005-12-08,50.6352
2005-12-07,50.2291
2005-12-06,50.2599
2005-12-05,50.2456
2005-12-02,50.1596
2005-12-01,49.9336
2005-11-30,49.8423
2005-11-29,49.428999999999995
2005-11-28,49.5225
2005-11-25,49.4168
2005-11-24,49.5759
2005-11-23,49.5032
2005-11-22,49.3667
2005-11-21,49.3619
2005-11-18,49.42100000000001
2005-11-17,49.5978
2005-11-16,49.5439
2005-11-15,50.0573
2005-11-14,50.1713
2005-11-11,50.243
2005-11-10,50.382
2005-11-09,50.2062
2005-11-08,50.1977
2005-11-07,50.141999999999996
2005-11-04,50.0065
2005-11-03,50.7552
2005-11-02,50.6544
2005-11-01,50.506
2005-10-31,50.5512
2005-10-28,50.556000000000004
2005-10-27,50.7044
2005-10-26,50.6027
2005-10-25,50.8437
2005-10-24,50.5578
2005-10-21,50.7266
2005-10-20,50.673
2005-10-19,50.3716
2005-10-18,50.0728
2005-10-17,50.0941
2005-10-14,50.4175
2005-10-13,50.1236
2005-10-12,50.0388
2005-10-11,49.9288
2005-10-10,50.0045
2005-10-07,50.1583
2005-10-06,50.5314
2005-10-05,50.2997
2005-10-04,50.3957
2005-10-03,50.2974
2005-09-30,50.3356
2005-09-29,50.2646
2005-09-28,50.282
2005-09-27,50.4024
2005-09-26,50.656000000000006
2005-09-23,50.6015
2005-09-22,50.8153
2005-09-21,51.3896
2005-09-20,51.2247
2005-09-19,51.3043
2005-09-16,51.2055
2005-09-15,51.1835
2005-09-14,51.708
2005-09-13,51.7317
2005-09-12,51.7255
2005-09-09,52.0253
2005-09-08,52.0305
2005-09-07,51.9503
2005-09-06,52.0233
2005-09-05,51.9073
2005-09-02,52.071999999999996
2005-09-01,51.9775
2005-08-31,51.2535
2005-08-30,50.9664
2005-08-26,51.419
2005-08-25,51.3086
2005-08-24,51.2151
2005-08-23,51.3923
2005-08-22,51.4581
2005-08-19,51.2422
2005-08-18,51.2766
2005-08-17,51.5335
2005-08-16,51.5007
2005-08-15,51.4033
2005-08-12,51.3883
2005-08-11,51.236999999999995
2005-08-10,51.0067
2005-08-09,50.7049
2005-08-08,50.751999999999995
2005-08-05,50.4139
2005-08-04,50.6133
2005-08-03,50.7113
2005-08-02,50.6003
2005-08-01,50.5798
2005-07-29,50.3824
2005-07-28,50.2299
2005-07-27,50.0056
2005-07-26,50.0595
2005-07-25,49.9917
2005-07-22,49.9005
2005-07-21,49.8759
2005-07-20,49.566
2005-07-19,49.9068
2005-07-18,50.2056
2005-07-15,50.3219
2005-07-14,50.4529
2005-07-13,50.2634
2005-07-12,50.6853
2005-07-11,50.4099
2005-07-07,50.1813
2005-07-06,50.6862
2005-07-05,50.5414
2005-07-04,50.7049
2005-07-01,50.7503
2005-06-30,51.3193
2005-06-29,51.7559
2005-06-28,52.0682
2005-06-27,52.1563
2005-06-24,52.1861
2005-06-23,52.1486
2005-06-22,52.0917
2005-06-21,52.1964
2005-06-20,52.0314
2005-06-17,52.0137
2005-06-16,51.9489
2005-06-15,51.9769
2005-06-14,51.599
2005-06-13,51.3095
2005-06-10,51.6514
2005-06-09,51.7294
2005-06-08,52.1396
2005-06-07,51.9821
2005-06-06,51.6887
2005-06-03,51.5322
2005-06-02,51.5325
2005-06-01,51.5353
2005-05-31,51.4683
2005-05-27,51.2039
2005-05-26,51.1743
2005-05-25,51.31100000000001
2005-05-24,51.2171
2005-05-23,51.3174
2005-05-20,51.1421
2005-05-19,51.3667
2005-05-18,51.3632
2005-05-17,51.4872
2005-05-16,51.3918
2005-05-13,51.8924
2005-05-12,51.9864
2005-05-11,52.2122
2005-05-10,52.4064
2005-05-09,52.3786
2005-05-06,52.6512
2005-05-05,52.9098
2005-05-04,52.8567
2005-05-03,52.6153
2005-04-29,53.0617
2005-04-28,53.0982
2005-04-27,52.8877
